state,district,code,sn,candidate,gender,party,votes,remark,source_file
Abia,ABIA CENTRAL,SD/002/AB,1,EHICHANYA OBINNAYA,M,A,40,,Abia_ABIA-CENTRAL.pdf
Abia,ABIA CENTRAL,SD/002/AB,2,NWOKO QUINET IFUNANYACHUKWU,F,ACD,76,,Abia_ABIA-CENTRAL.pdf
Abia,ABIA CENTRAL,SD/002/AB,3,IKECHUKWU EVEREST EGEONU,M,ADC,297,,Abia_ABIA-CENTRAL.pdf
Abia,ABIA CENTRAL,SD/002/AB,4,NWAOGU NKECHI JUSTINA WOKOCHA,F,APC,29860,,Abia_ABIA-CENTRAL.pdf
Abia,ABIA CENTRAL,SD/002/AB,5,AJAEGBU CHIDI ONYEUKWU,M,APGA,19534,,Abia_ABIA-CENTRAL.pdf
Abia,ABIA CENTRAL,SD/002/AB,6,UGOCHUKWU DENNAR,M,DA,68,,Abia_ABIA-CENTRAL.pdf
Abia,ABIA CENTRAL,SD/002/AB,7,UGWA IFEYINWA ADANNE,F,FJP,62,,Abia_ABIA-CENTRAL.pdf
Abia,ABIA CENTRAL,SD/002/AB,8,OCHUAJA STEPHEN,M,GPN,14,,Abia_ABIA-CENTRAL.pdf
Abia,ABIA CENTRAL,SD/002/AB,9,OKOCHUKWU UWAEME,M,JMPP,50,,Abia_ABIA-CENTRAL.pdf
Abia,ABIA CENTRAL,SD/002/AB,10,UGELE UCHECHUKWU EMMANUEL,M,LP,365,,Abia_ABIA-CENTRAL.pdf
Abia,ABIA CENTRAL,SD/002/AB,11,ORJI THEODORE AHAMFULE,M,PDP,55461,Declared Elected,Abia_ABIA-CENTRAL.pdf
Abia,ABIA CENTRAL,SD/002/AB,12,OVUFE CHIGEKWU,M,PT,114,,Abia_ABIA-CENTRAL.pdf
Abia,ABIA CENTRAL,SD/002/AB,13,NWOSU CHIDI,M,SDP,753,,Abia_ABIA-CENTRAL.pdf
Abia,ABIA CENTRAL,SD/002/AB,14,NWOSU OZOEMELAM KENNETH,M,UPP,98,,Abia_ABIA-CENTRAL.pdf
Abia,ABIA CENTRAL,SD/002/AB,15,ESONU DANIEL,M,ZLP,29,,Abia_ABIA-CENTRAL.pdf
Abia,ABIA NORTH,SD/001/AB,1,EZUMA ODILICHUKWU,MALE,ADC,170,,Abia_ABIA-NORTH.pdf
Abia,ABIA NORTH,SD/001/AB,2,UKWA ORJI UKIWE EMEKA,MALE,ANP,93,,Abia_ABIA-NORTH.pdf
Abia,ABIA NORTH,SD/001/AB,3,KALU ORJI UZOR,MALE,APC,31201,Declared Elected,Abia_ABIA-NORTH.pdf
Abia,ABIA NORTH,SD/001/AB,4,ONUOHA BOURDEX DAVID OGBA,MALE,APGA,11410,,Abia_ABIA-NORTH.pdf
Abia,ABIA NORTH,SD/001/AB,5,MR OBINNA ELENDU,MALE,DA,46,,Abia_ABIA-NORTH.pdf
Abia,ABIA NORTH,SD/001/AB,6,AGUKU JOHN A.,MALE,ID,15,,Abia_ABIA-NORTH.pdf
Abia,ABIA NORTH,SD/001/AB,7,EGBEBU KALU NMAJU,MALE,LP,130,,Abia_ABIA-NORTH.pdf
Abia,ABIA NORTH,SD/001/AB,8,OHUABUNWA ARUKWE MAO,MALE,PDP,20801,,Abia_ABIA-NORTH.pdf
Abia,ABIA NORTH,SD/001/AB,9,JAMES JUSTICE MADUA,MALE,PPC,76,,Abia_ABIA-NORTH.pdf
Abia,ABIA NORTH,SD/001/AB,10,OBIAMA NWAFOR MBA,MALE,PT,38,,Abia_ABIA-NORTH.pdf
Abia,ABIA NORTH,SD/001/AB,11,NWEKE CHUKWUDI,MALE,RBNP,37,,Abia_ABIA-NORTH.pdf
Abia,ABIA NORTH,SD/001/AB,12,ENYIOMA AMBROSE UCHENNA,MALE,RP,27,,Abia_ABIA-NORTH.pdf
Abia,ABIA NORTH,SD/001/AB,13,IGBOKWE CHINYERE,MALE,SDP,429,,Abia_ABIA-NORTH.pdf
Abia,ABIA NORTH,SD/001/AB,14,UDE CHARLES,MALE,UDP,5,,Abia_ABIA-NORTH.pdf
Abia,ABIA NORTH,SD/001/AB,15,NWAKWUO VICTOR UGICHUKWU,MALE,UPP,37,,Abia_ABIA-NORTH.pdf
Abia,ABIA NORTH,SD/001/AB,16,CHIDIEBERE NWANNOH,MALE,ZLP,21,,Abia_ABIA-NORTH.pdf
Abia,ABIA SOUTH,SD/003/AB,1,OGBUGO CHINEDU OLEDI UWA,F,ADC,295,,Abia_ABIA-SOUTH.pdf
Abia,ABIA SOUTH,SD/003/AB,2,UCHEAGWU IJEOMA MORGAN,F,ANP,57,,Abia_ABIA-SOUTH.pdf
Abia,ABIA SOUTH,SD/003/AB,3,WABARA INYANAGBO MARCUS,M,APC,9419,,Abia_ABIA-SOUTH.pdf
Abia,ABIA SOUTH,SD/003/AB,4,NKWONTA CHRIS,M,APGA,27998,,Abia_ABIA-SOUTH.pdf
Abia,ABIA SOUTH,SD/003/AB,5,GALDRE EZE,M,DA,75,,Abia_ABIA-SOUTH.pdf
Abia,ABIA SOUTH,SD/003/AB,6,MGBEMENA IFEANYI UDUEZE,M,JMPP,1,,Abia_ABIA-SOUTH.pdf
Abia,ABIA SOUTH,SD/003/AB,7,IJOMA MOSES OKEY,M,LP,534,,Abia_ABIA-SOUTH.pdf
Abia,ABIA SOUTH,SD/003/AB,8,ABARIBE ENYINNAYA HARCOURT,M,PDP,53086,,Abia_ABIA-SOUTH.pdf
Abia,ABIA SOUTH,SD/003/AB,9,ADIKWUM JOHN C,M,PT,30,,Abia_ABIA-SOUTH.pdf
Abia,ABIA SOUTH,SD/003/AB,10,CHIGOZIRIM INNOCENT AHAIWE,M,RP,20,,Abia_ABIA-SOUTH.pdf
Abia,ABIA SOUTH,SD/003/AB,11,NWANKWOJI DENNIS NWANOSIKE,M,SDP,711,,Abia_ABIA-SOUTH.pdf
Abia,ABIA SOUTH,SD/003/AB,12,MADUFORO DAVID CHINEDU,M,UPP,283,,Abia_ABIA-SOUTH.pdf
Abia,ABIA SOUTH,SD/003/AB,13,JOSEPHINE OSONDU,F,ZLP,24,,Abia_ABIA-SOUTH.pdf
Adamawa,ADAMAWA CENTRAL,SD/006/AD,1,HUSSAINI KOLO,MALE,ACD,714,,Adamawa_ADAMAWA-CENTRAL.pdf
Adamawa,ADAMAWA CENTRAL,SD/006/AD,2,MUSTAPHA UMAR MADAWAKI,MALE,ADC,36030,,Adamawa_ADAMAWA-CENTRAL.pdf
Adamawa,ADAMAWA CENTRAL,SD/006/AD,3,GARBA AHAJI SALIHU,MALE,ANP,1553,,Adamawa_ADAMAWA-CENTRAL.pdf
Adamawa,ADAMAWA CENTRAL,SD/006/AD,4,DAHIRU AISHATU AHMED,FEMALE,APC,188526,,Adamawa_ADAMAWA-CENTRAL.pdf
Adamawa,ADAMAWA CENTRAL,SD/006/AD,5,ILIYASU MUSTAPHA,MALE,DA,479,,Adamawa_ADAMAWA-CENTRAL.pdf
Adamawa,ADAMAWA CENTRAL,SD/006/AD,6,COMRADE ALFRED AFRICANUS,MALE,JMPP,578,,Adamawa_ADAMAWA-CENTRAL.pdf
Adamawa,ADAMAWA CENTRAL,SD/006/AD,7,SHALLANGWA BUNU MAHMUD,MALE,KP,355,,Adamawa_ADAMAWA-CENTRAL.pdf
Adamawa,ADAMAWA CENTRAL,SD/006/AD,8,YUSUF GIFT SHALLANGWA,FEMALE,NPM,653,,Adamawa_ADAMAWA-CENTRAL.pdf
Adamawa,ADAMAWA CENTRAL,SD/006/AD,9,MODIBBO MURTALA MOHAMMED,MALE,PDP,96530,,Adamawa_ADAMAWA-CENTRAL.pdf
Adamawa,ADAMAWA CENTRAL,SD/006/AD,10,ILIYASU SHUAIBU,MALE,PPN,341,,Adamawa_ADAMAWA-CENTRAL.pdf
Adamawa,ADAMAWA CENTRAL,SD/006/AD,11,YERIMA DANTATA,MALE,PT,255,,Adamawa_ADAMAWA-CENTRAL.pdf
Adamawa,ADAMAWA CENTRAL,SD/006/AD,12,ISMAILA YAMUSA,MALE,SDP,4065,,Adamawa_ADAMAWA-CENTRAL.pdf
Adamawa,ADAMAWA NORTH,SD/004/AD,1,CHARLES DANIEL,MALE,ACD,237,,Adamawa_ADAMAWA-NORTH.pdf
Adamawa,ADAMAWA NORTH,SD/004/AD,2,PAWA MAYRAM E.,FEMALE,ADC,13001,,Adamawa_ADAMAWA-NORTH.pdf
Adamawa,ADAMAWA NORTH,SD/004/AD,3,WADUMNA WABULARI,FEMALE,AGA,794,,Adamawa_ADAMAWA-NORTH.pdf
Adamawa,ADAMAWA NORTH,SD/004/AD,4,GARBA MASI BINTA,FEMALE,APC,63219,,Adamawa_ADAMAWA-NORTH.pdf
Adamawa,ADAMAWA NORTH,SD/004/AD,5,ISA AHMED HATYATU,MALE,APDA,301,,Adamawa_ADAMAWA-NORTH.pdf
Adamawa,ADAMAWA NORTH,SD/004/AD,6,SHEIK IBRAHIM MUHAMMAD,MALE,APM,237,,Adamawa_ADAMAWA-NORTH.pdf
Adamawa,ADAMAWA NORTH,SD/004/AD,7,MICHIKA SAIFUL-MULUK SALEH,MALE,ASD,1100,,Adamawa_ADAMAWA-NORTH.pdf
Adamawa,ADAMAWA NORTH,SD/004/AD,8,SHARHABILU IYAH,MALE,DA,78,,Adamawa_ADAMAWA-NORTH.pdf
Adamawa,ADAMAWA NORTH,SD/004/AD,9,LYDIA ZIRA,FEMALE,JMPP,99,,Adamawa_ADAMAWA-NORTH.pdf
Adamawa,ADAMAWA NORTH,SD/004/AD,10,ISHAKU ELISHA CLIFF,MALE,PDP,79337,ELECTED,Adamawa_ADAMAWA-NORTH.pdf
Adamawa,ADAMAWA NORTH,SD/004/AD,11,MARK MOSES,MALE,PPC,191,,Adamawa_ADAMAWA-NORTH.pdf
Adamawa,ADAMAWA NORTH,SD/004/AD,12,ZIRA AMOS KWADA,MALE,PPN,76,,Adamawa_ADAMAWA-NORTH.pdf
Adamawa,ADAMAWA NORTH,SD/004/AD,13,VANDI FILLIE,MALE,PT,53,,Adamawa_ADAMAWA-NORTH.pdf
Adamawa,ADAMAWA NORTH,SD/004/AD,14,BUBA ABDULRAHMAN,MALE,SDP,19627,,Adamawa_ADAMAWA-NORTH.pdf
Adamawa,ADAMAWA NORTH,SD/004/AD,15,IBRAHIM TIZHE JAMES,MALE,YPP,75,,Adamawa_ADAMAWA-NORTH.pdf
Adamawa,ADAMAWA SOUTH,SD/005/AD,1,NJIDDA ISMAILA,M,AA,132,,Adamawa_ADAMAWA-SOUTH.pdf
Adamawa,ADAMAWA SOUTH,SD/005/AD,2,ZACHARY USMAN TAHIRU,M,ABP,340,,Adamawa_ADAMAWA-SOUTH.pdf
Adamawa,ADAMAWA SOUTH,SD/005/AD,3,BULUS GODIYA,F,ACD,582,,Adamawa_ADAMAWA-SOUTH.pdf
Adamawa,ADAMAWA SOUTH,SD/005/AD,4,PATRICIA SEUBITTERRE YAKUBU,F,ADC,17423,,Adamawa_ADAMAWA-SOUTH.pdf
Adamawa,ADAMAWA SOUTH,SD/005/AD,5,ABUBAKAR AHMAD MDALLAHYIDI,M,APC,118130,,Adamawa_ADAMAWA-SOUTH.pdf
Adamawa,ADAMAWA SOUTH,SD/005/AD,6,AUWAL GARBA,M,DA,338,,Adamawa_ADAMAWA-SOUTH.pdf
Adamawa,ADAMAWA SOUTH,SD/005/AD,7,HAMIS BN ABDULKARIM,M,KP,1088,,Adamawa_ADAMAWA-SOUTH.pdf
Adamawa,ADAMAWA SOUTH,SD/005/AD,8,AMINU MUHAMMAD BALA,M,MRDD,178,,Adamawa_ADAMAWA-SOUTH.pdf
Adamawa,ADAMAWA SOUTH,SD/005/AD,9,YAROE BINOS DAUDA,M,PDP,164741,ELECTED,Adamawa_ADAMAWA-SOUTH.pdf
Adamawa,ADAMAWA SOUTH,SD/005/AD,10,YONGO ANTHONY TOUGH,M,PPC,1866,,Adamawa_ADAMAWA-SOUTH.pdf
Adamawa,ADAMAWA SOUTH,SD/005/AD,11,MBASALA REUBEN BASHAN,M,PPN,245,,Adamawa_ADAMAWA-SOUTH.pdf
Adamawa,ADAMAWA SOUTH,SD/005/AD,12,NUHU AGNESS,F,PT,175,,Adamawa_ADAMAWA-SOUTH.pdf
Adamawa,ADAMAWA SOUTH,SD/005/AD,13,MAHALAILU CALVIN ERISON,M,SDP,3005,,Adamawa_ADAMAWA-SOUTH.pdf
Akwa Ibom,AKWA IBOM NORTH EAST,SD/007/AK,1,EKPO EMMANUEL IME,MALE,AAP,166,,Akwa-Ibom_AKWA-IBOM-NORTH-EAST.pdf
Akwa Ibom,AKWA IBOM NORTH EAST,SD/007/AK,2,PRINCE WISDOM NYONG OBOT,MALE,AGAP,110,,Akwa-Ibom_AKWA-IBOM-NORTH-EAST.pdf
Akwa Ibom,AKWA IBOM NORTH EAST,SD/007/AK,3,ETIM BASSEY EFFIONG,MALE,APC,60930,,Akwa-Ibom_AKWA-IBOM-NORTH-EAST.pdf
Akwa Ibom,AKWA IBOM NORTH EAST,SD/007/AK,4,IBOK EMMANUEL LAWRENCE,MALE,CNP,73,,Akwa-Ibom_AKWA-IBOM-NORTH-EAST.pdf
Akwa Ibom,AKWA IBOM NORTH EAST,SD/007/AK,5,EBIJE MICHEL O,MALE,DA,81,,Akwa-Ibom_AKWA-IBOM-NORTH-EAST.pdf
Akwa Ibom,AKWA IBOM NORTH EAST,SD/007/AK,6,UDUAK ENEFIOR ESSIEN,FEMALE,DPP,187,,Akwa-Ibom_AKWA-IBOM-NORTH-EAST.pdf
Akwa Ibom,AKWA IBOM NORTH EAST,SD/007/AK,7,EFFIOM OKON ACHIBONG,MALE,FJP,76,,Akwa-Ibom_AKWA-IBOM-NORTH-EAST.pdf
Akwa Ibom,AKWA IBOM NORTH EAST,SD/007/AK,8,UDOH DAVID BASSEY,MALE,JMPP,54,,Akwa-Ibom_AKWA-IBOM-NORTH-EAST.pdf
Akwa Ibom,AKWA IBOM NORTH EAST,SD/007/AK,9,UMOHUMOH IMOH EMEM,FEMALE,KP,46,,Akwa-Ibom_AKWA-IBOM-NORTH-EAST.pdf
Akwa Ibom,AKWA IBOM NORTH EAST,SD/007/AK,10,EKPO IMOH GEORGE,MALE,MPN,175,,Akwa-Ibom_AKWA-IBOM-NORTH-EAST.pdf
Akwa Ibom,AKWA IBOM NORTH EAST,SD/007/AK,11,AKPAN BASSEY ALBERT,MALE,PDP,147731,ELECTED,Akwa-Ibom_AKWA-IBOM-NORTH-EAST.pdf
Akwa Ibom,AKWA IBOM NORTH EAST,SD/007/AK,12,DR. DANIEL GREGORY U,MALE,PPN,165,,Akwa-Ibom_AKWA-IBOM-NORTH-EAST.pdf
Akwa Ibom,AKWA IBOM NORTH EAST,SD/007/AK,13,THOMAS MFON FLAMINGO,FEMALE,ZLP,30,,Akwa-Ibom_AKWA-IBOM-NORTH-EAST.pdf
Akwa Ibom,AKWA IBOM NORTH WEST,SD/008/AK,1,OWOIDIGHE AMOS OKON,M,AAP,482,,Akwa-Ibom_AKWA-IBOM-NORTH-WEST.pdf
Akwa Ibom,AKWA IBOM NORTH WEST,SD/008/AK,2,ETOKUKO UDO-ABRAHAM,M,AD,46,,Akwa-Ibom_AKWA-IBOM-NORTH-WEST.pdf
Akwa Ibom,AKWA IBOM NORTH WEST,SD/008/AK,3,EFFIONG CHRISTOPER FRIDAY,M,AGAP,148,,Akwa-Ibom_AKWA-IBOM-NORTH-WEST.pdf
Akwa Ibom,AKWA IBOM NORTH WEST,SD/008/AK,4,AKPABIO GODSWILL OBOT,M,APC,83158,,Akwa-Ibom_AKWA-IBOM-NORTH-WEST.pdf
Akwa Ibom,AKWA IBOM NORTH WEST,SD/008/AK,5,MENDIE SARAH MARSHALL,F,C4C,43,,Akwa-Ibom_AKWA-IBOM-NORTH-WEST.pdf
Akwa Ibom,AKWA IBOM NORTH WEST,SD/008/AK,6,INYANG PEACE MARTINS,F,DPP,118,,Akwa-Ibom_AKWA-IBOM-NORTH-WEST.pdf
Akwa Ibom,AKWA IBOM NORTH WEST,SD/008/AK,7,UWEM PAUL EKPO,M,FJP,79,,Akwa-Ibom_AKWA-IBOM-NORTH-WEST.pdf
Akwa Ibom,AKWA IBOM NORTH WEST,SD/008/AK,8,NKANANG NKANANG AKPAN,M,JMPP,14,,Akwa-Ibom_AKWA-IBOM-NORTH-WEST.pdf
Akwa Ibom,AKWA IBOM NORTH WEST,SD/008/AK,9,UDONKANG AKANIMO FIDELIS,M,NRM,57,,Akwa-Ibom_AKWA-IBOM-NORTH-WEST.pdf
Akwa Ibom,AKWA IBOM NORTH WEST,SD/008/AK,10,EKPENYONG CHRISTOPHER STEPHEN,M,PDP,118215,ELECTED,Akwa-Ibom_AKWA-IBOM-NORTH-WEST.pdf
Akwa Ibom,AKWA IBOM NORTH WEST,SD/008/AK,11,LUCY PIUS USEN,F,PPN,27,,Akwa-Ibom_AKWA-IBOM-NORTH-WEST.pdf
Akwa Ibom,AKWA IBOM SOUTH,SD/009/AK,1,UTIBE UDO THOMPSON,MALE,ACD,123,,Akwa-Ibom_AKWA-IBOM-SOUTH.pdf
Akwa Ibom,AKWA IBOM SOUTH,SD/009/AK,2,EFFIONG NELSON ASUQUO,MALE,APC,44053,,Akwa-Ibom_AKWA-IBOM-SOUTH.pdf
Akwa Ibom,AKWA IBOM SOUTH,SD/009/AK,3,ETETE CHARITY INYANG,FEMALE,DPP,230,,Akwa-Ibom_AKWA-IBOM-SOUTH.pdf
Akwa Ibom,AKWA IBOM SOUTH,SD/009/AK,4,OKON LIVINGSTONE A.E,MALE,FJP,68,,Akwa-Ibom_AKWA-IBOM-SOUTH.pdf
Akwa Ibom,AKWA IBOM SOUTH,SD/009/AK,5,BENETT MBRE AKPADIAHA,MALE,JMPP,148,,Akwa-Ibom_AKWA-IBOM-SOUTH.pdf
Akwa Ibom,AKWA IBOM SOUTH,SD/009/AK,6,EYAKENYI AKON ETIM,FEMALE,PDP,122412,ELECTED,Akwa-Ibom_AKWA-IBOM-SOUTH.pdf
Akwa Ibom,AKWA IBOM SOUTH,SD/009/AK,7,EBONG NSIMA J.,MALE,PPN,88,,Akwa-Ibom_AKWA-IBOM-SOUTH.pdf
Akwa Ibom,AKWA IBOM SOUTH,SD/009/AK,8,OKPO ITA ODUMAYAK,MALE,UPC,37,,Akwa-Ibom_AKWA-IBOM-SOUTH.pdf
Akwa Ibom,AKWA IBOM SOUTH,SD/009/AK,9,IMABONG ODOHOFREH,MALE,YPP,48,,Akwa-Ibom_AKWA-IBOM-SOUTH.pdf
Akwa Ibom,AKWA IBOM SOUTH,SD/009/AK,10,AKPAN EMMANUEL OKON,MALE,ZLP,21,,Akwa-Ibom_AKWA-IBOM-SOUTH.pdf
Anambra,ANAMBRA CENTRAL,SD/011/AN,1,OKAFOR KATE OBY,F,ACD,51,,Anambra_ANAMBRA-CENTRAL.pdf
Anambra,ANAMBRA CENTRAL,SD/011/AN,2,CHUKWUDI EZEKWELU TONY-UCHE,M,ADC,286,,Anambra_ANAMBRA-CENTRAL.pdf
Anambra,ANAMBRA CENTRAL,SD/011/AN,3,NWEZI FELIX AMECHI,M,AGAP,358,,Anambra_ANAMBRA-CENTRAL.pdf
Anambra,ANAMBRA CENTRAL,SD/011/AN,4,SYLVESTER ONUORAH OKONKWO,M,APC,10999,,Anambra_ANAMBRA-CENTRAL.pdf
Anambra,ANAMBRA CENTRAL,SD/011/AN,5,UMEH VICTOR,M,APGA,81429,,Anambra_ANAMBRA-CENTRAL.pdf
Anambra,ANAMBRA CENTRAL,SD/011/AN,6,CHUKWUDI OBI OFOMAH,M,APP,111,,Anambra_ANAMBRA-CENTRAL.pdf
Anambra,ANAMBRA CENTRAL,SD/011/AN,7,ANEZE CHUKWUNWUBA,M,BNPP,41,,Anambra_ANAMBRA-CENTRAL.pdf
Anambra,ANAMBRA CENTRAL,SD/011/AN,8,OKAFOR CELESTINE CHIBUZO,M,DA,122,,Anambra_ANAMBRA-CENTRAL.pdf
Anambra,ANAMBRA CENTRAL,SD/011/AN,9,ILONGWO HYACINTH,M,DPP,162,,Anambra_ANAMBRA-CENTRAL.pdf
Anambra,ANAMBRA CENTRAL,SD/011/AN,10,EJIE JOSIAH JIDEJISOS,M,FJP,9,,Anambra_ANAMBRA-CENTRAL.pdf
Anambra,ANAMBRA CENTRAL,SD/011/AN,11,AKUDO CHIDIUMEH CHIKWENDU,M,GPN,22,,Anambra_ANAMBRA-CENTRAL.pdf
Anambra,ANAMBRA CENTRAL,SD/011/AN,12,OKAFOR IKECHUKWU,M,ID,20,,Anambra_ANAMBRA-CENTRAL.pdf
Anambra,ANAMBRA CENTRAL,SD/011/AN,13,EKENTA MALACHI,M,JMPP,33,,Anambra_ANAMBRA-CENTRAL.pdf
Anambra,ANAMBRA CENTRAL,SD/011/AN,14,EZEKILI OGOCHUKWU,F,KP,19,,Anambra_ANAMBRA-CENTRAL.pdf
Anambra,ANAMBRA CENTRAL,SD/011/AN,15,OKOYE EDWIN AMOBI,M,LP,125,,Anambra_ANAMBRA-CENTRAL.pdf
Anambra,ANAMBRA CENTRAL,SD/011/AN,16,OKAFOR ONYEKA CHRISTIAN,M,MMN,33,,Anambra_ANAMBRA-CENTRAL.pdf
Anambra,ANAMBRA CENTRAL,SD/011/AN,17,UDEJI ANIDIKE SAMUEL,M,MPN,145,,Anambra_ANAMBRA-CENTRAL.pdf
Anambra,ANAMBRA CENTRAL,SD/011/AN,18,OKAFOR OBUMNEKE EJIMNKEONYE,M,NCP,258,,Anambra_ANAMBRA-CENTRAL.pdf
Anambra,ANAMBRA CENTRAL,SD/011/AN,19,OKERE CHIBUEZE JOHN,M,NNPP,720,,Anambra_ANAMBRA-CENTRAL.pdf
Anambra,ANAMBRA CENTRAL,SD/011/AN,20,CHUKWUEMEKA EMEKA,M,NRM,82,,Anambra_ANAMBRA-CENTRAL.pdf
Anambra,ANAMBRA CENTRAL,SD/011/AN,21,ONUIGBO PETER OSITADINMA,M,PDC,307,,Anambra_ANAMBRA-CENTRAL.pdf
Anambra,ANAMBRA CENTRAL,SD/011/AN,22,UCHE LILIAN EKWUNIFE,F,PDP,118484,ELECTED,Anambra_ANAMBRA-CENTRAL.pdf
Anambra,ANAMBRA CENTRAL,SD/011/AN,23,EKWEZOH CHRISTOPHER NKEMAKONAM,M,PPA,114,,Anambra_ANAMBRA-CENTRAL.pdf
Anambra,ANAMBRA CENTRAL,SD/011/AN,24,EJOJIOLU ANOZIE C,M,PPC,80,,Anambra_ANAMBRA-CENTRAL.pdf
Anambra,ANAMBRA CENTRAL,SD/011/AN,25,NNAJI NDUBUISI VINCENT,M,PPP,22,,Anambra_ANAMBRA-CENTRAL.pdf
Anambra,ANAMBRA CENTRAL,SD/011/AN,26,OKOLO JIM CHIMEZIE,M,UDP,33,,Anambra_ANAMBRA-CENTRAL.pdf
Anambra,ANAMBRA CENTRAL,SD/011/AN,27,IKECHUKWU FLINT OBIEKWE,M,UPP,61,,Anambra_ANAMBRA-CENTRAL.pdf
Anambra,ANAMBRA CENTRAL,SD/011/AN,28,NWOFOR UGOCHUKWU CHUKWUMA,M,YDP,54,,Anambra_ANAMBRA-CENTRAL.pdf
Anambra,ANAMBRA NORTH,SD/010/AN,1,MENKITI FRANCISCA Q,F,ACD,73,,Anambra_ANAMBRA-NORTH.pdf
Anambra,ANAMBRA NORTH,SD/010/AN,2,MODEBE EDITH OBIAJULU,F,ADC,87,,Anambra_ANAMBRA-NORTH.pdf
Anambra,ANAMBRA NORTH,SD/010/AN,3,OKORO UDENSI,M,AGAP,219,,Anambra_ANAMBRA-NORTH.pdf
Anambra,ANAMBRA NORTH,SD/010/AN,4,AGHADINUNO BASIL CHUKWUMA,M,ANDP,40,,Anambra_ANAMBRA-NORTH.pdf
Anambra,ANAMBRA NORTH,SD/010/AN,5,CHUBA-OKADIGBO MARGERY C.,F,APC,11995,,Anambra_ANAMBRA-NORTH.pdf
Anambra,ANAMBRA NORTH,SD/010/AN,6,CHINEDU EMMANUEL EMEKA,M,APGA,59937,,Anambra_ANAMBRA-NORTH.pdf
Anambra,ANAMBRA NORTH,SD/010/AN,7,DIBUA LAWRENCE OGUGUA,M,APP,357,,Anambra_ANAMBRA-NORTH.pdf
Anambra,ANAMBRA NORTH,SD/010/AN,8,NNELIRK-MMALIVE FIDELISUMA UCHECHUKWU UDORJI,M,ASD,119,,Anambra_ANAMBRA-NORTH.pdf
Anambra,ANAMBRA NORTH,SD/010/AN,9,OKOYE GEORGE MADUABUROCHUKWU,M,DA,10,,Anambra_ANAMBRA-NORTH.pdf
Anambra,ANAMBRA NORTH,SD/010/AN,10,MMOTUNE THERESA,F,DPP,115,,Anambra_ANAMBRA-NORTH.pdf
Anambra,ANAMBRA NORTH,SD/010/AN,11,FRANKLIN IKENNA,M,ID,50,,Anambra_ANAMBRA-NORTH.pdf
Anambra,ANAMBRA NORTH,SD/010/AN,12,OKONKWO SONIA CHINWE,F,KP,22,,Anambra_ANAMBRA-NORTH.pdf
Anambra,ANAMBRA NORTH,SD/010/AN,13,UGBAMA OPIA ANTHONY KINSLEY,M,MPN,25,,Anambra_ANAMBRA-NORTH.pdf
Anambra,ANAMBRA NORTH,SD/010/AN,14,UMEAROKWU OGECHUKWU U.,F,NCP,37,,Anambra_ANAMBRA-NORTH.pdf
Anambra,ANAMBRA NORTH,SD/010/AN,15,ODUENYI CHRISTIAN TOCHUKWU,M,NFD,32,,Anambra_ANAMBRA-NORTH.pdf
Anambra,ANAMBRA NORTH,SD/010/AN,16,EZECHUKWUMA RICHARD CHIBUIKEM,M,PDC,1018,,Anambra_ANAMBRA-NORTH.pdf
Anambra,ANAMBRA NORTH,SD/010/AN,17,ODUAH STELLA ADAEZE PRINCESS,F,PDP,113989,ELECTED,Anambra_ANAMBRA-NORTH.pdf
Anambra,ANAMBRA NORTH,SD/010/AN,18,NDUKAIFE EBELE J,F,PPC,30,,Anambra_ANAMBRA-NORTH.pdf
Anambra,ANAMBRA NORTH,SD/010/AN,19,USHIE STEPHEN NDUKA,M,PPP,48,,Anambra_ANAMBRA-NORTH.pdf
Anambra,ANAMBRA NORTH,SD/010/AN,20,EDOZIE BLESSING CHINWE,F,RP,41,,Anambra_ANAMBRA-NORTH.pdf
Anambra,ANAMBRA NORTH,SD/010/AN,21,EKWEALOR CHINEDU THOMAS,M,YPP,1024,,Anambra_ANAMBRA-NORTH.pdf
Anambra,ANAMBRA SOUTH,SD/012/AN,1,NZE FERGUSON UMEH PIUS CHUKWUKA,M,ACD,86,,Anambra_ANAMBRA-SOUTH.pdf
Anambra,ANAMBRA SOUTH,SD/012/AN,2,OKONKWO NNABUEZE PAUL,M,ADC,131,,Anambra_ANAMBRA-SOUTH.pdf
Anambra,ANAMBRA SOUTH,SD/012/AN,3,DR. DAN CHIBOR UMEH,M,AGAP,182,,Anambra_ANAMBRA-SOUTH.pdf
Anambra,ANAMBRA SOUTH,SD/012/AN,4,UBA ANDY NNAMDI EMMANUEL,M,APC,13245,,Anambra_ANAMBRA-SOUTH.pdf
Anambra,ANAMBRA SOUTH,SD/012/AN,5,EMEAKAYI KENNETH OKWUCHUKWU,M,APDA,476,,Anambra_ANAMBRA-SOUTH.pdf
Anambra,ANAMBRA SOUTH,SD/012/AN,6,UKACHUKWU NICHOLAS CHUKUJEKWU,M,APGA,51269,,Anambra_ANAMBRA-SOUTH.pdf
Anambra,ANAMBRA SOUTH,SD/012/AN,7,OBIJIOFOR JOHN CHIMA,M,APP,73,,Anambra_ANAMBRA-SOUTH.pdf
Anambra,ANAMBRA SOUTH,SD/012/AN,8,NELSON IHENATOUHA,M,BNPP,70,,Anambra_ANAMBRA-SOUTH.pdf
Anambra,ANAMBRA SOUTH,SD/012/AN,9,ONWUKWE EMENIKE EVANS,M,DA,73,,Anambra_ANAMBRA-SOUTH.pdf
Anambra,ANAMBRA SOUTH,SD/012/AN,10,NWENYI BOBBY CHRISTOPHER,M,DPP,175,,Anambra_ANAMBRA-SOUTH.pdf
Anambra,ANAMBRA SOUTH,SD/012/AN,11,OTTI CHRISTIAN IKECHUKWU,M,ID,28,,Anambra_ANAMBRA-SOUTH.pdf
Anambra,ANAMBRA SOUTH,SD/012/AN,12,EZEOBI INNOCENT CHUKWUDI,M,JMPP,93,,Anambra_ANAMBRA-SOUTH.pdf
Anambra,ANAMBRA SOUTH,SD/012/AN,13,OGWUELEKA EMMANUEL CHIKWUEKE,M,KP,46,,Anambra_ANAMBRA-SOUTH.pdf
Anambra,ANAMBRA SOUTH,SD/012/AN,14,ANUMBA OGONNA CHIAZOR,M,LP,212,,Anambra_ANAMBRA-SOUTH.pdf
Anambra,ANAMBRA SOUTH,SD/012/AN,15,SAMUEL CLIFFORD MADU,M,MPN,65,,Anambra_ANAMBRA-SOUTH.pdf
Anambra,ANAMBRA SOUTH,SD/012/AN,16,OKALA PETER,M,NCP,81,,Anambra_ANAMBRA-SOUTH.pdf
Anambra,ANAMBRA SOUTH,SD/012/AN,17,UNIGWE MICHAEL N.,M,NDLP,237,,Anambra_ANAMBRA-SOUTH.pdf
Anambra,ANAMBRA SOUTH,SD/012/AN,18,OSUNKWO EMEKA MARK GEORGE,M,PDC,155,,Anambra_ANAMBRA-SOUTH.pdf
Anambra,ANAMBRA SOUTH,SD/012/AN,19,UBAH CHRISTIAN CHUKWUNEDUM,M,PDP,52462,,Anambra_ANAMBRA-SOUTH.pdf
Anambra,ANAMBRA SOUTH,SD/012/AN,20,UDEH MARTINS,M,PPP,126,,Anambra_ANAMBRA-SOUTH.pdf
Anambra,ANAMBRA SOUTH,SD/012/AN,21,PRINCE OKOLI E. PETER,M,PRP,36,,Anambra_ANAMBRA-SOUTH.pdf
Anambra,ANAMBRA SOUTH,SD/012/AN,22,OBIH NKEIRUKA FAITH,F,RP,32,,Anambra_ANAMBRA-SOUTH.pdf
Anambra,ANAMBRA SOUTH,SD/012/AN,23,EZEOBIKA CHUKWUDI ECHEZONA,M,UP,50,,Anambra_ANAMBRA-SOUTH.pdf
Anambra,ANAMBRA SOUTH,SD/012/AN,24,IGWILO SYLVESTER CHUKWUELOKA,M,UPP,930,,Anambra_ANAMBRA-SOUTH.pdf
Anambra,ANAMBRA SOUTH,SD/012/AN,25,PATRICK IFEANYI UBAH,M,YPP,87081,ELECTED,Anambra_ANAMBRA-SOUTH.pdf
Anambra,ANAMBRA SOUTH,SD/012/AN,26,UMEOHANA-IKE ESTHER IFY,F,ZLP,1017,,Anambra_ANAMBRA-SOUTH.pdf
Bauchi,BAUCHI CENTRAL,SD/014/BA,1,ALIYU UMAR KAFI,M,ACD,317,,Bauchi_BAUCHI-CENTRAL.pdf
Bauchi,BAUCHI CENTRAL,SD/014/BA,2,BABAGIDA USMAN SHEHU,M,ADC,467,,Bauchi_BAUCHI-CENTRAL.pdf
Bauchi,BAUCHI CENTRAL,SD/014/BA,3,JIKA DAUDA HALLIRU,M,APC,120871,ELECTED,Bauchi_BAUCHI-CENTRAL.pdf
Bauchi,BAUCHI CENTRAL,SD/014/BA,4,HUSSAIN SAMAILA,M,APM,303,,Bauchi_BAUCHI-CENTRAL.pdf
Bauchi,BAUCHI CENTRAL,SD/014/BA,5,KASUWA ISA,M,APP,235,,Bauchi_BAUCHI-CENTRAL.pdf
Bauchi,BAUCHI CENTRAL,SD/014/BA,6,MUSTAPHA ABDULLAHI,M,DA,153,,Bauchi_BAUCHI-CENTRAL.pdf
Bauchi,BAUCHI CENTRAL,SD/014/BA,7,MUSTAPHA MOHAMMAD,M,DPC,131,,Bauchi_BAUCHI-CENTRAL.pdf
Bauchi,BAUCHI CENTRAL,SD/014/BA,8,MOHAMMED SANI BURRA,M,GPN,953,,Bauchi_BAUCHI-CENTRAL.pdf
Bauchi,BAUCHI CENTRAL,SD/014/BA,9,GARBA YUNUSA,M,JMPP,119,,Bauchi_BAUCHI-CENTRAL.pdf
Bauchi,BAUCHI CENTRAL,SD/014/BA,10,ISA IBRAHIM,M,MAJA,74,,Bauchi_BAUCHI-CENTRAL.pdf
Bauchi,BAUCHI CENTRAL,SD/014/BA,11,AHMED ADAMU ABDULKADIR,M,MMN,184,,Bauchi_BAUCHI-CENTRAL.pdf
Bauchi,BAUCHI CENTRAL,SD/014/BA,12,ABUBAKAR ISAH,M,NNPP,9414,,Bauchi_BAUCHI-CENTRAL.pdf
Bauchi,BAUCHI CENTRAL,SD/014/BA,13,HAMMA MISAU ISAH,M,PDP,57069,,Bauchi_BAUCHI-CENTRAL.pdf
Bauchi,BAUCHI CENTRAL,SD/014/BA,14,BAPPA ALIYU MISAU,M,PRP,66024,,Bauchi_BAUCHI-CENTRAL.pdf
Bauchi,BAUCHI CENTRAL,SD/014/BA,15,SULEIMAN ABUBAKAR,M,SDP,2582,,Bauchi_BAUCHI-CENTRAL.pdf
Bauchi,BAUCHI NORTH,SD/015/BA,1,AUFA HASSAN ADAMU,M,ACD,270,,Bauchi_BAUCHI-NORTH.pdf
Bauchi,BAUCHI NORTH,SD/015/BA,2,MUSA NADABO ISAH,M,ADC,542,,Bauchi_BAUCHI-NORTH.pdf
Bauchi,BAUCHI NORTH,SD/015/BA,3,BULKACHUWA ADAMU MUHAMMED,M,APC,110631,ELECTED,Bauchi_BAUCHI-NORTH.pdf
Bauchi,BAUCHI NORTH,SD/015/BA,4,MOH'D ABUBAKAR,M,APP,262,,Bauchi_BAUCHI-NORTH.pdf
Bauchi,BAUCHI NORTH,SD/015/BA,5,FAIZA ABDULLAHI,F,DA,190,,Bauchi_BAUCHI-NORTH.pdf
Bauchi,BAUCHI NORTH,SD/015/BA,6,ABDULMALIK MAHMOUD,M,GPN,1823,,Bauchi_BAUCHI-NORTH.pdf
Bauchi,BAUCHI NORTH,SD/015/BA,7,SAMAILA UMAR,M,JMPP,441,,Bauchi_BAUCHI-NORTH.pdf
Bauchi,BAUCHI NORTH,SD/015/BA,8,MUSTAPHA FAROUK,M,NNPP,92140,,Bauchi_BAUCHI-NORTH.pdf
Bauchi,BAUCHI NORTH,SD/015/BA,9,NAZIF SULEIMAN MUHAMMED,M,PDP,56379,,Bauchi_BAUCHI-NORTH.pdf
Bauchi,BAUCHI NORTH,SD/015/BA,10,GARBA A.GAMAWA,M,PRP,12345,,Bauchi_BAUCHI-NORTH.pdf
Bauchi,BAUCHI NORTH,SD/015/BA,11,MOHAMMED M.IDRIS,M,SDP,3920,,Bauchi_BAUCHI-NORTH.pdf
Bauchi,BAUCHI SOUTH,SD/013/BA,1,MUHAMMED LAWAL,MALE,ACD,243,,Bauchi_BAUCHI-SOUTH.pdf
Bauchi,BAUCHI SOUTH,SD/013/BA,2,BABAYO UMAR MISAU,MALE,ADC,760,,Bauchi_BAUCHI-SOUTH.pdf
Bauchi,BAUCHI SOUTH,SD/013/BA,3,YAHAYA LAWAL GUMAU,MALE,APC,250725,ELECTED,Bauchi_BAUCHI-SOUTH.pdf
Bauchi,BAUCHI SOUTH,SD/013/BA,4,ADAMU MUSA UMAR,MALE,APM,387,,Bauchi_BAUCHI-SOUTH.pdf
Bauchi,BAUCHI SOUTH,SD/013/BA,5,ADAMU YAKUBU JIBRIN,MALE,APP,193,,Bauchi_BAUCHI-SOUTH.pdf
Bauchi,BAUCHI SOUTH,SD/013/BA,6,ADAMU ANWAL MUSA,MALE,BNPP,97,,Bauchi_BAUCHI-SOUTH.pdf
Bauchi,BAUCHI SOUTH,SD/013/BA,7,NURU GARBA,MALE,DA,168,,Bauchi_BAUCHI-SOUTH.pdf
Bauchi,BAUCHI SOUTH,SD/013/BA,8,AHMAD LADO IBRAHIM,MALE,DPC,135,,Bauchi_BAUCHI-SOUTH.pdf
Bauchi,BAUCHI SOUTH,SD/013/BA,9,IBRAHIM SANI,MALE,GPN,793,,Bauchi_BAUCHI-SOUTH.pdf
Bauchi,BAUCHI SOUTH,SD/013/BA,10,DAGUMA MUHAMMAD A.A,MALE,JMPP,166,,Bauchi_BAUCHI-SOUTH.pdf
Bauchi,BAUCHI SOUTH,SD/013/BA,11,IBRAHIM BALA MAIDAWA,MALE,MAJA,107,,Bauchi_BAUCHI-SOUTH.pdf
Bauchi,BAUCHI SOUTH,SD/013/BA,12,IBRAHIM AYUBA,MALE,MMN,101,,Bauchi_BAUCHI-SOUTH.pdf
Bauchi,BAUCHI SOUTH,SD/013/BA,13,AMINU ABDULLAHI,MALE,MPN,480,,Bauchi_BAUCHI-SOUTH.pdf
Bauchi,BAUCHI SOUTH,SD/013/BA,14,TAFAWA BALEWA ABUBAKAR,MALE,NNPP,8091,,Bauchi_BAUCHI-SOUTH.pdf
Bauchi,BAUCHI SOUTH,SD/013/BA,15,SANTURAKI KABIR,MALE,PDC,935,,Bauchi_BAUCHI-SOUTH.pdf
Bauchi,BAUCHI SOUTH,SD/013/BA,16,DAHIRU GARBA,MALE,PDP,175527,,Bauchi_BAUCHI-SOUTH.pdf
Bauchi,BAUCHI SOUTH,SD/013/BA,17,LAWAL HUSSAINI IBRAHIM,MALE,PRP,43386,,Bauchi_BAUCHI-SOUTH.pdf
Bauchi,BAUCHI SOUTH,SD/013/BA,18,UMAR DALHA,MALE,SDP,664,,Bauchi_BAUCHI-SOUTH.pdf
Bayelsa,BAYELSA CENTRAL,SD/017/BY,1,BEFORD AKAHKOLI,MALE,ADC,221,,Bayelsa_BAYELSA-CENTRAL.pdf
Bayelsa,BAYELSA CENTRAL,SD/017/BY,2,FESTUS DAUMIEBI SUNDAY,MALE,APC,70998,,Bayelsa_BAYELSA-CENTRAL.pdf
Bayelsa,BAYELSA CENTRAL,SD/017/BY,3,MAXWELL INEBIMO,MALE,APM,38,,Bayelsa_BAYELSA-CENTRAL.pdf
Bayelsa,BAYELSA CENTRAL,SD/017/BY,4,EZRA YOHANA JAMAICA,FEMALE,DA,26,,Bayelsa_BAYELSA-CENTRAL.pdf
Bayelsa,BAYELSA CENTRAL,SD/017/BY,5,SIKPI EBIMOBOWEI,MALE,GDPN,39,,Bayelsa_BAYELSA-CENTRAL.pdf
Bayelsa,BAYELSA CENTRAL,SD/017/BY,6,APPAH AMANAWA GODWILL,MALE,LP,58,,Bayelsa_BAYELSA-CENTRAL.pdf
Bayelsa,BAYELSA CENTRAL,SD/017/BY,7,EBIERE EKEUWEI J.,FEMALE,MPN,7,,Bayelsa_BAYELSA-CENTRAL.pdf
Bayelsa,BAYELSA CENTRAL,SD/017/BY,8,KIEN GOVERNOR D.,MALE,NAC,17,,Bayelsa_BAYELSA-CENTRAL.pdf
Bayelsa,BAYELSA CENTRAL,SD/017/BY,9,KETEBU BOLERE ELIZABETH,FEMALE,NRM,51,,Bayelsa_BAYELSA-CENTRAL.pdf
Bayelsa,BAYELSA CENTRAL,SD/017/BY,10,DOUYEMIEGHA-SUOWARI EBINDU RUTH,FEMALE,NUP,200,,Bayelsa_BAYELSA-CENTRAL.pdf
Bayelsa,BAYELSA CENTRAL,SD/017/BY,11,DIRI DOUYE,MALE,PDP,83978,ELECTED,Bayelsa_BAYELSA-CENTRAL.pdf
Bayelsa,BAYELSA CENTRAL,SD/017/BY,12,ABRAHAM DIDIEKERE,MALE,PPA,24,,Bayelsa_BAYELSA-CENTRAL.pdf
Bayelsa,BAYELSA CENTRAL,SD/017/BY,13,DAUZUO FAWEI,MALE,SDP,119,,Bayelsa_BAYELSA-CENTRAL.pdf
Bayelsa,BAYELSA CENTRAL,SD/017/BY,14,AYAH DICKSON JOHN,MALE,YDP,98,,Bayelsa_BAYELSA-CENTRAL.pdf
Bayelsa,BAYELSA EAST,SD/016/BY,1,CHARLES SILVA OPUALA,MALE,A,1159,,Bayelsa_BAYELSA-EAST.pdf
Bayelsa,BAYELSA EAST,SD/016/BY,2,NIMI BARIGHA AMANGE,MALE,ADC,16936,,Bayelsa_BAYELSA-EAST.pdf
Bayelsa,BAYELSA EAST,SD/016/BY,3,DEGI EREMIENYO BIOBARAKU WANGAGRA,MALE,APC,43303,ELECTED,Bayelsa_BAYELSA-EAST.pdf
Bayelsa,BAYELSA EAST,SD/016/BY,4,INIEKAILANYO MICAH NGOZI,MALE,CAP,40,,Bayelsa_BAYELSA-EAST.pdf
Bayelsa,BAYELSA EAST,SD/016/BY,5,AWAKI STANLY EBINABIANO,MALE,DA,75,,Bayelsa_BAYELSA-EAST.pdf
Bayelsa,BAYELSA EAST,SD/016/BY,6,OMOH DIKEALA,MALE,GDPN,13,,Bayelsa_BAYELSA-EAST.pdf
Bayelsa,BAYELSA EAST,SD/016/BY,7,AKPODI BK. AGAGOWEI,MALE,KP,11,,Bayelsa_BAYELSA-EAST.pdf
Bayelsa,BAYELSA EAST,SD/016/BY,8,WILLS INIRUO,MALE,LP,570,,Bayelsa_BAYELSA-EAST.pdf
Bayelsa,BAYELSA EAST,SD/016/BY,9,OJOKO ANTHONY,MALE,MMN,74,,Bayelsa_BAYELSA-EAST.pdf
Bayelsa,BAYELSA EAST,SD/016/BY,10,CLEMENT - JOE ALAGOATARIMFAGHA,MALE,NRM,72,,Bayelsa_BAYELSA-EAST.pdf
Bayelsa,BAYELSA EAST,SD/016/BY,11,IPIGANSI IZAGARA BLESSING,MALE,PDP,32363,,Bayelsa_BAYELSA-EAST.pdf
Bayelsa,BAYELSA EAST,SD/016/BY,12,ENU OTONYE,MALE,PPN,12,,Bayelsa_BAYELSA-EAST.pdf
Bayelsa,BAYELSA EAST,SD/016/BY,13,APPOLUS NENGIMINI,MALE,SDP,100,,Bayelsa_BAYELSA-EAST.pdf
Bayelsa,BAYELSA EAST,SD/016/BY,14,JOHNNY JOHNNY,MALE,UPN,6,,Bayelsa_BAYELSA-EAST.pdf
Bayelsa,BAYELSA WEST,SD/018/BY,1,OWOUPELE ENEORIEKUMOH O.,MALE,A,6,,Bayelsa_BAYELSA-WEST.pdf
Bayelsa,BAYELSA WEST,SD/018/BY,2,PERETIEMO EBI MICHEAL,MALE,AA,19,,Bayelsa_BAYELSA-WEST.pdf
Bayelsa,BAYELSA WEST,SD/018/BY,3,OMEMU ENEINKANDE H.,MALE,ADC,32,,Bayelsa_BAYELSA-WEST.pdf
Bayelsa,BAYELSA WEST,SD/018/BY,4,KARIMO MATHEW ADO,MALE,APC,20219,,Bayelsa_BAYELSA-WEST.pdf
Bayelsa,BAYELSA WEST,SD/018/BY,5,EMOMOTIMI EMMANUEL,MALE,APM,29,,Bayelsa_BAYELSA-WEST.pdf
Bayelsa,BAYELSA WEST,SD/018/BY,6,OWEIFABO FELIX EBIKEMEFA,MALE,CAP,12,,Bayelsa_BAYELSA-WEST.pdf
Bayelsa,BAYELSA WEST,SD/018/BY,7,AZUAN DOGOOD FELIX,MALE,DA,10,,Bayelsa_BAYELSA-WEST.pdf
Bayelsa,BAYELSA WEST,SD/018/BY,8,DOROU TISSA OKORO,MALE,GDPN,4,,Bayelsa_BAYELSA-WEST.pdf
Bayelsa,BAYELSA WEST,SD/018/BY,9,WEIKEZI GABRIEL OWEI,MALE,JMPP,6,,Bayelsa_BAYELSA-WEST.pdf
Bayelsa,BAYELSA WEST,SD/018/BY,10,OGBORIYO AUGUSTINE,MALE,LP,21,,Bayelsa_BAYELSA-WEST.pdf
Bayelsa,BAYELSA WEST,SD/018/BY,11,AMGBARE KENNY KENEWENEMOR,MALE,NRM,42,,Bayelsa_BAYELSA-WEST.pdf
Bayelsa,BAYELSA WEST,SD/018/BY,12,EWHRUDJAKPO LAWRENCE O.,MALE,PDP,49912,ELECTED,Bayelsa_BAYELSA-WEST.pdf
Bayelsa,BAYELSA WEST,SD/018/BY,13,PERETU ALEXANDER BEKEAREREBO,MALE,PPA,19,,Bayelsa_BAYELSA-WEST.pdf
Bayelsa,BAYELSA WEST,SD/018/BY,14,PRINCE ONIEKPE AWOFU,MALE,SDP,19,,Bayelsa_BAYELSA-WEST.pdf
Bayelsa,BAYELSA WEST,SD/018/BY,15,VICTOR MAGBODO BEN,MALE,SNP,15,,Bayelsa_BAYELSA-WEST.pdf
Bayelsa,BAYELSA WEST,SD/018/BY,16,JACK OKUBOEBI CHARLES,MALE,YDP,12,,Bayelsa_BAYELSA-WEST.pdf
Benue,BENUE NORTH EAST,SD/019/BN,1,MALU TORNGEE JOSEPH,MALE,AA,1599,,Benue_BENUE-NORTHEAST.pdf
Benue,BENUE NORTH EAST,SD/019/BN,2,MATHEW AMBE NGUTOR,MALE,ACD,56,,Benue_BENUE-NORTHEAST.pdf
Benue,BENUE NORTH EAST,SD/019/BN,3,CHIEF COL. BENJAMIN ABOHO,MALE,ADC,1884,,Benue_BENUE-NORTHEAST.pdf
Benue,BENUE NORTH EAST,SD/019/BN,4,TARBO ERNEST TERUNGWA,MALE,ANN,397,,Benue_BENUE-NORTHEAST.pdf
Benue,BENUE NORTH EAST,SD/019/BN,5,ADZAPE - ORUBIBI MIMI,FEMALE,APC,81603,,Benue_BENUE-NORTHEAST.pdf
Benue,BENUE NORTH EAST,SD/019/BN,6,AKAAGERGER JOSEPH IORSHAGHER,MALE,APGA,8099,,Benue_BENUE-NORTHEAST.pdf
Benue,BENUE NORTH EAST,SD/019/BN,7,RAPHAEL IKYAABO ORBEN,MALE,APM,62,,Benue_BENUE-NORTHEAST.pdf
Benue,BENUE NORTH EAST,SD/019/BN,8,ATSEHEKAA FREDERICK TYEKU JUSTIN,MALE,CNP,54,,Benue_BENUE-NORTHEAST.pdf
Benue,BENUE NORTH EAST,SD/019/BN,9,AWASE TERZM NGWE CEDDIC,MALE,DA,65,,Benue_BENUE-NORTHEAST.pdf
Benue,BENUE NORTH EAST,SD/019/BN,10,BUTU LOVELINE ONGO,FEMALE,GDPN,61,,Benue_BENUE-NORTHEAST.pdf
Benue,BENUE NORTH EAST,SD/019/BN,11,KUREVER TERNA DANIEL,MALE,JMPP,61,,Benue_BENUE-NORTHEAST.pdf
Benue,BENUE NORTH EAST,SD/019/BN,12,ADZONGO ESTHER TERSOO,FEMALE,LP,300,,Benue_BENUE-NORTHEAST.pdf
Benue,BENUE NORTH EAST,SD/019/BN,13,ALAKALI JOSEPH SHIAN,MALE,NCP,1331,,Benue_BENUE-NORTHEAST.pdf
Benue,BENUE NORTH EAST,SD/019/BN,14,GABRIEL TORWUA SUSWAM,MALE,PDP,148615,ELECTED,Benue_BENUE-NORTHEAST.pdf
Benue,BENUE NORTH EAST,SD/019/BN,15,ZAVER FRANCIS,MALE,PPN,681,,Benue_BENUE-NORTHEAST.pdf
Benue,BENUE NORTH EAST,SD/019/BN,16,VANDEFAN TERSUGH JAMES,MALE,PRP,4874,,Benue_BENUE-NORTHEAST.pdf
Benue,BENUE NORTH EAST,SD/019/BN,17,AMASE BENJAMIN,MALE,PT,139,,Benue_BENUE-NORTHEAST.pdf
Benue,BENUE NORTH EAST,SD/019/BN,18,GEMADE BARNABAS ANDYAR,MALE,SDP,32534,,Benue_BENUE-NORTHEAST.pdf
Benue,BENUE NORTH EAST,SD/019/BN,19,CHIA IORNENGEN,MALE,YPP,254,,Benue_BENUE-NORTHEAST.pdf
Benue,BENUE NORTH EAST,SD/019/BN,20,KENNEDY TERSOO UBWA,MALE,ZLP,79,,Benue_BENUE-NORTHEAST.pdf
Benue,BENUE NORTH WEST,SD/020/BN,1,SOLOMON IORUNDU ANUNDU,M,ACD,77,,Benue_BENUE-NORTHWEST.pdf
Benue,BENUE NORTH WEST,SD/020/BN,2,SWENDE LEEMGA,M,ADC,774,,Benue_BENUE-NORTHWEST.pdf
Benue,BENUE NORTH WEST,SD/020/BN,3,AKUME GEORGE,M,APC,115422,,Benue_BENUE-NORTHWEST.pdf
Benue,BENUE NORTH WEST,SD/020/BN,4,AYONGO EMMANUEL T,M,DA,156,,Benue_BENUE-NORTHWEST.pdf
Benue,BENUE NORTH WEST,SD/020/BN,5,FAVOUR SHUAIBU,F,JMPP,51,,Benue_BENUE-NORTHWEST.pdf
Benue,BENUE NORTH WEST,SD/020/BN,6,NOR-UGOR VICTORIA KUWUA,F,LP,933,,Benue_BENUE-NORTHWEST.pdf
Benue,BENUE NORTH WEST,SD/020/BN,7,AGBER YOHANE ORKUR,M,NCP,1352,,Benue_BENUE-NORTHWEST.pdf
Benue,BENUE NORTH WEST,SD/020/BN,8,EMMANUEL YISA ORKER-JEV,M,PDP,157726,ELECTED,Benue_BENUE-NORTHWEST.pdf
Benue,BENUE NORTH WEST,SD/020/BN,9,OGWIJI EMMANUEL IGOCHE,M,PPN,227,,Benue_BENUE-NORTHWEST.pdf
Benue,BENUE NORTH WEST,SD/020/BN,10,ATIM LUTER,M,PT,39,,Benue_BENUE-NORTHWEST.pdf
Benue,BENUE NORTH WEST,SD/020/BN,11,EZE EJIKE CALISTUS,M,SDP,2240,,Benue_BENUE-NORTHWEST.pdf
Benue,BENUE SOUTH,SD/021/BN,1,OGBOLE BILLY OKOLO,MALE,ACD,234,,Benue_BENUE-SOTH.pdf
Benue,BENUE SOUTH,SD/021/BN,2,ANGULU OCHOJEMA JULIET,FEMALE,ADC,836,,Benue_BENUE-SOTH.pdf
Benue,BENUE SOUTH,SD/021/BN,3,ADOKO LIGHT IMMANUEL,MALE,ADP,1455,,Benue_BENUE-SOTH.pdf
Benue,BENUE SOUTH,SD/021/BN,4,LAWANI STEPHEN,MALE,APC,47972,,Benue_BENUE-SOTH.pdf
Benue,BENUE SOUTH,SD/021/BN,5,ABUBAKAR USMAN,MALE,APDA,5504,,Benue_BENUE-SOTH.pdf
Benue,BENUE SOUTH,SD/021/BN,6,ULOKO STEPHEN UGWU,MALE,CAP,297,,Benue_BENUE-SOTH.pdf
Benue,BENUE SOUTH,SD/021/BN,7,MAGAJI ADAMS ADAMU,MALE,DA,109,,Benue_BENUE-SOTH.pdf
Benue,BENUE SOUTH,SD/021/BN,8,OCHOHO PAUL .A,MALE,JMPP,114,,Benue_BENUE-SOTH.pdf
Benue,BENUE SOUTH,SD/021/BN,9,INYAMPE DENNIS DOUGLAS,MALE,LP,2574,,Benue_BENUE-SOTH.pdf
Benue,BENUE SOUTH,SD/021/BN,10,EMMANUEL OKEGBO,MALE,NCP,57,,Benue_BENUE-SOTH.pdf
Benue,BENUE SOUTH,SD/021/BN,11,OLA ODEH PAUL,MALE,NRM,167,,Benue_BENUE-SOTH.pdf
Benue,BENUE SOUTH,SD/021/BN,12,PATRICK ABBA MORO,MALE,PDP,85162,ELECTED,Benue_BENUE-SOTH.pdf
Benue,BENUE SOUTH,SD/021/BN,13,UJAH OYIWONA RICHARD,MALE,PPC,625,,Benue_BENUE-SOTH.pdf
Benue,BENUE SOUTH,SD/021/BN,14,OKEWU MARY,FEMALE,PPN,137,,Benue_BENUE-SOTH.pdf
Benue,BENUE SOUTH,SD/021/BN,15,ALACHE ODE,FEMALE,PT,85,,Benue_BENUE-SOTH.pdf
Benue,BENUE SOUTH,SD/021/BN,16,ONOJA MIKE OKIBE,MALE,SDP,29901,,Benue_BENUE-SOTH.pdf
Borno,BORNO CENTRAL,SD/023/BR,1,SHETTIMA KASHIM,MALE,APC,342898,ELECTED,Borno_BORNO-CENTRAL.pdf
Borno,BORNO CENTRAL,SD/023/BR,2,MOHAMMED BUKAR SADU,MALE,APM,487,,Borno_BORNO-CENTRAL.pdf
Borno,BORNO CENTRAL,SD/023/BR,3,KADIRI FEMA,MALE,APP,205,,Borno_BORNO-CENTRAL.pdf
Borno,BORNO CENTRAL,SD/023/BR,4,IBRAHIM KACHALLA,MALE,BNPP,224,,Borno_BORNO-CENTRAL.pdf
Borno,BORNO CENTRAL,SD/023/BR,5,ABUBAKAR AWANA ZUBAIRU,MALE,C4C,483,,Borno_BORNO-CENTRAL.pdf
Borno,BORNO CENTRAL,SD/023/BR,6,BABAGANA ALHAJI GAMBO,MALE,DA,233,,Borno_BORNO-CENTRAL.pdf
Borno,BORNO CENTRAL,SD/023/BR,7,JIBRIN MUSTAPHA TATABE,MALE,GPN,625,,Borno_BORNO-CENTRAL.pdf
Borno,BORNO CENTRAL,SD/023/BR,8,MANGA TIJANI MODU,MALE,ID,362,,Borno_BORNO-CENTRAL.pdf
Borno,BORNO CENTRAL,SD/023/BR,9,BUNU IBRAHIM,MALE,JMPP,347,,Borno_BORNO-CENTRAL.pdf
Borno,BORNO CENTRAL,SD/023/BR,10,MOHAMMED UMAR RAHIS,MALE,KP,212,,Borno_BORNO-CENTRAL.pdf
Borno,BORNO CENTRAL,SD/023/BR,11,MUSA ABDULKAREEM ISA,MALE,NCMP,317,,Borno_BORNO-CENTRAL.pdf
Borno,BORNO CENTRAL,SD/023/BR,12,MUSA FATIMA,FEMALE,NEPP,325,,Borno_BORNO-CENTRAL.pdf
Borno,BORNO CENTRAL,SD/023/BR,13,ISA MAMMAN,MALE,NPM,158,,Borno_BORNO-CENTRAL.pdf
Borno,BORNO CENTRAL,SD/023/BR,14,MALA MOHAMMED,MALE,NRM,429,,Borno_BORNO-CENTRAL.pdf
Borno,BORNO CENTRAL,SD/023/BR,15,MUHAMMED ABBA AJI,MALE,PDP,75569,,Borno_BORNO-CENTRAL.pdf
Borno,BORNO CENTRAL,SD/023/BR,16,MUHAMMAD ALI,MALE,PPA,222,,Borno_BORNO-CENTRAL.pdf
Borno,BORNO CENTRAL,SD/023/BR,17,ALI MODU,MALE,UPC,180,,Borno_BORNO-CENTRAL.pdf
Borno,BORNO CENTRAL,SD/023/BR,18,IBRAHIM BABA,MALE,UPN,211,,Borno_BORNO-CENTRAL.pdf
Borno,BORNO CENTRAL,SD/023/BR,19,GARBA ABUBAKAR BARMA,MALE,UPP,169,,Borno_BORNO-CENTRAL.pdf
Borno,BORNO CENTRAL,SD/023/BR,20,GONI ALI MUSTAPHA,MALE,YES,171,,Borno_BORNO-CENTRAL.pdf
Borno,BORNO NORTH,SD/022/BR,1,KYARI ABUBAKAR SHAIB,MALE,APC,76963,ELECTED,Borno_BORNO-NORTH.pdf
Borno,BORNO NORTH,SD/022/BR,2,ABDULRAHMAN MOHAMMED TATABE,MALE,APM,221,,Borno_BORNO-NORTH.pdf
Borno,BORNO NORTH,SD/022/BR,3,TERAB WAKIL,MALE,GPN,138,,Borno_BORNO-NORTH.pdf
Borno,BORNO NORTH,SD/022/BR,4,ISA LAWAN,MALE,PDP,36042,,Borno_BORNO-NORTH.pdf
Borno,BORNO NORTH,SD/022/BR,5,AHMED ALHAJI MUHAMMAD,MALE,PPA,138,,Borno_BORNO-NORTH.pdf
Borno,BORNO NORTH,SD/022/BR,6,AJA ZARMA JARMA,MALE,UPC,59,,Borno_BORNO-NORTH.pdf
Borno,BORNO NORTH,SD/022/BR,7,MUHAMMAD BUKAR ALIBE,MALE,UPN,65,,Borno_BORNO-NORTH.pdf
Borno,BORNO NORTH,SD/022/BR,8,UMAR ALI,MALE,YES,69,,Borno_BORNO-NORTH.pdf
Borno,BORNO SOUTH,SD/024/BR,1,NDUME MOHAMMED ALI,M,APC,300637,ELECTED,Borno_BORNO-SOUTH.pdf
Borno,BORNO SOUTH,SD/024/BR,2,GARBA ADAMU,M,APM,339,,Borno_BORNO-SOUTH.pdf
Borno,BORNO SOUTH,SD/024/BR,3,BUKAR WAKIL,M,GPN,2475,,Borno_BORNO-SOUTH.pdf
Borno,BORNO SOUTH,SD/024/BR,4,SHETTIMA ALH MUSA,M,JMPP,94,,Borno_BORNO-SOUTH.pdf
Borno,BORNO SOUTH,SD/024/BR,5,MUSTAPHA UMAR,M,KP,439,,Borno_BORNO-SOUTH.pdf
Borno,BORNO SOUTH,SD/024/BR,6,KUDLA MILINDA SATUMARI,M,PDP,84608,,Borno_BORNO-SOUTH.pdf
Borno,BORNO SOUTH,SD/024/BR,7,MUHAMMAD GUDU GARBA,M,PPA,1119,,Borno_BORNO-SOUTH.pdf
Borno,BORNO SOUTH,SD/024/BR,8,HAMIDU USMAN KIMBA,M,SDP,291,,Borno_BORNO-SOUTH.pdf
Borno,BORNO SOUTH,SD/024/BR,9,HASSAN ABDULLAHI,M,UPC,72,,Borno_BORNO-SOUTH.pdf
Borno,BORNO SOUTH,SD/024/BR,10,ADO ALI,M,YES,167,,Borno_BORNO-SOUTH.pdf
Borno,BORNO SOUTH,SD/024/BR,11,DAVID BUBA SHALJABA,M,ZLP,7777,,Borno_BORNO-SOUTH.pdf
Cross River,CROSS RIVER CENTRAL,SD/026/CR,1,SOLOMON OBASESAM E. E,FEMALE,A,25,,Cross-River_CROSS-RIVER-CENTRAL.pdf
Cross River,CROSS RIVER CENTRAL,SD/026/CR,2,EDIDEN OVAT ABENG,MALE,AD,74,,Cross-River_CROSS-RIVER-CENTRAL.pdf
Cross River,CROSS RIVER CENTRAL,SD/026/CR,3,PATRICK ETTA,MALE,ADC,494,,Cross-River_CROSS-RIVER-CENTRAL.pdf
Cross River,CROSS RIVER CENTRAL,SD/026/CR,4,,MALE,APC,60298,,Cross-River_CROSS-RIVER-CENTRAL.pdf
Cross River,CROSS RIVER CENTRAL,SD/026/CR,5,NANDI-ESOM JOE,MALE,ASD,40,,Cross-River_CROSS-RIVER-CENTRAL.pdf
Cross River,CROSS RIVER CENTRAL,SD/026/CR,6,AGUBA WILLIE AKPAMA,MALE,C4C,9,,Cross-River_CROSS-RIVER-CENTRAL.pdf
Cross River,CROSS RIVER CENTRAL,SD/026/CR,7,OKOI OBETEN IBIAN,MALE,DA,39,,Cross-River_CROSS-RIVER-CENTRAL.pdf
Cross River,CROSS RIVER CENTRAL,SD/026/CR,8,SAMUEL ETOWA IKONA,MALE,DPP,100,,Cross-River_CROSS-RIVER-CENTRAL.pdf
Cross River,CROSS RIVER CENTRAL,SD/026/CR,9,EBRI WILLIAM ONEN,MALE,ID,13,,Cross-River_CROSS-RIVER-CENTRAL.pdf
Cross River,CROSS RIVER CENTRAL,SD/026/CR,10,OMARI FREDERICK EJE,MALE,JMPP,17,,Cross-River_CROSS-RIVER-CENTRAL.pdf
Cross River,CROSS RIVER CENTRAL,SD/026/CR,11,IGBOKE ROLAND BASSEY,MALE,MPN,102,,Cross-River_CROSS-RIVER-CENTRAL.pdf
Cross River,CROSS RIVER CENTRAL,SD/026/CR,12,ONOR SANDY OJANG,MALE,PDP,80134,ELECTED,Cross-River_CROSS-RIVER-CENTRAL.pdf
Cross River,CROSS RIVER CENTRAL,SD/026/CR,13,IDEBA ENO BASSEY,MALE,PPN,48,,Cross-River_CROSS-RIVER-CENTRAL.pdf
Cross River,CROSS RIVER CENTRAL,SD/026/CR,14,TAKIM MACDUFF OJONG,MALE,SNP,71,,Cross-River_CROSS-RIVER-CENTRAL.pdf
Cross River,CROSS RIVER CENTRAL,SD/026/CR,15,ATTAH ANTHONG BISSONG,MALE,YPP,36,,Cross-River_CROSS-RIVER-CENTRAL.pdf
Cross River,CROSS RIVER NORTH,SD/025/CR,1,ORI ODU AKPANG ADE,M,ADC,270,,Cross-River_CROSS-RIVER-NORTH.pdf
Cross River,CROSS RIVER NORTH,SD/025/CR,2,,M,APC,36129,,Cross-River_CROSS-RIVER-NORTH.pdf
Cross River,CROSS RIVER NORTH,SD/025/CR,3,IGBOH JULIUS,M,ASD,93,,Cross-River_CROSS-RIVER-NORTH.pdf
Cross River,CROSS RIVER NORTH,SD/025/CR,4,NDOMA PETER VOLIE,M,DA,36,,Cross-River_CROSS-RIVER-NORTH.pdf
Cross River,CROSS RIVER NORTH,SD/025/CR,5,AGASHU CLETUS EGA,M,DPP,170,,Cross-River_CROSS-RIVER-NORTH.pdf
Cross River,CROSS RIVER NORTH,SD/025/CR,6,OCHINKEN MERCY AKWAJI,F,ID,33,,Cross-River_CROSS-RIVER-NORTH.pdf
Cross River,CROSS RIVER NORTH,SD/025/CR,7,AMOGOR PETER,M,JMPP,215,,Cross-River_CROSS-RIVER-NORTH.pdf
Cross River,CROSS RIVER NORTH,SD/025/CR,8,OKO ROSE OKOJI,F,PDP,100967,ELECTED,Cross-River_CROSS-RIVER-NORTH.pdf
Cross River,CROSS RIVER NORTH,SD/025/CR,9,OKII JAMES ODEY,M,PPN,174,,Cross-River_CROSS-RIVER-NORTH.pdf
Cross River,CROSS RIVER NORTH,SD/025/CR,10,ESOR SOLOMON IDOR,M,SDP,143,,Cross-River_CROSS-RIVER-NORTH.pdf
Cross River,CROSS RIVER NORTH,SD/025/CR,11,MPIELE JONAS AGBOR,M,YDP,14,,Cross-River_CROSS-RIVER-NORTH.pdf
Cross River,CROSS RIVER NORTH,SD/025/CR,12,ANNDOTAN JOSEF AKOMAYE,M,YPP,61,,Cross-River_CROSS-RIVER-NORTH.pdf
Cross River,CROSS RIVER SOUTH,SD/027/CR,1,EKPENYONG KINGSLEY ITA,M,AA,70,,Cross-River_CROSS-RIVER-SOUTH.pdf
Cross River,CROSS RIVER SOUTH,SD/027/CR,2,AMBO EKPEYONG,M,ADC,420,,Cross-River_CROSS-RIVER-SOUTH.pdf
Cross River,CROSS RIVER SOUTH,SD/027/CR,3,,M,APC,63250,,Cross-River_CROSS-RIVER-SOUTH.pdf
Cross River,CROSS RIVER SOUTH,SD/027/CR,4,EKPO BASSEY OKON,M,ASD,108,,Cross-River_CROSS-RIVER-SOUTH.pdf
Cross River,CROSS RIVER SOUTH,SD/027/CR,5,EDEM IGNATIUS OFFIONG,M,DA,76,,Cross-River_CROSS-RIVER-SOUTH.pdf
Cross River,CROSS RIVER SOUTH,SD/027/CR,6,ICHE CLEMENT EKUM GBE,M,ID,54,,Cross-River_CROSS-RIVER-SOUTH.pdf
Cross River,CROSS RIVER SOUTH,SD/027/CR,7,FRANCIS BASSEY EDET,M,JMPP,350,,Cross-River_CROSS-RIVER-SOUTH.pdf
Cross River,CROSS RIVER SOUTH,SD/027/CR,8,BASSEY GERSHOM HENRY,M,PDP,77478,ELECTED,Cross-River_CROSS-RIVER-SOUTH.pdf
Cross River,CROSS RIVER SOUTH,SD/027/CR,9,EDET OKON EFFIOM,M,PPN,94,,Cross-River_CROSS-RIVER-SOUTH.pdf
Cross River,CROSS RIVER SOUTH,SD/027/CR,10,NTUKPEK LESLEY EKPE,M,YDP,75,,Cross-River_CROSS-RIVER-SOUTH.pdf
Cross River,CROSS RIVER SOUTH,SD/027/CR,11,EKENG ANDEM EKPENYONG,M,YPP,159,,Cross-River_CROSS-RIVER-SOUTH.pdf
Delta,DELTA CENTRAL,SD/028/DT,1,LIEGELORN KESTON M. ALAMIN,MALE,ADC,416,,Delta_DELTA-CENTRAL.pdf
Delta,DELTA CENTRAL,SD/028/DT,2,OMO-AGEGE OVIE AUGUSTINE,MALE,APC,111100,ELECTED,Delta_DELTA-CENTRAL.pdf
Delta,DELTA CENTRAL,SD/028/DT,3,AKPFURF EVWERERAYE FELIX,MALE,APM,86,,Delta_DELTA-CENTRAL.pdf
Delta,DELTA CENTRAL,SD/028/DT,4,OGBOKO KELVIN IGHOSOTU,MALE,C4C,34,,Delta_DELTA-CENTRAL.pdf
Delta,DELTA CENTRAL,SD/028/DT,5,NWELE NNANNA CHUKWUDI,MALE,DA,48,,Delta_DELTA-CENTRAL.pdf
Delta,DELTA CENTRAL,SD/028/DT,6,ESIEKPE EVINCE OGHENERO,MALE,DPP,436,,Delta_DELTA-CENTRAL.pdf
Delta,DELTA CENTRAL,SD/028/DT,7,OGHENECHOVWEN UGEN,MALE,GDPN,49,,Delta_DELTA-CENTRAL.pdf
Delta,DELTA CENTRAL,SD/028/DT,8,OKPERIE EGUONO,MALE,HDP,38,,Delta_DELTA-CENTRAL.pdf
Delta,DELTA CENTRAL,SD/028/DT,9,ONORI BENSON AUGUSTINE,MALE,KP,33,,Delta_DELTA-CENTRAL.pdf
Delta,DELTA CENTRAL,SD/028/DT,10,OLUWADARE ONOME HEPHZIBAH,FEMALE,LP,2003,,Delta_DELTA-CENTRAL.pdf
Delta,DELTA CENTRAL,SD/028/DT,11,ADJUYA STELLA,FEMALE,MPN,40,,Delta_DELTA-CENTRAL.pdf
Delta,DELTA CENTRAL,SD/028/DT,12,DAFE OGUNJE,MALE,NCP,141,,Delta_DELTA-CENTRAL.pdf
Delta,DELTA CENTRAL,SD/028/DT,13,ONEYIBO HANDSOME - HERO,MALE,PDC,236,,Delta_DELTA-CENTRAL.pdf
Delta,DELTA CENTRAL,SD/028/DT,14,OBORO EVELYN OMAVOWAN OJAKOVO,FEMALE,PDP,99422,,Delta_DELTA-CENTRAL.pdf
Delta,DELTA CENTRAL,SD/028/DT,15,OGBAODU PAUL,MALE,PPN,93,,Delta_DELTA-CENTRAL.pdf
Delta,DELTA CENTRAL,SD/028/DT,16,UGHWANOGHO OVIE,MALE,SDP,2204,,Delta_DELTA-CENTRAL.pdf
Delta,DELTA CENTRAL,SD/028/DT,17,EGUVWESE MAGIC FREDERICK,MALE,UPC,19,,Delta_DELTA-CENTRAL.pdf
Delta,DELTA CENTRAL,SD/028/DT,18,OBENEBE O MACPHERSON,MALE,ZLP,20,,Delta_DELTA-CENTRAL.pdf
Delta,DELTA NORTH,SD/029/DT,1,ADIGWE CHUKWUMA,MALE,A,72,,Delta_DELTA-NORTH.pdf
Delta,DELTA NORTH,SD/029/DT,2,SMART MADU AJAJA,MALE,AAC,441,,Delta_DELTA-NORTH.pdf
Delta,DELTA NORTH,SD/029/DT,3,DIKE HENRY EMEKA,MALE,ACD,108,,Delta_DELTA-NORTH.pdf
Delta,DELTA NORTH,SD/029/DT,4,COLLINS ISAMADE I,MALE,ACPN,50,,Delta_DELTA-NORTH.pdf
Delta,DELTA NORTH,SD/029/DT,5,OTUYA IFEANYI AUSTIN,MALE,ADC,719,,Delta_DELTA-NORTH.pdf
Delta,DELTA NORTH,SD/029/DT,6,OGBE OKAFOR,MALE,ANP,132,,Delta_DELTA-NORTH.pdf
Delta,DELTA NORTH,SD/029/DT,7,UBOH DORIS,FEMALE,APC,36350,,Delta_DELTA-NORTH.pdf
Delta,DELTA NORTH,SD/029/DT,8,NWAGBOGUN SUNDAY NWALOKOR,MALE,APGA,482,,Delta_DELTA-NORTH.pdf
Delta,DELTA NORTH,SD/029/DT,9,IGUBOR ONYIMELODIA,FEMALE,ASD,22,,Delta_DELTA-NORTH.pdf
Delta,DELTA NORTH,SD/029/DT,10,KONWEA THERESA,FEMALE,DA,36,,Delta_DELTA-NORTH.pdf
Delta,DELTA NORTH,SD/029/DT,11,ODIRI OYIBOGARE,MALE,DPP,345,,Delta_DELTA-NORTH.pdf
Delta,DELTA NORTH,SD/029/DT,12,LAWRENCE ENYI,MALE,FJP,14,,Delta_DELTA-NORTH.pdf
Delta,DELTA NORTH,SD/029/DT,13,OKAFOR OFUNNE PHILOMINA,FEMALE,HDP,11,,Delta_DELTA-NORTH.pdf
Delta,DELTA NORTH,SD/029/DT,14,EZEAGWU ONYEKACHUKWU CYPRIAN,MALE,ID,33,,Delta_DELTA-NORTH.pdf
Delta,DELTA NORTH,SD/029/DT,15,OKOCHA FELIX NWAEKE,MALE,JMPP,47,,Delta_DELTA-NORTH.pdf
Delta,DELTA NORTH,SD/029/DT,16,ALIU JANE REBECAH,FEMALE,KP,44,,Delta_DELTA-NORTH.pdf
Delta,DELTA NORTH,SD/029/DT,17,NDOZI EMMANUEL OGECHUKWU,MALE,LP,106,,Delta_DELTA-NORTH.pdf
Delta,DELTA NORTH,SD/029/DT,18,ENURAH ANTHONY,MALE,MPN,64,,Delta_DELTA-NORTH.pdf
Delta,DELTA NORTH,SD/029/DT,19,UGEGELI NDUDI STEPHANIE,FEMALE,NFD,60,,Delta_DELTA-NORTH.pdf
Delta,DELTA NORTH,SD/029/DT,20,NWAKA EMMANUEL OGOCHUKWU,MALE,PDC,833,,Delta_DELTA-NORTH.pdf
Delta,DELTA NORTH,SD/029/DT,21,NWAOBOSHI PETER ONYELUKA,MALE,PDP,186423,ELECTED,Delta_DELTA-NORTH.pdf
Delta,DELTA NORTH,SD/029/DT,22,OBI IJOMAH FREDERICK,MALE,PPA,162,,Delta_DELTA-NORTH.pdf
Delta,DELTA NORTH,SD/029/DT,23,KANWANYE VICTOR CHUKWUNONSO,MALE,PPN,34,,Delta_DELTA-NORTH.pdf
Delta,DELTA NORTH,SD/029/DT,24,EKPAH JOHN ONYEMAECHI,MALE,SDP,106,,Delta_DELTA-NORTH.pdf
Delta,DELTA NORTH,SD/029/DT,25,ILAMEBE LAWRENCE O,MALE,ZLP,22,,Delta_DELTA-NORTH.pdf
Delta,DELTA SOUTH,SD/030/DT,1,MACDONALD EBINEPRE AMARAN,MALE,AAC,285,,Delta_DELTA-SOUTH.pdf
Delta,DELTA SOUTH,SD/030/DT,2,WILKIE ELIJAH ONIYETSORITSE,MALE,ACPN,60,,Delta_DELTA-SOUTH.pdf
Delta,DELTA SOUTH,SD/030/DT,3,OLIVIA TAGBAJUMI AGBAJOH,MALE,ADC,800,,Delta_DELTA-SOUTH.pdf
Delta,DELTA SOUTH,SD/030/DT,4,OMATSEYE TEMISANKEN,MALE,ADP,642,,Delta_DELTA-SOUTH.pdf
Delta,DELTA SOUTH,SD/030/DT,5,MEKE EMMANUEL,MALE,ANP,129,,Delta_DELTA-SOUTH.pdf
Delta,DELTA SOUTH,SD/030/DT,6,UDUAGHAN EMMANUEL EWETA,MALE,APC,125752,,Delta_DELTA-SOUTH.pdf
Delta,DELTA SOUTH,SD/030/DT,7,REX OGHORO,MALE,APDA,130,,Delta_DELTA-SOUTH.pdf
Delta,DELTA SOUTH,SD/030/DT,8,OFFICE JEFFERSON ABEL TAMARALAYEFA,MALE,APM,16,,Delta_DELTA-SOUTH.pdf
Delta,DELTA SOUTH,SD/030/DT,9,ONORIODE ODI HOSEA,MALE,ASD,37,,Delta_DELTA-SOUTH.pdf
Delta,DELTA SOUTH,SD/030/DT,10,PEREKEKEME ANDREW EFE,MALE,C4C,16,,Delta_DELTA-SOUTH.pdf
Delta,DELTA SOUTH,SD/030/DT,11,OGWOGU CELESTINE U ICHA,MALE,DA,6,,Delta_DELTA-SOUTH.pdf
Delta,DELTA SOUTH,SD/030/DT,12,MOLOGE DOGUBO,MALE,DPP,141,,Delta_DELTA-SOUTH.pdf
Delta,DELTA SOUTH,SD/030/DT,13,OVO MORRISTER,MALE,HDP,1,,Delta_DELTA-SOUTH.pdf
Delta,DELTA SOUTH,SD/030/DT,14,JOSEPH ELO TESSY,FEMALE,ID,47,,Delta_DELTA-SOUTH.pdf
Delta,DELTA SOUTH,SD/030/DT,15,KOVIE ANDREW EPETUKU,MALE,JMPP,24,,Delta_DELTA-SOUTH.pdf
Delta,DELTA SOUTH,SD/030/DT,16,TANNO PATRICK ONOVUGHAKPO,MALE,KP,26,,Delta_DELTA-SOUTH.pdf
Delta,DELTA SOUTH,SD/030/DT,17,OGEKI GODWIN,MALE,LP,74,,Delta_DELTA-SOUTH.pdf
Delta,DELTA SOUTH,SD/030/DT,18,ANDERSON TARE-ERE,FEMALE,MPN,20,,Delta_DELTA-SOUTH.pdf
Delta,DELTA SOUTH,SD/030/DT,19,OSEH AZUBUIKE DENNIS,MALE,NFD,210,,Delta_DELTA-SOUTH.pdf
Delta,DELTA SOUTH,SD/030/DT,20,AKWIROFIE FRANK OGHENEOTHUKO,MALE,NRM,26,,Delta_DELTA-SOUTH.pdf
Delta,DELTA SOUTH,SD/030/DT,21,EKI DAVID GREG,MALE,PDC,234,,Delta_DELTA-SOUTH.pdf
Delta,DELTA SOUTH,SD/030/DT,22,MANAGER JAMES EBIOWOU,MALE,PDP,257812,ELECTED,Delta_DELTA-SOUTH.pdf
Delta,DELTA SOUTH,SD/030/DT,23,AKHOTU AKOKIZIOGHENE EASY,MALE,PPN,78,,Delta_DELTA-SOUTH.pdf
Delta,DELTA SOUTH,SD/030/DT,24,BEGHO IRONE RITA,FEMALE,SDP,3175,,Delta_DELTA-SOUTH.pdf
Delta,DELTA SOUTH,SD/030/DT,25,NANA AKINREMI ORITSEWEYIMI,MALE,UPC,97,,Delta_DELTA-SOUTH.pdf
Ebonyi,EBONYI CENTRAL,SD/032/EB,1,MARTINS OBASI IFEANYI,MALE,ADC,231,,Ebonyi_EBONYI-CENTRAL.pdf
Ebonyi,EBONYI CENTRAL,SD/032/EB,2,JULIUS ALI UCHA,MALE,APC,46676,,Ebonyi_EBONYI-CENTRAL.pdf
Ebonyi,EBONYI CENTRAL,SD/032/EB,3,ANYIGOR SIMON,MALE,DA,123,,Ebonyi_EBONYI-CENTRAL.pdf
Ebonyi,EBONYI CENTRAL,SD/032/EB,4,JAMES CHUKWU,MALE,ID,41,,Ebonyi_EBONYI-CENTRAL.pdf
Ebonyi,EBONYI CENTRAL,SD/032/EB,5,ELECHI CHARLES KELECHI,MALE,JMPP,33,,Ebonyi_EBONYI-CENTRAL.pdf
Ebonyi,EBONYI CENTRAL,SD/032/EB,6,NWANCHO LINUS NWANCHIO,MALE,LP,115,,Ebonyi_EBONYI-CENTRAL.pdf
Ebonyi,EBONYI CENTRAL,SD/032/EB,7,LEONARD NTE ONWE,MALE,LPN,587,,Ebonyi_EBONYI-CENTRAL.pdf
Ebonyi,EBONYI CENTRAL,SD/032/EB,8,NWAFOR AMOBI FRANKLIN,MALE,NFD,36,,Ebonyi_EBONYI-CENTRAL.pdf
Ebonyi,EBONYI CENTRAL,SD/032/EB,9,OGBA JOSEPH OBINNA,MALE,PDP,62452,ELECTED,Ebonyi_EBONYI-CENTRAL.pdf
Ebonyi,EBONYI CENTRAL,SD/032/EB,10,EZEALI STEPHEN NGWUTA,MALE,PPA,265,,Ebonyi_EBONYI-CENTRAL.pdf
Ebonyi,EBONYI CENTRAL,SD/032/EB,11,NWONU SUNDAY FAVOUR,MALE,PPN,83,,Ebonyi_EBONYI-CENTRAL.pdf
Ebonyi,EBONYI CENTRAL,SD/032/EB,12,NWOBASHI CYRIL CHIBUEZE,MALE,SDP,447,,Ebonyi_EBONYI-CENTRAL.pdf
Ebonyi,EBONYI CENTRAL,SD/032/EB,13,IKECHUKWU NWONU EPHRAIM,MALE,UPP,136,,Ebonyi_EBONYI-CENTRAL.pdf
Ebonyi,EBONYI CENTRAL,SD/032/EB,14,SUNDAY NWODE PHILEMON,MALE,ZLP,24,,Ebonyi_EBONYI-CENTRAL.pdf
Ebonyi,EBONYI NORTH,SD/031/EB,1,IMMARIHIAGBE EUCHARIA UKAMAKA,F,ACPN,74,,Ebonyi_EBONYI-NORTH.pdf
Ebonyi,EBONYI NORTH,SD/031/EB,2,OGBONNA NKWUDA JOHN,M,ADC,204,,Ebonyi_EBONYI-NORTH.pdf
Ebonyi,EBONYI NORTH,SD/031/EB,3,MATHIAS J. N. ADUM,M,APC,38374,,Ebonyi_EBONYI-NORTH.pdf
Ebonyi,EBONYI NORTH,SD/031/EB,4,IJE OKATA KENNETH,M,DA,139,,Ebonyi_EBONYI-NORTH.pdf
Ebonyi,EBONYI NORTH,SD/031/EB,5,NWALI UCHENNA MICHAEL,M,JMPP,80,,Ebonyi_EBONYI-NORTH.pdf
Ebonyi,EBONYI NORTH,SD/031/EB,6,NWIBO JOHNSON,M,LP,99,,Ebonyi_EBONYI-NORTH.pdf
Ebonyi,EBONYI NORTH,SD/031/EB,7,EGWU SAMUEL OMINYI,M,PDP,80711,ELECTED,Ebonyi_EBONYI-NORTH.pdf
Ebonyi,EBONYI NORTH,SD/031/EB,8,DANIEL U. NWIBO,M,PPN,171,,Ebonyi_EBONYI-NORTH.pdf
Ebonyi,EBONYI NORTH,SD/031/EB,9,ENIGWE ANSELM,M,SDP,805,,Ebonyi_EBONYI-NORTH.pdf
Ebonyi,EBONYI NORTH,SD/031/EB,10,EJE ROMANUSE,M,UPP,182,,Ebonyi_EBONYI-NORTH.pdf
Ebonyi,EBONYI NORTH,SD/031/EB,11,MGBADA PHILIP JOMBO,M,ZLP,30,,Ebonyi_EBONYI-NORTH.pdf
Ebonyi,EBONYI SOUTH,SD/033/EB,1,WISDOM ENI EZE,MALE,ADC,258,,Ebonyi_EBONYI-SOUTH.pdf
Ebonyi,EBONYI SOUTH,SD/033/EB,2,IGWE EZE IKECHUKWU,MALE,ANN,5805,,Ebonyi_EBONYI-SOUTH.pdf
Ebonyi,EBONYI SOUTH,SD/033/EB,3,ONU NWAEZE PRINCE,MALE,APC,19663,,Ebonyi_EBONYI-SOUTH.pdf
Ebonyi,EBONYI SOUTH,SD/033/EB,4,EKECHI SUNDAY,MALE,DA,1056,,Ebonyi_EBONYI-SOUTH.pdf
Ebonyi,EBONYI SOUTH,SD/033/EB,5,JANEFRANCES ANI CHINYERE,FEMALE,JMPP,148,,Ebonyi_EBONYI-SOUTH.pdf
Ebonyi,EBONYI SOUTH,SD/033/EB,6,OKOROAFOR DENNIS,MALE,LP,179,,Ebonyi_EBONYI-SOUTH.pdf
Ebonyi,EBONYI SOUTH,SD/033/EB,7,MICHEAL AMA NNACHI,MALE,PDP,103751,ELECTED,Ebonyi_EBONYI-SOUTH.pdf
Ebonyi,EBONYI SOUTH,SD/033/EB,8,NWANKWO JOY NGOZI,FEMALE,PPN,165,,Ebonyi_EBONYI-SOUTH.pdf
Ebonyi,EBONYI SOUTH,SD/033/EB,9,NGWUOKE OGBONNAYA AGWU,MALE,SDP,613,,Ebonyi_EBONYI-SOUTH.pdf
Edo,EDO CENTRAL,SD/034/ED,1,STELLA ISIBHKOMEN AGOHA,MALE,ADC,220,,Edo_EDO-CENTRAL-1.pdf
Edo,EDO CENTRAL,SD/034/ED,2,EHIA-OLU AKAABUE,MALE,ADP,223,,Edo_EDO-CENTRAL-1.pdf
Edo,EDO CENTRAL,SD/034/ED,3,INEGBEDION JOHN OSAGIE,MALE,APC,49158,,Edo_EDO-CENTRAL-1.pdf
Edo,EDO CENTRAL,SD/034/ED,4,EFOSA JOHN,MALE,DA,52,,Edo_EDO-CENTRAL-1.pdf
Edo,EDO CENTRAL,SD/034/ED,5,EROMOSELE DANIEL IKOKO,MALE,FJP,28,,Edo_EDO-CENTRAL-1.pdf
Edo,EDO CENTRAL,SD/034/ED,6,ORIBHABOR ROY OREYE ONONODENA,MALE,GPN,4,,Edo_EDO-CENTRAL-1.pdf
Edo,EDO CENTRAL,SD/034/ED,7,IMHONTUNIYE JAMAINE AMEN,MALE,NCP,95,,Edo_EDO-CENTRAL-1.pdf
Edo,EDO CENTRAL,SD/034/ED,8,IKHILAE MARTINS,MALE,NDLP,75,,Edo_EDO-CENTRAL-1.pdf
Edo,EDO CENTRAL,SD/034/ED,9,ORDIA AKHIMIENMONA CLIFFORD,MALE,PDP,56048,ELECTED,Edo_EDO-CENTRAL-1.pdf
Edo,EDO CENTRAL,SD/034/ED,10,EKOH EBHODAGHE FRIDAY,MALE,PPC,37,,Edo_EDO-CENTRAL-1.pdf
Edo,EDO CENTRAL,SD/034/ED,11,IDUMOZA ISIDAHOMHEN,MALE,SDP,97,,Edo_EDO-CENTRAL-1.pdf
Edo,EDO NORTH,SD/035/ED,1,JUDE IDENOBEMHE JUSTUS-IKPUNUEKHAI,MALE,AAC,0,,Edo_EDO-NORTH-1.pdf
Edo,EDO NORTH,SD/035/ED,2,MUSA FRIDAY,MALE,ADC,176,,Edo_EDO-NORTH-1.pdf
Edo,EDO NORTH,SD/035/ED,3,IKHIDE LUCKY ERASMUS,MALE,ADP,334,,Edo_EDO-NORTH-1.pdf
Edo,EDO NORTH,SD/035/ED,4,ALIMIKHENA FRANCIS ASEKHAME,MALE,APC,117783,Elected,Edo_EDO-NORTH-1.pdf
Edo,EDO NORTH,SD/035/ED,5,OHIMAI ANTHONY,MALE,DA,366,,Edo_EDO-NORTH-1.pdf
Edo,EDO NORTH,SD/035/ED,6,JOY OHIS INWALOME,FEMALE,JMPP,17,,Edo_EDO-NORTH-1.pdf
Edo,EDO NORTH,SD/035/ED,7,AHMED HARUNA,MALE,NCP,93,,Edo_EDO-NORTH-1.pdf
Edo,EDO NORTH,SD/035/ED,8,MOMOH ABUBAKAR ESHIOKPEKHA,MALE,PDP,80752,,Edo_EDO-NORTH-1.pdf
Edo,EDO NORTH,SD/035/ED,9,OKIAUGIE A. AMANESI,MALE,PPC,63,,Edo_EDO-NORTH-1.pdf
Edo,EDO NORTH,SD/035/ED,10,ORERUAH CORNELIUS DARE,MALE,SDP,85,,Edo_EDO-NORTH-1.pdf
Edo,EDO SOUTH,SD/036/ED,1,LAWRENCE OSAGIE FRIDAY ONAGHINOR,MALE,AAC,1724,,Edo_EDO-SOUTH-1.pdf
Edo,EDO SOUTH,SD/036/ED,2,UKPEMEKU CHARLES E.,MALE,ACD,400,,Edo_EDO-SOUTH-1.pdf
Edo,EDO SOUTH,SD/036/ED,3,JENNIFER ERIAMIYE OBASUYI,FEMALE,ADC,1917,,Edo_EDO-SOUTH-1.pdf
Edo,EDO SOUTH,SD/036/ED,4,ESE STEPHEN OWIE,MALE,ADP,3087,,Edo_EDO-SOUTH-1.pdf
Edo,EDO SOUTH,SD/036/ED,5,OBAHIAGBON PATRICK,MALE,APC,121957,,Edo_EDO-SOUTH-1.pdf
Edo,EDO SOUTH,SD/036/ED,6,AIGUOKHIAN A. NEHIKHARE RAPHAEL,MALE,CAP,211,,Edo_EDO-SOUTH-1.pdf
Edo,EDO SOUTH,SD/036/ED,7,OSAZE GABRIEL,MALE,DA,122,,Edo_EDO-SOUTH-1.pdf
Edo,EDO SOUTH,SD/036/ED,8,ILEVBA ANTHONIA IMMANUELA,FEMALE,JMPP,68,,Edo_EDO-SOUTH-1.pdf
Edo,EDO SOUTH,SD/036/ED,9,OSADOLON THOMPSON ENOGHAYIN,MALE,KP,55,,Edo_EDO-SOUTH-1.pdf
Edo,EDO SOUTH,SD/036/ED,10,OBOBAIFO PETER AIKORIEGIE,MALE,NCP,439,,Edo_EDO-SOUTH-1.pdf
Edo,EDO SOUTH,SD/036/ED,11,URHGHIDE MATTHEW AISAGBONRIODION,MALE,PDP,135588,ELECTED,Edo_EDO-SOUTH-1.pdf
Edo,EDO SOUTH,SD/036/ED,12,EGUAVOEN DESTINY,MALE,PPC,111,,Edo_EDO-SOUTH-1.pdf
Ekiti,EKITI CENTRAL,SD/038/EK,1,BABATOLA AFOLAYAN AKUTUPU,MALE,ADC,561,,Ekiti_EKITI-CENTRAL.pdf
Ekiti,EKITI CENTRAL,SD/038/EK,2,BAMIDELE MICHEAL OPEYEMI,MALE,APC,94279,ELECTED,Ekiti_EKITI-CENTRAL.pdf
Ekiti,EKITI CENTRAL,SD/038/EK,3,OLUWAFEMI ABIODUN,MALE,DA,110,,Ekiti_EKITI-CENTRAL.pdf
Ekiti,EKITI CENTRAL,SD/038/EK,4,IREWOLE TOSIN,FEMALE,DPP,273,,Ekiti_EKITI-CENTRAL.pdf
Ekiti,EKITI CENTRAL,SD/038/EK,5,ADENIYI ADEKUNLE O.,MALE,LP,81,,Ekiti_EKITI-CENTRAL.pdf
Ekiti,EKITI CENTRAL,SD/038/EK,6,ASAOLU OLUWAFEMI AHMED,MALE,MPN,101,,Ekiti_EKITI-CENTRAL.pdf
Ekiti,EKITI CENTRAL,SD/038/EK,7,ADEWALE OBAFEMI,MALE,PDP,48707,,Ekiti_EKITI-CENTRAL.pdf
Ekiti,EKITI CENTRAL,SD/038/EK,8,FALADE ADEWALE PHILIP,MALE,PPN,93,,Ekiti_EKITI-CENTRAL.pdf
Ekiti,EKITI CENTRAL,SD/038/EK,9,FOLUSO FESTUS DAHOSI,MALE,PT,23,,Ekiti_EKITI-CENTRAL.pdf
Ekiti,EKITI CENTRAL,SD/038/EK,10,AKINOLA ADAMS EZEKIEL,MALE,YDP,25,,Ekiti_EKITI-CENTRAL.pdf
Ekiti,EKITI NORTH,SD/037/EK,1,BABALOLA FEMI,MALE,ADC,539,,Ekiti_EKITI-NORTH.pdf
Ekiti,EKITI NORTH,SD/037/EK,2,ADETUNMBI OLUBUNMI AYODEJI,MALE,APC,60689,ELECTED,Ekiti_EKITI-NORTH.pdf
Ekiti,EKITI NORTH,SD/037/EK,3,SUNDAY AFOLABI RAPAEL,MALE,DA,57,,Ekiti_EKITI-NORTH.pdf
Ekiti,EKITI NORTH,SD/037/EK,4,ADEMOLA BIMBO ADEYANJU,MALE,DPP,364,,Ekiti_EKITI-NORTH.pdf
Ekiti,EKITI NORTH,SD/037/EK,5,LAWRENCE ARISE OLUKAYODE,MALE,MPN,74,,Ekiti_EKITI-NORTH.pdf
Ekiti,EKITI NORTH,SD/037/EK,6,FASEYI DURO SAMUEL,MALE,PDP,49209,,Ekiti_EKITI-NORTH.pdf
Ekiti,EKITI NORTH,SD/037/EK,7,OLUWOLE BRANHAM TOYIN,MALE,PPN,41,,Ekiti_EKITI-NORTH.pdf
Ekiti,EKITI NORTH,SD/037/EK,8,ONI OLUWATOSIN OLUBOLAJI,MALE,YDP,39,,Ekiti_EKITI-NORTH.pdf
Ekiti,EKITI SOUTH,SD/039/EK,1,FALADE AKINTAYO JOSEPH O.,MALE,ADC,318,,Ekiti_EKITI-SOUTH.pdf
Ekiti,EKITI SOUTH,SD/039/EK,2,ADEYEYE CLEMENT ADEBAYO,MALE,APC,77621,ELECTED,Ekiti_EKITI-SOUTH.pdf
Ekiti,EKITI SOUTH,SD/039/EK,3,AYODELE OLAIDE OLUGBENGA,MALE,ASD,66,,Ekiti_EKITI-SOUTH.pdf
Ekiti,EKITI SOUTH,SD/039/EK,4,AGBOOLA TUNDE,MALE,DA,26,,Ekiti_EKITI-SOUTH.pdf
Ekiti,EKITI SOUTH,SD/039/EK,5,AYODELE TOLULOPE GIDEON,MALE,LP,24,,Ekiti_EKITI-SOUTH.pdf
Ekiti,EKITI SOUTH,SD/039/EK,6,AKINGBADE KOLAWOLE SAMSON,MALE,NAC,84,,Ekiti_EKITI-SOUTH.pdf
Ekiti,EKITI SOUTH,SD/039/EK,7,KEHINDE TOPE ABAYOMI,MALE,NPC,144,,Ekiti_EKITI-SOUTH.pdf
Ekiti,EKITI SOUTH,SD/039/EK,8,OLUJIMI BIODUN CHRISTINE,FEMALE,PDP,53741,,Ekiti_EKITI-SOUTH.pdf
Ekiti,EKITI SOUTH,SD/039/EK,9,BOLA MARY ADEYINA,FEMALE,PPN,40,,Ekiti_EKITI-SOUTH.pdf
Enugu,ENUGU EAST,SD/040/EN,1,OFOELUE THANKGOD ONUKWUBE,MALE,ADC,121,,Enugu_ENUGU-EAST.pdf
Enugu,ENUGU EAST,SD/040/EN,2,OKO ANTHONY IFEATU,MALE,APA,161,,Enugu_ENUGU-EAST.pdf
Enugu,ENUGU EAST,SD/040/EN,3,LAWRENCE OZOEMENE EZEH,MALE,APC,14225,,Enugu_ENUGU-EAST.pdf
Enugu,ENUGU EAST,SD/040/EN,4,NWEGBO UCHENNA,MALE,APGA,1586,,Enugu_ENUGU-EAST.pdf
Enugu,ENUGU EAST,SD/040/EN,5,GEOFFREY MEPHORS E.,MALE,C4C,59,,Enugu_ENUGU-EAST.pdf
Enugu,ENUGU EAST,SD/040/EN,6,NNAMAN CHUKWUNONSO,MALE,DA,98,,Enugu_ENUGU-EAST.pdf
Enugu,ENUGU EAST,SD/040/EN,7,IBIYEMI AKANJI ARIYO,MALE,GDPN,42,,Enugu_ENUGU-EAST.pdf
Enugu,ENUGU EAST,SD/040/EN,8,KENECHUKWU KEVIN ANIKE,MALE,GPN,19,,Enugu_ENUGU-EAST.pdf
Enugu,ENUGU EAST,SD/040/EN,9,NNAMCHI ANN NGOZI,FEMALE,ID,8,,Enugu_ENUGU-EAST.pdf
Enugu,ENUGU EAST,SD/040/EN,10,OGBU ONYEKACHI HYGINUS,MALE,JMPP,6,,Enugu_ENUGU-EAST.pdf
Enugu,ENUGU EAST,SD/040/EN,11,NNAJI ONYEKWERE JEHU,MALE,KP,53,,Enugu_ENUGU-EAST.pdf
Enugu,ENUGU EAST,SD/040/EN,12,IFEYINWA OLIVE ONUORAH- NNOLI,FEMALE,MPN,31,,Enugu_ENUGU-EAST.pdf
Enugu,ENUGU EAST,SD/040/EN,13,MGBE EMMANUEL EKENE,MALE,MRDD,190,,Enugu_ENUGU-EAST.pdf
Enugu,ENUGU EAST,SD/040/EN,14,UBA CHINEDU DARLINGTON,MALE,NAC,66,,Enugu_ENUGU-EAST.pdf
Enugu,ENUGU EAST,SD/040/EN,15,OKAFOR CECILIA UZOAMAKA,FEMALE,NIP,123,,Enugu_ENUGU-EAST.pdf
Enugu,ENUGU EAST,SD/040/EN,16,NNAMANI CHIMAROKE OGBONNIA,MALE,PDP,128843,ELECTED,Enugu_ENUGU-EAST.pdf
Enugu,ENUGU EAST,SD/040/EN,17,ONU JOSEPH STANLEY,MALE,PPC,113,,Enugu_ENUGU-EAST.pdf
Enugu,ENUGU EAST,SD/040/EN,18,NNAMANI ADAOBI E.,FEMALE,PPN,25,,Enugu_ENUGU-EAST.pdf
Enugu,ENUGU EAST,SD/040/EN,19,UKWU FELIX,MALE,SDP,41,,Enugu_ENUGU-EAST.pdf
Enugu,ENUGU EAST,SD/040/EN,20,ONUORAH FRANCIS ECHEZONACHUKWU,MALE,UPP,205,,Enugu_ENUGU-EAST.pdf
Enugu,ENUGU NORTH,SD/042/EN,1,DENNIS OBETTA OBIORA,MALE,ADC,338,,Enugu_ENUGU-NORTH.pdf
Enugu,ENUGU NORTH,SD/042/EN,2,ODO EUGENE OGBONNA,MALE,APC,22229,,Enugu_ENUGU-NORTH.pdf
Enugu,ENUGU NORTH,SD/042/EN,3,EZE SIMON CHUKWUMA,MALE,C4C,72,,Enugu_ENUGU-NORTH.pdf
Enugu,ENUGU NORTH,SD/042/EN,4,NWODO FRANK EMAKA,MALE,DA,43,,Enugu_ENUGU-NORTH.pdf
Enugu,ENUGU NORTH,SD/042/EN,5,NNADI VICTORIA NWANNEKA,FEMALE,DPP,284,,Enugu_ENUGU-NORTH.pdf
Enugu,ENUGU NORTH,SD/042/EN,6,EMMANUEL OMENIHU,MALE,GDPN,101,,Enugu_ENUGU-NORTH.pdf
Enugu,ENUGU NORTH,SD/042/EN,7,UGWUOKE MATHEW CHUKWUEMEKA,MALE,GPN,38,,Enugu_ENUGU-NORTH.pdf
Enugu,ENUGU NORTH,SD/042/EN,8,ONYEBUCHI FRANKLIN,MALE,JMPP,63,,Enugu_ENUGU-NORTH.pdf
Enugu,ENUGU NORTH,SD/042/EN,9,DIUGWU MARIA UKAMAKA LEBEKE,FEMALE,LP,67,,Enugu_ENUGU-NORTH.pdf
Enugu,ENUGU NORTH,SD/042/EN,10,NWOKOLO CHIKA CHIOMA,FEMALE,MPN,192,,Enugu_ENUGU-NORTH.pdf
Enugu,ENUGU NORTH,SD/042/EN,11,UTAZI GODFREY CHUKWUKA,MALE,PDP,146458,ELECTED,Enugu_ENUGU-NORTH.pdf
Enugu,ENUGU NORTH,SD/042/EN,12,EZE MARK EZE,MALE,SDP,205,,Enugu_ENUGU-NORTH.pdf
Enugu,ENUGU NORTH,SD/042/EN,13,UBULU HOPE,MALE,UPP,69,,Enugu_ENUGU-NORTH.pdf
Enugu,ENUGU WEST,SD/041/EN,1,NWARU CHRISTOPHER,MALE,ACPN,55,,Enugu_ENUGU-WEST.pdf
Enugu,ENUGU WEST,SD/041/EN,2,OJI WAL TER,MALE,ADC,838,,Enugu_ENUGU-WEST.pdf
Enugu,ENUGU WEST,SD/041/EN,3,CHIKAODILI JULIET IBEKAKU-NWAGWU,FEMALE,APC,15187,,Enugu_ENUGU-WEST.pdf
Enugu,ENUGU WEST,SD/041/EN,4,GBAZUEAGU NWEKE GBAZUEAGU,MALE,APGA,6881,,Enugu_ENUGU-WEST.pdf
Enugu,ENUGU WEST,SD/041/EN,5,IJEGALU ANTHONY,MALE,DA,81,,Enugu_ENUGU-WEST.pdf
Enugu,ENUGU WEST,SD/041/EN,6,ORJI THANKGOD,MALE,DPP,114,,Enugu_ENUGU-WEST.pdf
Enugu,ENUGU WEST,SD/041/EN,7,ANAYO BONAVENTURE ONONUGBO,MALE,GPN,28,,Enugu_ENUGU-WEST.pdf
Enugu,ENUGU WEST,SD/041/EN,8,OKOLO CHIKODILI LYDIA,FEMALE,ID,21,,Enugu_ENUGU-WEST.pdf
Enugu,ENUGU WEST,SD/041/EN,9,OZOANI CHINEDU ANIEBUKA,MALE,JMPP,16,,Enugu_ENUGU-WEST.pdf
Enugu,ENUGU WEST,SD/041/EN,10,OKAFOR IJEOMA DOREEN,FEMALE,KP,64,,Enugu_ENUGU-WEST.pdf
Enugu,ENUGU WEST,SD/041/EN,11,OKONKWO CORDELIA CHIGOZIE,FEMALE,MPN,23,,Enugu_ENUGU-WEST.pdf
Enugu,ENUGU WEST,SD/041/EN,12,ANINWEZE CHARLES A.,MALE,NAC,44,,Enugu_ENUGU-WEST.pdf
Enugu,ENUGU WEST,SD/041/EN,13,OKAFOR HYPOLITE INOCHULUBA,MALE,NNPP,127,,Enugu_ENUGU-WEST.pdf
Enugu,ENUGU WEST,SD/041/EN,14,EKWEREMADU IKE,MALE,PDP,86088,ELECTED,Enugu_ENUGU-WEST.pdf
Enugu,ENUGU WEST,SD/041/EN,15,OKONKWO MAUREEN C.,FEMALE,PPN,57,,Enugu_ENUGU-WEST.pdf
Enugu,ENUGU WEST,SD/041/EN,16,CHIMAOBI ANOWO FIDELIS,MALE,RP,8,,Enugu_ENUGU-WEST.pdf
Enugu,ENUGU WEST,SD/041/EN,17,AGU PHILOMENA,FEMALE,SDP,95,,Enugu_ENUGU-WEST.pdf
Enugu,ENUGU WEST,SD/041/EN,18,ONYEKAONU KEN,MALE,UPP,202,,Enugu_ENUGU-WEST.pdf
FCT,FCT,SD/109/FCT,1,ATUWA TANKO DANJUMA,M,A,144,,FCT_FCT-SD.pdf
FCT,FCT,SD/109/FCT,2,LADY DORIS AMAKA OPARA,F,AAC,447,,FCT_FCT-SD.pdf
FCT,FCT,SD/109/FCT,3,ALIYU ABUBAKAR,M,AAP,259,,FCT_FCT-SD.pdf
FCT,FCT,SD/109/FCT,4,ABUBARKAR SALISU MGARANGI,M,ACD,205,,FCT_FCT-SD.pdf
FCT,FCT,SD/109/FCT,5,GODWIN I AJAH,M,AD,218,,FCT_FCT-SD.pdf
FCT,FCT,SD/109/FCT,6,AUDU ESTHER JOHN,F,ADC,1316,,FCT_FCT-SD.pdf
FCT,FCT,SD/109/FCT,7,OBOSI CLEMENT NEBO,M,ANDP,321,,FCT_FCT-SD.pdf
FCT,FCT,SD/109/FCT,8,LAWAL ADEKUNLE IBRAHIM,M,ANN,1077,,FCT_FCT-SD.pdf
FCT,FCT,SD/109/FCT,9,ABDULRAHMAN MUSLEEMAH NIKE HASSATU,F,ANP,638,,FCT_FCT-SD.pdf
FCT,FCT,SD/109/FCT,10,OSHO OLANREWAJU LAWRENCE,M,ANRP,1758,,FCT_FCT-SD.pdf
FCT,FCT,SD/109/FCT,11,JISALO ZAPHANIAH BITRUS,M,APC,148401,,FCT_FCT-SD.pdf
FCT,FCT,SD/109/FCT,12,MUSA BABA-PANYA,M,APDA,717,,FCT_FCT-SD.pdf
FCT,FCT,SD/109/FCT,13,SILAS GYAR ROSE DOGARA,F,APM,301,,FCT_FCT-SD.pdf
FCT,FCT,SD/109/FCT,14,JOSHUA OKECHUKWU RAWLINGS,M,APP,129,,FCT_FCT-SD.pdf
FCT,FCT,SD/109/FCT,15,DANFULANI PRINCESS ROSEMARY,F,CAP,76,,FCT_FCT-SD.pdf
FCT,FCT,SD/109/FCT,16,AKINNURUNS ZACHARIAS OLATUNJI,M,DA,30,,FCT_FCT-SD.pdf
FCT,FCT,SD/109/FCT,17,LEONARD BATURE KAWAS,M,FJP,1950,,FCT_FCT-SD.pdf
FCT,FCT,SD/109/FCT,18,ENGR. NINO LINUS OMOFOMA,M,GDPN,211,,FCT_FCT-SD.pdf
FCT,FCT,SD/109/FCT,19,OKPARA IFEOMA,F,GPN,85,,FCT_FCT-SD.pdf
FCT,FCT,SD/109/FCT,20,OKAFOR CHIGOZIE MICHAEL,M,ID,62,,FCT_FCT-SD.pdf
FCT,FCT,SD/109/FCT,21,DEBORAH MODUPE OPATA,F,JMPP,168,,FCT_FCT-SD.pdf
FCT,FCT,SD/109/FCT,22,DAHIRU SADIQ,M,KP,163,,FCT_FCT-SD.pdf
FCT,FCT,SD/109/FCT,23,UZOKWE-AGORUA PRINCESS MILLIE,F,LP,586,,FCT_FCT-SD.pdf
FCT,FCT,SD/109/FCT,24,OSENI NGOZI ABIODUN,F,MPN,117,,FCT_FCT-SD.pdf
FCT,FCT,SD/109/FCT,25,OCHEJA ANTHONY IDOKO,M,MRDD,133,,FCT_FCT-SD.pdf
FCT,FCT,SD/109/FCT,26,EJODAME IRIOGBE EMMANUEL,M,NIP,403,,FCT_FCT-SD.pdf
FCT,FCT,SD/109/FCT,27,TANIMU PHILIP ADUDA,M,PDP,263055,ELECTED,FCT_FCT-SD.pdf
FCT,FCT,SD/109/FCT,28,JOSEPH TERWASE AKUME,M,PPC,498,,FCT_FCT-SD.pdf
FCT,FCT,SD/109/FCT,29,DANTANI DANTSOHO,M,PT,335,,FCT_FCT-SD.pdf
FCT,FCT,SD/109/FCT,30,JOHNSON ANENE SOMADINA,M,SDP,2509,,FCT_FCT-SD.pdf
FCT,FCT,SD/109/FCT,31,OVIENLONBA SUNDAY AMOS,M,UPC,78,,FCT_FCT-SD.pdf
FCT,FCT,SD/109/FCT,32,LANCASTER OKIRO NNENNA NGWAMMA,F,YPP,1969,,FCT_FCT-SD.pdf
Gombe,GOMBE CENTRAL,SD/043/GM,1,DANJUMA RIRI,MALE,A,61,,Gombe_GOMBE-CENTRAL.pdf
Gombe,GOMBE CENTRAL,SD/043/GM,2,ABUBAKAR ABDUL,MALE,ABP,142,,Gombe_GOMBE-CENTRAL.pdf
Gombe,GOMBE CENTRAL,SD/043/GM,3,MANGA ALH. USMAN,MALE,ADC,704,,Gombe_GOMBE-CENTRAL.pdf
Gombe,GOMBE CENTRAL,SD/043/GM,4,GOJE MOHAMMED DANJUMA,MALE,APC,110116,ELECTED,Gombe_GOMBE-CENTRAL.pdf
Gombe,GOMBE CENTRAL,SD/043/GM,5,ALIYU FATIMA ADAMU,FEMALE,ASD,155,,Gombe_GOMBE-CENTRAL.pdf
Gombe,GOMBE CENTRAL,SD/043/GM,6,SALISU SHUABU AHMAD,MALE,CAP,71,,Gombe_GOMBE-CENTRAL.pdf
Gombe,GOMBE CENTRAL,SD/043/GM,7,IBRAHIM SAMBO ADAMU,MALE,DA,74,,Gombe_GOMBE-CENTRAL.pdf
Gombe,GOMBE CENTRAL,SD/043/GM,8,ADAMU BALA,MALE,DPP,224,,Gombe_GOMBE-CENTRAL.pdf
Gombe,GOMBE CENTRAL,SD/043/GM,9,HARUNA MUSA,MALE,HDP,51,,Gombe_GOMBE-CENTRAL.pdf
Gombe,GOMBE CENTRAL,SD/043/GM,10,ABUBAKAR NASIRU NONO,MALE,PDP,39760,,Gombe_GOMBE-CENTRAL.pdf
Gombe,GOMBE CENTRAL,SD/043/GM,11,UMAR USMAN LAMIDO,MALE,PRP,8397,,Gombe_GOMBE-CENTRAL.pdf
Gombe,GOMBE CENTRAL,SD/043/GM,12,ABUBAKAR AHMAD GONI,MALE,SDP,349,,Gombe_GOMBE-CENTRAL.pdf
Gombe,GOMBE CENTRAL,SD/043/GM,13,ADIYA LAWRENCE BAKA,MALE,UPN,27,,Gombe_GOMBE-CENTRAL.pdf
Gombe,GOMBE NORTH,SD/045/GM,1,MUHAMMED HAUWA INUWA,FEMALE,A,74,,Gombe_GOMBE-NORTH.pdf
Gombe,GOMBE NORTH,SD/045/GM,2,UMAR ABDULLAHI,MALE,AAP,115,,Gombe_GOMBE-NORTH.pdf
Gombe,GOMBE NORTH,SD/045/GM,3,ABBA MAL USMAN,MALE,AD,64,,Gombe_GOMBE-NORTH.pdf
Gombe,GOMBE NORTH,SD/045/GM,4,ABBA AUWAL,MALE,ADC,181,,Gombe_GOMBE-NORTH.pdf
Gombe,GOMBE NORTH,SD/045/GM,5,HALLIRU ALIYU,MALE,AGA,452,,Gombe_GOMBE-NORTH.pdf
Gombe,GOMBE NORTH,SD/045/GM,6,ALKALI SAIDU AHMED,MALE,APC,152546,ELECTED,Gombe_GOMBE-NORTH.pdf
Gombe,GOMBE NORTH,SD/045/GM,7,YUSUF AMINU,MALE,APDA,468,,Gombe_GOMBE-NORTH.pdf
Gombe,GOMBE NORTH,SD/045/GM,8,MUHAMMAD GARBA,MALE,ASD,133,,Gombe_GOMBE-NORTH.pdf
Gombe,GOMBE NORTH,SD/045/GM,9,GAMBO MUHAMMED AHMED,MALE,BNPP,63,,Gombe_GOMBE-NORTH.pdf
Gombe,GOMBE NORTH,SD/045/GM,10,USMAN RIGA DAWAKI,MALE,CAP,117,,Gombe_GOMBE-NORTH.pdf
Gombe,GOMBE NORTH,SD/045/GM,11,YUGUDA SHANUWA,MALE,DPP,3244,,Gombe_GOMBE-NORTH.pdf
Gombe,GOMBE NORTH,SD/045/GM,12,BOYI YAHUZA MOHAMMED,MALE,MPN,99,,Gombe_GOMBE-NORTH.pdf
Gombe,GOMBE NORTH,SD/045/GM,13,PUMA ALIYU,FEMALE,PDC,184,,Gombe_GOMBE-NORTH.pdf
Gombe,GOMBE NORTH,SD/045/GM,14,DANKWAMBO IBRAHIM HASSAN,MALE,PDP,88016,,Gombe_GOMBE-NORTH.pdf
Gombe,GOMBE NORTH,SD/045/GM,15,ADAMU MOHAMMED SANI,MALE,PPP,171,,Gombe_GOMBE-NORTH.pdf
Gombe,GOMBE NORTH,SD/045/GM,16,MOHAMMED YELWA MUDI,MALE,PRP,135,,Gombe_GOMBE-NORTH.pdf
Gombe,GOMBE NORTH,SD/045/GM,17,ALHAJI HASHIDU GIDADO,MALE,RP,46,,Gombe_GOMBE-NORTH.pdf
Gombe,GOMBE NORTH,SD/045/GM,18,HARUNA ALIYU,MALE,UPC,23,,Gombe_GOMBE-NORTH.pdf
Gombe,GOMBE SOUTH,SD/044/GM,1,RUKUJEI DANLAMI ARABS,MALE,ABP,5788,,Gombe_GOMBE-SOUTH.pdf
Gombe,GOMBE SOUTH,SD/044/GM,2,LAMELA BILALI TURAKI,MALE,AD,105,,Gombe_GOMBE-SOUTH.pdf
Gombe,GOMBE SOUTH,SD/044/GM,3,NJIBI HARUNA ADAMU,MALE,ADC,234,,Gombe_GOMBE-SOUTH.pdf
Gombe,GOMBE SOUTH,SD/044/GM,4,KEFTIN ESAU AMUGA,MALE,ANN,501,,Gombe_GOMBE-SOUTH.pdf
Gombe,GOMBE SOUTH,SD/044/GM,5,AMOS BULUS KILAWANGS,MALE,APC,80549,ELECTED,Gombe_GOMBE-SOUTH.pdf
Gombe,GOMBE SOUTH,SD/044/GM,6,CHIBI AMOS ISA,MALE,CAP,158,,Gombe_GOMBE-SOUTH.pdf
Gombe,GOMBE SOUTH,SD/044/GM,7,MOHAMMED MAJI,MALE,DPP,213,,Gombe_GOMBE-SOUTH.pdf
Gombe,GOMBE SOUTH,SD/044/GM,8,BELLO BINTA,FEMALE,PDP,63312,,Gombe_GOMBE-SOUTH.pdf
Gombe,GOMBE SOUTH,SD/044/GM,9,ACHANA GAJUS YARO,MALE,PRP,1116,,Gombe_GOMBE-SOUTH.pdf
Gombe,GOMBE SOUTH,SD/044/GM,10,HANNATU AHMED YARO,FEMALE,SDP,266,,Gombe_GOMBE-SOUTH.pdf
Gombe,GOMBE SOUTH,SD/044/GM,11,HUSSAINI AHMED,MALE,UPN,36,,Gombe_GOMBE-SOUTH.pdf
Imo,IMO EAST,,1,UGOMUOH CHARLES,MALE,A,1735,,Imo_IMO-EAST.pdf
Imo,IMO EAST,,2,CHYMA ANTHONY,MALE,AA,3140,,Imo_IMO-EAST.pdf
Imo,IMO EAST,,3,CHIDI KENEDY MBAGWU,MALE,ACD,306,,Imo_IMO-EAST.pdf
Imo,IMO EAST,,4,ETHEL NGOZI NWANNA,FEMALE,ADC,444,,Imo_IMO-EAST.pdf
Imo,IMO EAST,,5,ONYEUGO RAYMOND U.,MALE,ADP,436,,Imo_IMO-EAST.pdf
Imo,IMO EAST,,6,ADELINE IWUAGU EMIHE,FEMALE,AGAP,219,,Imo_IMO-EAST.pdf
Imo,IMO EAST,,7,EBUBEDIKE CASMIR KELECHI,MALE,ANRP,157,,Imo_IMO-EAST.pdf
Imo,IMO EAST,,8,OJINERE EMMANUEL UMUNAKWE,MALE,APC,33729,,Imo_IMO-EAST.pdf
Imo,IMO EAST,,9,NWACHUKWU MIKE,MALE,APGA,18854,,Imo_IMO-EAST.pdf
Imo,IMO EAST,,10,IBE STEPHEN NNAMDI,MALE,APM,41,,Imo_IMO-EAST.pdf
Imo,IMO EAST,,11,NNADI CHARLES,MALE,APP,121,,Imo_IMO-EAST.pdf
Imo,IMO EAST,,12,DONALD UGONMA,FEMALE,ASD,150,,Imo_IMO-EAST.pdf
Imo,IMO EAST,,13,OBI HOPE ONYEWUCHI,MALE,DA,94,,Imo_IMO-EAST.pdf
Imo,IMO EAST,,14,ORIE CHRISTOPHER ONWUDIWE,MALE,DPC,238,,Imo_IMO-EAST.pdf
Imo,IMO EAST,,15,NWANSI CHIJINDU CHARLES,MALE,GPN,47,,Imo_IMO-EAST.pdf
Imo,IMO EAST,,16,OGUIJE EUCHARIA ANAYO,FEMALE,JMPP,23,,Imo_IMO-EAST.pdf
Imo,IMO EAST,,17,OKEAHIALAM LEO NKEMJIKA,MALE,LP,34,,Imo_IMO-EAST.pdf
Imo,IMO EAST,,18,EMUKA BASIL OBINNA,MALE,MMN,6,,Imo_IMO-EAST.pdf
Imo,IMO EAST,,19,KELECHI CHUKWUOHA,MALE,MPN,31,,Imo_IMO-EAST.pdf
Imo,IMO EAST,,20,EMEDON NKIRU ODIOYEYE,FEMALE,NAC,81,,Imo_IMO-EAST.pdf
Imo,IMO EAST,,21,KENNS-UGORJI KINGSLEY,MALE,NDLP,16,,Imo_IMO-EAST.pdf
Imo,IMO EAST,,22,ETONYEAKU OKECHUKWU UBA,MALE,NEPP,56,,Imo_IMO-EAST.pdf
Imo,IMO EAST,,23,ONYEALUSIM JENNIFER,FEMALE,NIP,34,,Imo_IMO-EAST.pdf
Imo,IMO EAST,,24,OZUZU NNAMDI EDWIN,MALE,NRM,25,,Imo_IMO-EAST.pdf
Imo,IMO EAST,,25,OSUOCHA CHIKEZIE EJIOGU,MALE,PDC,23,,Imo_IMO-EAST.pdf
Imo,IMO EAST,,26,ONYEWUCHI EZENWA FRANCIS,MALE,PDP,146647,ELECTED,Imo_IMO-EAST.pdf
Imo,IMO EAST,,27,NWACHUKWU KEMJI JONATHAN,MALE,PPA,410,,Imo_IMO-EAST.pdf
Imo,IMO EAST,,28,ABANEKE PRINCE,MALE,PPC,0,,Imo_IMO-EAST.pdf
Imo,IMO EAST,,29,DARLINGTON OPARA OSUNDU,MALE,PPN,22,,Imo_IMO-EAST.pdf
Imo,IMO EAST,,30,ANYANWU MICHAEL K.,MALE,PRP,85,,Imo_IMO-EAST.pdf
Imo,IMO EAST,,31,EMENAKO FELIX KELECHI,MALE,PT,167,,Imo_IMO-EAST.pdf
Imo,IMO EAST,,32,ONYEMAUCHECHUKWU IGBOKWE,MALE,SDP,3882,,Imo_IMO-EAST.pdf
Imo,IMO EAST,,33,AMUZIE EMMANUEL UCHENNA,MALE,SNP,151,,Imo_IMO-EAST.pdf
Imo,IMO EAST,,34,AGUOCHA DAVID L.,MALE,UPP,221,,Imo_IMO-EAST.pdf
Imo,IMO EAST,,35,NZE NKEM NKEMAKOLAM,MALE,YDP,154,,Imo_IMO-EAST.pdf
Imo,IMO EAST,,36,SAMSON ONYINYECHUKWU E.,MALE,YPP,298,,Imo_IMO-EAST.pdf
Imo,IMO EAST,,37,AMEACHI MAURICE CHINEDU,MALE,ZLP,749,,Imo_IMO-EAST.pdf
Imo,IMO WEST,,1,NNADI KELECHI SOLOMON,M,A,449,,Imo_IMO-WEST.pdf
Imo,IMO WEST,,2,EMELU KENNETH CHUKWUEMEKA,M,AA,4730,,Imo_IMO-WEST.pdf
Imo,IMO WEST,,3,OHAJIANYA HENRY,M,ACD,115,,Imo_IMO-WEST.pdf
Imo,IMO WEST,,4,NWAKOZOR VERNATIUS,M,ADC,315,,Imo_IMO-WEST.pdf
Imo,IMO WEST,,5,EKWUTUSILAM EZEALA THEOPHILUS,M,ADP,101,,Imo_IMO-WEST.pdf
Imo,IMO WEST,,6,OBIOMA CHRISTIAN CHIDIEBERE,M,AGAP,250,,Imo_IMO-WEST.pdf
Imo,IMO WEST,,7,OKOROCHA ETHELBERT ANAYO ROCHAS,M,APC,92262,ELECTED,Imo_IMO-WEST.pdf
Imo,IMO WEST,,8,IZUNASO OSITA BONAVENTURE,M,APGA,30923,,Imo_IMO-WEST.pdf
Imo,IMO WEST,,9,OBINNA EMEKA E.,M,APM,43,,Imo_IMO-WEST.pdf
Imo,IMO WEST,,10,EZENWA NESTOR IBEGBUNAM,M,APP,99,,Imo_IMO-WEST.pdf
Imo,IMO WEST,,11,OZUMBA CHIMBUOYIM,M,ASD,9,,Imo_IMO-WEST.pdf
Imo,IMO WEST,,12,ONYEKWERE DONATUS UCHE,M,C4C,27,,Imo_IMO-WEST.pdf
Imo,IMO WEST,,13,ONUOHA COLLINS ONYEMAUCHE,M,CAP,16,,Imo_IMO-WEST.pdf
Imo,IMO WEST,,14,OKECHUKWU FUNSY,M,DA,18,,Imo_IMO-WEST.pdf
Imo,IMO WEST,,15,UKADIKE BOBBY TOCHUKWU,M,FJP,87,,Imo_IMO-WEST.pdf
Imo,IMO WEST,,16,UGWUEZU MBA REGINALD CHIMNEMEREM,M,GPN,8,,Imo_IMO-WEST.pdf
Imo,IMO WEST,,17,UKWUEGBU HERBERT,M,JMPP,6,,Imo_IMO-WEST.pdf
Imo,IMO WEST,,18,NWACHUKWU GOODLUCK CLEMENT,M,KP,109,,Imo_IMO-WEST.pdf
Imo,IMO WEST,,19,IBEH UCHENNA ONYEOMA,F,LP,152,,Imo_IMO-WEST.pdf
Imo,IMO WEST,,20,EJIAKOR NATHAN CHIKE,M,MPN,39,,Imo_IMO-WEST.pdf
Imo,IMO WEST,,21,ORISAKWE IZUCHUKWU JOHN,M,NDLP,152,,Imo_IMO-WEST.pdf
Imo,IMO WEST,,22,OSUALA CASMIR,M,NEPP,47,,Imo_IMO-WEST.pdf
Imo,IMO WEST,,23,KINGSLEY CHIBUZOR AMADI,M,NFD,25,,Imo_IMO-WEST.pdf
Imo,IMO WEST,,24,OBIOHA CHRISTOPHER U.A,M,NNPP,30,,Imo_IMO-WEST.pdf
Imo,IMO WEST,,25,OPARA ALOYSIUS,M,NRM,28,,Imo_IMO-WEST.pdf
Imo,IMO WEST,,26,OKEKE VICTOR NKONYE,M,NUP,505,,Imo_IMO-WEST.pdf
Imo,IMO WEST,,27,ONYERERI CHUKWUDI JONES VICTOR,M,PDP,63117,,Imo_IMO-WEST.pdf
Imo,IMO WEST,,28,ALEX IKENNA AGUGUA,M,PPC,90,,Imo_IMO-WEST.pdf
Imo,IMO WEST,,29,AGOBI VIVIAN C.,F,PPN,31,,Imo_IMO-WEST.pdf
Imo,IMO WEST,,30,OKEKE FORTUNE CHINONSO,M,PRP,17,,Imo_IMO-WEST.pdf
Imo,IMO WEST,,31,AMADI SAMUEL,M,PT,34,,Imo_IMO-WEST.pdf
Imo,IMO WEST,,32,UNAEZE HENRY ONWUKWE,M,SDP,540,,Imo_IMO-WEST.pdf
Imo,IMO WEST,,33,ANOSIKE OBINNA DENNIS,M,SNP,9,,Imo_IMO-WEST.pdf
Imo,IMO WEST,,34,OKORO SAMUEL EMMANUEL,M,UPC,14,,Imo_IMO-WEST.pdf
Imo,IMO WEST,,35,NWADIKE PRECIOUS UWADI,M,UPP,84,,Imo_IMO-WEST.pdf
Imo,IMO WEST,,36,OPARA UGOCHUKWU LOUIS,M,YPP,50,,Imo_IMO-WEST.pdf
Imo,IMO WEST,,37,MADUMERE CHISOM CHARLES,M,ZLP,41,,Imo_IMO-WEST.pdf
Jigawa,JIGAWA NORTH EAST,SD/050/JG,1,IBRAHIM MOHAMMED,M,ADC,363,,Jigawa_JIGAWA-NORTHEAST.pdf
Jigawa,JIGAWA NORTH EAST,SD/050/JG,2,HASSAN IBRAHIM HADEIJA,M,APC,184185,ELECTED,Jigawa_JIGAWA-NORTHEAST.pdf
Jigawa,JIGAWA NORTH EAST,SD/050/JG,3,JAMILU USMAN,M,DA,218,,Jigawa_JIGAWA-NORTHEAST.pdf
Jigawa,JIGAWA NORTH EAST,SD/050/JG,4,SALIHI YUSUF SANI,M,MPN,106,,Jigawa_JIGAWA-NORTHEAST.pdf
Jigawa,JIGAWA NORTH EAST,SD/050/JG,6,SHITU UBALE MOHAMMED,M,PDP,103039,,Jigawa_JIGAWA-NORTHEAST.pdf
Jigawa,JIGAWA NORTH EAST,SD/050/JG,7,ISYAKU MOHAMMED LELEKUDU,M,PPA,140,,Jigawa_JIGAWA-NORTHEAST.pdf
Jigawa,JIGAWA NORTH EAST,SD/050/JG,8,ABDULLAHI MUHAMMAD B.,M,PPC,179,,Jigawa_JIGAWA-NORTHEAST.pdf
Jigawa,JIGAWA NORTH EAST,SD/050/JG,9,KAUGAMA RABIU GARBA,M,SDP,14697,,Jigawa_JIGAWA-NORTHEAST.pdf
Jigawa,JIGAWA NORTH WEST,SD/051/JG,1,BALARABE YAU KANYA,M,ADC,532,,Jigawa_JIGAWA-NORTHWEST.pdf
Jigawa,JIGAWA NORTH WEST,SD/051/JG,2,SANKARA DANLADI ABDULLAHI,M,APC,286655,ELECTED,Jigawa_JIGAWA-NORTHWEST.pdf
Jigawa,JIGAWA NORTH WEST,SD/051/JG,3,AMINU NJIDDA,M,DA,454,,Jigawa_JIGAWA-NORTHWEST.pdf
Jigawa,JIGAWA NORTH WEST,SD/051/JG,4,ISAH LAWAN,M,JMPP,146,,Jigawa_JIGAWA-NORTHWEST.pdf
Jigawa,JIGAWA NORTH WEST,SD/051/JG,5,SALISU ZAINAB,F,MPN,205,,Jigawa_JIGAWA-NORTHWEST.pdf
Jigawa,JIGAWA NORTH WEST,SD/051/JG,6,ABDULLAHI BAYERO,M,PDM,305,,Jigawa_JIGAWA-NORTHWEST.pdf
Jigawa,JIGAWA NORTH WEST,SD/051/JG,7,RONI UMAR NASIRU,M,PDP,120314,,Jigawa_JIGAWA-NORTHWEST.pdf
Jigawa,JIGAWA NORTH WEST,SD/051/JG,8,SALISU USMAN,M,PPC,299,,Jigawa_JIGAWA-NORTHWEST.pdf
Jigawa,JIGAWA NORTH WEST,SD/051/JG,9,BASIRU ALIYU,M,PPN,106,,Jigawa_JIGAWA-NORTHWEST.pdf
Jigawa,JIGAWA NORTH WEST,SD/051/JG,10,HALADU M'HMED ZARADA,M,PRP,471,,Jigawa_JIGAWA-NORTHWEST.pdf
Jigawa,JIGAWA NORTH WEST,SD/051/JG,11,SEN MOHAMMED DADE ALKALI,M,SDP,29986,,Jigawa_JIGAWA-NORTHWEST.pdf
Jigawa,JIGAWA NORTH WEST,SD/051/JG,12,UMAR ABBA,M,YPP,125,,Jigawa_JIGAWA-NORTHWEST.pdf
Jigawa,JIGAWA SOUTH WEST,SD/049/JG,1,IBAH ADAMU BELLO,MALE,A,409,,Jigawa_JIGAWA-SOUITHWEST.pdf
Jigawa,JIGAWA SOUTH WEST,SD/049/JG,2,BALA IBRAHIM,MALE,ACPN,164,,Jigawa_JIGAWA-SOUITHWEST.pdf
Jigawa,JIGAWA SOUTH WEST,SD/049/JG,3,ISAH YAU SHUWARIN,MALE,ADC,420,,Jigawa_JIGAWA-SOUITHWEST.pdf
Jigawa,JIGAWA SOUTH WEST,SD/049/JG,4,MOHAMMED SABO,MALE,APC,224543,ELECTED,Jigawa_JIGAWA-SOUITHWEST.pdf
Jigawa,JIGAWA SOUTH WEST,SD/049/JG,5,HUHU GARBA,MALE,DA,508,,Jigawa_JIGAWA-SOUITHWEST.pdf
Jigawa,JIGAWA SOUTH WEST,SD/049/JG,6,MOHAMMED ABDUSSALAM,MALE,MPN,135,,Jigawa_JIGAWA-SOUITHWEST.pdf
Jigawa,JIGAWA SOUTH WEST,SD/049/JG,8,LAMIDO MUSTAPHA SULE,MALE,PDP,143611,,Jigawa_JIGAWA-SOUITHWEST.pdf
Jigawa,JIGAWA SOUTH WEST,SD/049/JG,9,ASHIRU MUHAMMED,MALE,PPC,334,,Jigawa_JIGAWA-SOUITHWEST.pdf
Jigawa,JIGAWA SOUTH WEST,SD/049/JG,10,ABUBAKAR ILIYASU,MALE,PT,68,,Jigawa_JIGAWA-SOUITHWEST.pdf
Jigawa,JIGAWA SOUTH WEST,SD/049/JG,11,ASHIRU SUNUSI KATANGA,MALE,SDP,3496,,Jigawa_JIGAWA-SOUITHWEST.pdf
Kaduna,KADUNA CENTRAL,SD/053/KD,1,BALA SAGIR,MALE,A,79,,Kaduna_KADUNA-CENTRAL.pdf
Kaduna,KADUNA CENTRAL,SD/053/KD,2,TIJANI HALIMA TURAKI,FEMALE,ABP,313,,Kaduna_KADUNA-CENTRAL.pdf
Kaduna,KADUNA CENTRAL,SD/053/KD,3,IBRAHIM YUSUF,MALE,ADC,279,,Kaduna_KADUNA-CENTRAL.pdf
Kaduna,KADUNA CENTRAL,SD/053/KD,4,ABDULRAHMAN MOHAMMED,MALE,AGAP,391,,Kaduna_KADUNA-CENTRAL.pdf
Kaduna,KADUNA CENTRAL,SD/053/KD,5,SANI UBA,MALE,APC,355242,ELECTED,Kaduna_KADUNA-CENTRAL.pdf
Kaduna,KADUNA CENTRAL,SD/053/KD,6,IBRAHIM HAUWA FUNTUA,FEMALE,APGA,7423,,Kaduna_KADUNA-CENTRAL.pdf
Kaduna,KADUNA CENTRAL,SD/053/KD,7,ADEOYE MICHAEL OLATUNJI,MALE,CAP,114,,Kaduna_KADUNA-CENTRAL.pdf
Kaduna,KADUNA CENTRAL,SD/053/KD,8,BUKSU BUHARI,MALE,DA,54,,Kaduna_KADUNA-CENTRAL.pdf
Kaduna,KADUNA CENTRAL,SD/053/KD,9,HABU HUSSAINA,FEMALE,DPC,175,,Kaduna_KADUNA-CENTRAL.pdf
Kaduna,KADUNA CENTRAL,SD/053/KD,10,AKINSOYINU OLAKUNLE OLUWAFEMI,MALE,GPN,131,,Kaduna_KADUNA-CENTRAL.pdf
Kaduna,KADUNA CENTRAL,SD/053/KD,11,SABO UMAR SULEIMAN,MALE,ID,36,,Kaduna_KADUNA-CENTRAL.pdf
Kaduna,KADUNA CENTRAL,SD/053/KD,12,MUHAMMED HAMISU ABUBAKAR,MALE,JMPP,20,,Kaduna_KADUNA-CENTRAL.pdf
Kaduna,KADUNA CENTRAL,SD/053/KD,13,ABDULLAHI MOHAMMED,MALE,LP,160,,Kaduna_KADUNA-CENTRAL.pdf
Kaduna,KADUNA CENTRAL,SD/053/KD,14,MOHAMMED TAUHEED,MALE,MMN,136,,Kaduna_KADUNA-CENTRAL.pdf
Kaduna,KADUNA CENTRAL,SD/053/KD,15,BELLO MUSA,MALE,MPN,2177,,Kaduna_KADUNA-CENTRAL.pdf
Kaduna,KADUNA CENTRAL,SD/053/KD,16,USMAN HAFSAT M. B.,FEMALE,NEPP,150,,Kaduna_KADUNA-CENTRAL.pdf
Kaduna,KADUNA CENTRAL,SD/053/KD,17,MAILAFIYA SHEHU BAMALLI,MALE,NRM,1590,,Kaduna_KADUNA-CENTRAL.pdf
Kaduna,KADUNA CENTRAL,SD/053/KD,18,USMAN LAWAL ADAMU,MALE,PDP,195497,,Kaduna_KADUNA-CENTRAL.pdf
Kaduna,KADUNA CENTRAL,SD/053/KD,19,MUHAMMED INUWA HARUNA,MALE,PPA,414,,Kaduna_KADUNA-CENTRAL.pdf
Kaduna,KADUNA CENTRAL,SD/053/KD,20,AKINSOYINU OLAKUNLE OLUFEMI,MALE,PPN,881,,Kaduna_KADUNA-CENTRAL.pdf
Kaduna,KADUNA CENTRAL,SD/053/KD,21,SANI SHEHU,MALE,PRP,70613,,Kaduna_KADUNA-CENTRAL.pdf
Kaduna,KADUNA CENTRAL,SD/053/KD,22,FRANCIS KWADEMI HEZRON,MALE,PT,137,,Kaduna_KADUNA-CENTRAL.pdf
Kaduna,KADUNA CENTRAL,SD/053/KD,23,ALIYU MUHAMMAD LAWAL,MALE,SDP,758,,Kaduna_KADUNA-CENTRAL.pdf
Kaduna,KADUNA CENTRAL,SD/053/KD,24,YAKUBU SHEHU ZAKARI,MALE,ZLP,44,,Kaduna_KADUNA-CENTRAL.pdf
Kaduna,KADUNA NORTH,SD/052/KD,1,MUHAMMAD AISHATU USMAN T.,FEMALE,A,49,,Kaduna_KADUNA-NORTH-1.pdf
Kaduna,KADUNA NORTH,SD/052/KD,2,AYUBA IBRAHIM,MALE,AA,49,,Kaduna_KADUNA-NORTH-1.pdf
Kaduna,KADUNA NORTH,SD/052/KD,3,SULEIMAN ABDULLAHI,MALE,ADC,3890,,Kaduna_KADUNA-NORTH-1.pdf
Kaduna,KADUNA NORTH,SD/052/KD,4,KWARI SULEIMAN ABDU,MALE,APC,411497,ELECTED,Kaduna_KADUNA-NORTH-1.pdf
Kaduna,KADUNA NORTH,SD/052/KD,5,ADAMU ALIYU NUHU,MALE,CAP,918,,Kaduna_KADUNA-NORTH-1.pdf
Kaduna,KADUNA NORTH,SD/052/KD,6,AWAISU SHEHU KASSIM,MALE,DA,54,,Kaduna_KADUNA-NORTH-1.pdf
Kaduna,KADUNA NORTH,SD/052/KD,7,BALARABE SALEH,MALE,DPC,122,,Kaduna_KADUNA-NORTH-1.pdf
Kaduna,KADUNA NORTH,SD/052/KD,8,MUHAMMED TUKUR ZUBAIRU,MALE,GPN,26,,Kaduna_KADUNA-NORTH-1.pdf
Kaduna,KADUNA NORTH,SD/052/KD,9,SHEHU ISMAEEL,MALE,KP,458,,Kaduna_KADUNA-NORTH-1.pdf
Kaduna,KADUNA NORTH,SD/052/KD,10,SULEIMAN SHEHU S.,MALE,LP,34,,Kaduna_KADUNA-NORTH-1.pdf
Kaduna,KADUNA NORTH,SD/052/KD,11,ABDULLAHI NUHU,MALE,MMN,52,,Kaduna_KADUNA-NORTH-1.pdf
Kaduna,KADUNA NORTH,SD/052/KD,12,SALISU MUSA,MALE,NEPP,48,,Kaduna_KADUNA-NORTH-1.pdf
Kaduna,KADUNA NORTH,SD/052/KD,13,DANBAWA ISHAKU,MALE,NPC,134,,Kaduna_KADUNA-NORTH-1.pdf
Kaduna,KADUNA NORTH,SD/052/KD,14,SHUAIBU SIRAJO,MALE,PDC,1302,,Kaduna_KADUNA-NORTH-1.pdf
Kaduna,KADUNA NORTH,SD/052/KD,15,HUNKUYI OTHMAN SULEIMAN,MALE,PDP,181955,,Kaduna_KADUNA-NORTH-1.pdf
Kaduna,KADUNA NORTH,SD/052/KD,16,ADAMA ABUBAKAR HARUNA,MALE,PPA,233,,Kaduna_KADUNA-NORTH-1.pdf
Kaduna,KADUNA NORTH,SD/052/KD,17,ABDULLAHI HUSSAIN,MALE,PPN,54,,Kaduna_KADUNA-NORTH-1.pdf
Kaduna,KADUNA NORTH,SD/052/KD,18,ABUJAZID BASHIR,MALE,PRP,1556,,Kaduna_KADUNA-NORTH-1.pdf
Kaduna,KADUNA NORTH,SD/052/KD,19,ABDULLAHI SHUAIBU,MALE,SDP,5490,,Kaduna_KADUNA-NORTH-1.pdf
Kaduna,KADUNA NORTH,SD/052/KD,20,ABUBAKAR IBRAHIM,MALE,ZLP,30,,Kaduna_KADUNA-NORTH-1.pdf
Kaduna,KADUNA SOUTH,SD/054/KD,1,MOHAMMED SULMAILA SHEHU KACHIA,M,A,205,,Kaduna_KADUNA-SOUTH-1.pdf
Kaduna,KADUNA SOUTH,SD/054/KD,2,BENEDICT BAKO KURAH,M,ADC,2741,,Kaduna_KADUNA-SOUTH-1.pdf
Kaduna,KADUNA SOUTH,SD/054/KD,3,THADDEUS LIKITA ASHEI,M,ANN,239,,Kaduna_KADUNA-SOUTH-1.pdf
Kaduna,KADUNA SOUTH,SD/054/KD,4,BALA BARNABAS YUSUF,M,APC,133287,,Kaduna_KADUNA-SOUTH-1.pdf
Kaduna,KADUNA SOUTH,SD/054/KD,5,MUSA LAZARUS,M,CAP,277,,Kaduna_KADUNA-SOUTH-1.pdf
Kaduna,KADUNA SOUTH,SD/054/KD,6,MARUF ABDULAHI,M,DA,64,,Kaduna_KADUNA-SOUTH-1.pdf
Kaduna,KADUNA SOUTH,SD/054/KD,7,DAUDA PHILIBUS,M,GPN,176,,Kaduna_KADUNA-SOUTH-1.pdf
Kaduna,KADUNA SOUTH,SD/054/KD,8,HASSAN MICHAEL PETER,M,LP,566,,Kaduna_KADUNA-SOUTH-1.pdf
Kaduna,KADUNA SOUTH,SD/054/KD,9,LAAH DANJUMA TELLA,M,PDP,268923,ELECTED,Kaduna_KADUNA-SOUTH-1.pdf
Kaduna,KADUNA SOUTH,SD/054/KD,10,PATRICK,M,PPN,252,,Kaduna_KADUNA-SOUTH-1.pdf
Kaduna,KADUNA SOUTH,SD/054/KD,11,BULUS JAMES,M,PRP,1546,,Kaduna_KADUNA-SOUTH-1.pdf
Kaduna,KADUNA SOUTH,SD/054/KD,12,SHEKARI RIJO SHEKARI,M,SDP,9609,,Kaduna_KADUNA-SOUTH-1.pdf
Kano,KANO CENTRAL,SD/055/KN,1,IBRAHIM ALIKO NASIRU,M,A,367,,Kano_kano-central.pdf
Kano,KANO CENTRAL,SD/055/KN,2,RABIU ALMUSTAFA,M,AA,298,,Kano_kano-central.pdf
Kano,KANO CENTRAL,SD/055/KN,3,ABDULLAHI IBRAHIM,M,AD,903,,Kano_kano-central.pdf
Kano,KANO CENTRAL,SD/055/KN,4,MUSA SHUABU UNGOGO,M,ADC,1227,,Kano_kano-central.pdf
Kano,KANO CENTRAL,SD/055/KN,5,SA'AD ABDULMAJEED BABANGIDA,M,ADP,1082,,Kano_kano-central.pdf
Kano,KANO CENTRAL,SD/055/KN,6,SHEHU MUNZALI,M,AGA,345,,Kano_kano-central.pdf
Kano,KANO CENTRAL,SD/055/KN,7,BUHARI ABBAS,M,ANDP,236,,Kano_kano-central.pdf
Kano,KANO CENTRAL,SD/055/KN,8,BASAF ABDULLAHI GHALI,M,ANP,287,,Kano_kano-central.pdf
Kano,KANO CENTRAL,SD/055/KN,9,NASIRU IBRAHIM,M,APA,912,,Kano_kano-central.pdf
Kano,KANO CENTRAL,SD/055/KN,10,SHEKARAU IBRAHIM,M,APC,506271,ELECTED,Kano_kano-central.pdf
Kano,KANO CENTRAL,SD/055/KN,11,BUHARI LAILA,F,APDA,4182,,Kano_kano-central.pdf
Kano,KANO CENTRAL,SD/055/KN,12,AMINU AHMAD UMAR,M,APP,387,,Kano_kano-central.pdf
Kano,KANO CENTRAL,SD/055/KN,13,MUSTAPHA ABUBAKAR,M,CAP,111,,Kano_kano-central.pdf
Kano,KANO CENTRAL,SD/055/KN,14,MUHAMMAD SANI AHMAD,M,DA,148,,Kano_kano-central.pdf
Kano,KANO CENTRAL,SD/055/KN,15,ABDU DIJE L.,F,DPC,148,,Kano_kano-central.pdf
Kano,KANO CENTRAL,SD/055/KN,16,KANKAROFI AHMED BALA,M,GPN,706,,Kano_kano-central.pdf
Kano,KANO CENTRAL,SD/055/KN,17,ISA BIN HARON,M,JMPP,122,,Kano_kano-central.pdf
Kano,KANO CENTRAL,SD/055/KN,18,HARUNA IBRAHIM,M,LP,167,,Kano_kano-central.pdf
Kano,KANO CENTRAL,SD/055/KN,19,HADI INUWA M.,M,LPN,720,,Kano_kano-central.pdf
Kano,KANO CENTRAL,SD/055/KN,20,MUSTAPHA SALMAN,M,MMN,135,,Kano_kano-central.pdf
Kano,KANO CENTRAL,SD/055/KN,21,GARBA AMINU,M,MPN,544,,Kano_kano-central.pdf
Kano,KANO CENTRAL,SD/055/KN,22,SAIDU SHEHU UBALE,M,NAC,234,,Kano_kano-central.pdf
Kano,KANO CENTRAL,SD/055/KN,23,HAUWA IBRAHIM EL-YAKUB,F,NPM,1138,,Kano_kano-central.pdf
Kano,KANO CENTRAL,SD/055/KN,24,AL-GHAZALI IBRAHIM ALI,M,NRM,473,,Kano_kano-central.pdf
Kano,KANO CENTRAL,SD/055/KN,25,MADAKI ALIYU SANI,M,PDP,276768,,Kano_kano-central.pdf
Kano,KANO CENTRAL,SD/055/KN,26,AMINU RABIU,M,PPN,392,,Kano_kano-central.pdf
Kano,KANO CENTRAL,SD/055/KN,27,RUFA'I A. HANGA,M,PRP,21734,,Kano_kano-central.pdf
Kano,KANO CENTRAL,SD/055/KN,28,KWARU SALEH ADAMU,M,SDP,1424,,Kano_kano-central.pdf
Kano,KANO CENTRAL,SD/055/KN,29,DANPULLO SADIQ HAMZA AHMED,M,UPC,159,,Kano_kano-central.pdf
Kano,KANO CENTRAL,SD/055/KN,30,UMAR SABO ABDULLAHI,M,UPP,169,,Kano_kano-central.pdf
Kano,KANO NORTH,SD/056/KN,1,GWARZO JAMILU AHMED,M,A,94,,Kano_KANO-NORTH.pdf
Kano,KANO NORTH,SD/056/KN,2,AHMAD ADO,M,AA,351,,Kano_KANO-NORTH.pdf
Kano,KANO NORTH,SD/056/KN,3,BASHIR ALI,M,ACD,96,,Kano_KANO-NORTH.pdf
Kano,KANO NORTH,SD/056/KN,4,IBRAHIM LABO UMAR,M,AD,1314,,Kano_KANO-NORTH.pdf
Kano,KANO NORTH,SD/056/KN,5,SHAMSUDEEN BICHI,M,ADC,193,,Kano_KANO-NORTH.pdf
Kano,KANO NORTH,SD/056/KN,6,AHMED KABIRU BICHI,M,AGA,309,,Kano_KANO-NORTH.pdf
Kano,KANO NORTH,SD/056/KN,7,ABUBAKAR ABUBAKAR,M,ANDP,1723,,Kano_KANO-NORTH.pdf
Kano,KANO NORTH,SD/056/KN,8,BANGARE WASILU HASSAN,M,ANP,765,,Kano_KANO-NORTH.pdf
Kano,KANO NORTH,SD/056/KN,9,BARAU JIBRIN I.,M,APC,286419,ELECTED,Kano_KANO-NORTH.pdf
Kano,KANO NORTH,SD/056/KN,10,MAIKUDI SULAIMAN,M,APDA,5551,,Kano_KANO-NORTH.pdf
Kano,KANO NORTH,SD/056/KN,11,ALI KABIRU MUHAMMAD,M,APP,270,,Kano_KANO-NORTH.pdf
Kano,KANO NORTH,SD/056/KN,12,GARBA TAUWA AUWAL,M,CAP,54,,Kano_KANO-NORTH.pdf
Kano,KANO NORTH,SD/056/KN,13,BAGWAI GADDAFI SANI,M,DPC,70,,Kano_KANO-NORTH.pdf
Kano,KANO NORTH,SD/056/KN,14,HASIRU HASSAN,M,GPN,66,,Kano_KANO-NORTH.pdf
Kano,KANO NORTH,SD/056/KN,15,GAMBO ABUBAKAR IDRIS,M,HDP,62,,Kano_KANO-NORTH.pdf
Kano,KANO NORTH,SD/056/KN,16,HASSAN SHUAIBU MOHAMMED,M,JMPP,71,,Kano_KANO-NORTH.pdf
Kano,KANO NORTH,SD/056/KN,17,SHEHU MUSTAPHA GWARZO,M,LP,136,,Kano_KANO-NORTH.pdf
Kano,KANO NORTH,SD/056/KN,18,BALARABE ALKASSIM AHMAD,M,LPN,186,,Kano_KANO-NORTH.pdf
Kano,KANO NORTH,SD/056/KN,19,SHEHU ABDULLAHI NUHU,M,MPN,172,,Kano_KANO-NORTH.pdf
Kano,KANO NORTH,SD/056/KN,20,MOHAMMED HARUNA SHUWAKI,M,NPM,339,,Kano_KANO-NORTH.pdf
Kano,KANO NORTH,SD/056/KN,21,AHMED GARBA BICHI,M,PDP,155638,,Kano_KANO-NORTH.pdf
Kano,KANO NORTH,SD/056/KN,22,MUHAMMAD AYUBA,M,PPA,372,,Kano_KANO-NORTH.pdf
Kano,KANO NORTH,SD/056/KN,23,AUWAL ABDULLAHI M,M,PPC,1649,,Kano_KANO-NORTH.pdf
Kano,KANO NORTH,SD/056/KN,24,SALE USMAN,M,PPN,244,,Kano_KANO-NORTH.pdf
Kano,KANO NORTH,SD/056/KN,25,LAWAL ADANAN AUDI,M,PRP,10364,,Kano_KANO-NORTH.pdf
Kano,KANO NORTH,SD/056/KN,26,ADO ALI T/WADA,M,PT,60,,Kano_KANO-NORTH.pdf
Kano,KANO NORTH,SD/056/KN,27,BURUNTUMAU GARBA MAGAJI,M,SDP,69,,Kano_KANO-NORTH.pdf
Kano,KANO NORTH,SD/056/KN,28,NASIR MOH'D BALA,M,UPP,71,,Kano_KANO-NORTH.pdf
Kano,KANO SOUTH,SD/057/KN,1,UMAR YUSUF KIBIYA,M,A,111,,Kano_KANO-SOUTH.pdf
Kano,KANO SOUTH,SD/057/KN,2,SHA'ARANI YUSUF MUHD,M,AA,115,,Kano_KANO-SOUTH.pdf
Kano,KANO SOUTH,SD/057/KN,3,NASIRU MUHAMMAD,M,ACD,133,,Kano_KANO-SOUTH.pdf
Kano,KANO SOUTH,SD/057/KN,4,ZAHARADEEN I KARAYE,M,AD,381,,Kano_KANO-SOUTH.pdf
Kano,KANO SOUTH,SD/057/KN,5,ABUBARKAR MURTALA ABDULLAHI,M,ADC,507,,Kano_KANO-SOUTH.pdf
Kano,KANO SOUTH,SD/057/KN,6,GAYA MUSTAPHA IDI,M,ADP,264,,Kano_KANO-SOUTH.pdf
Kano,KANO SOUTH,SD/057/KN,7,SHEHI ABBA KIRU,M,AGA,265,,Kano_KANO-SOUTH.pdf
Kano,KANO SOUTH,SD/057/KN,8,HASSAN AL HASSAN,M,ANDP,261,,Kano_KANO-SOUTH.pdf
Kano,KANO SOUTH,SD/057/KN,9,RIMI MUHAMMAD GALADIMA,M,ANP,2065,,Kano_KANO-SOUTH.pdf
Kano,KANO SOUTH,SD/057/KN,10,ABDULRAHMAN ABUBAKAR,M,APA,830,,Kano_KANO-SOUTH.pdf
Kano,KANO SOUTH,SD/057/KN,11,GAYA IBRAHIM KABIRU,M,APC,319004,WINNER,Kano_KANO-SOUTH.pdf
Kano,KANO SOUTH,SD/057/KN,12,SANI ABDULLAHI,M,APDA,859,,Kano_KANO-SOUTH.pdf
Kano,KANO SOUTH,SD/057/KN,13,YAKUBU YAKUBU ABUBAKAR,M,APP,191,,Kano_KANO-SOUTH.pdf
Kano,KANO SOUTH,SD/057/KN,14,IBRAHIM ABDULRASHID SAIDU,M,CAP,58,,Kano_KANO-SOUTH.pdf
Kano,KANO SOUTH,SD/057/KN,15,HABIBU ABDULLAHI,M,DA,150,,Kano_KANO-SOUTH.pdf
Kano,KANO SOUTH,SD/057/KN,16,ADAMU DANYAYA ZAREWA,M,GPN,101,,Kano_KANO-SOUTH.pdf
Kano,KANO SOUTH,SD/057/KN,17,HAMZA SA'IDU,M,HDP,827,,Kano_KANO-SOUTH.pdf
Kano,KANO SOUTH,SD/057/KN,18,MAGAJI KANI IBRAHIM,M,JMPP,89,,Kano_KANO-SOUTH.pdf
Kano,KANO SOUTH,SD/057/KN,19,UMAR MUSA DARKI,M,LP,333,,Kano_KANO-SOUTH.pdf
Kano,KANO SOUTH,SD/057/KN,20,SHEHU MAHMUD,M,LPN,223,,Kano_KANO-SOUTH.pdf
Kano,KANO SOUTH,SD/057/KN,21,ABDULRASHID AUWAL,M,MPN,202,,Kano_KANO-SOUTH.pdf
Kano,KANO SOUTH,SD/057/KN,22,ABUBARKAR SALEH MUHAMMAD,M,NPM,342,,Kano_KANO-SOUTH.pdf
Kano,KANO SOUTH,SD/057/KN,23,ABDULLAHI SANI ROGO,M,PDP,217520,,Kano_KANO-SOUTH.pdf
Kano,KANO SOUTH,SD/057/KN,24,MOHAMMED SULE,M,PPN,711,,Kano_KANO-SOUTH.pdf
Kano,KANO SOUTH,SD/057/KN,25,YAHAYA BALA KARAYE,M,PRP,30013,,Kano_KANO-SOUTH.pdf
Kano,KANO SOUTH,SD/057/KN,26,AMINU GARBA,M,PT,225,,Kano_KANO-SOUTH.pdf
Kano,KANO SOUTH,SD/057/KN,27,SULE USAINI,M,SDP,93,,Kano_KANO-SOUTH.pdf
Kano,KANO SOUTH,SD/057/KN,28,DALHA LABARAN,M,UPP,60,,Kano_KANO-SOUTH.pdf
Katsina,KATSINA CENTRAL,SD/060/KT,1,LAWAL BOYI SALIMU,M,A,1386,,Katsina_KATSINA-CENTRAL.pdf
Katsina,KATSINA CENTRAL,SD/060/KT,2,UMAR HALADU,M,ADC,1209,,Katsina_KATSINA-CENTRAL.pdf
Katsina,KATSINA CENTRAL,SD/060/KT,3,ABDULLAHI ENGR. KABIR BARKIYA,M,APC,340800,ELECTED,Katsina_KATSINA-CENTRAL.pdf
Katsina,KATSINA CENTRAL,SD/060/KT,4,LAWAL ABUBAKAR,M,DA,472,,Katsina_KATSINA-CENTRAL.pdf
Katsina,KATSINA CENTRAL,SD/060/KT,5,ABBA ARMA YA'U,M,JMPP,182,,Katsina_KATSINA-CENTRAL.pdf
Katsina,KATSINA CENTRAL,SD/060/KT,6,SADA ZAINAB MOHAMMED,F,NRM,1301,,Katsina_KATSINA-CENTRAL.pdf
Katsina,KATSINA CENTRAL,SD/060/KT,7,GAMBO HAMISU,M,PDP,124372,,Katsina_KATSINA-CENTRAL.pdf
Katsina,KATSINA CENTRAL,SD/060/KT,8,YUSUF KABIRU,M,PPN,321,,Katsina_KATSINA-CENTRAL.pdf
Katsina,KATSINA CENTRAL,SD/060/KT,9,BALA HARUNA,M,PRP,285,,Katsina_KATSINA-CENTRAL.pdf
Katsina,KATSINA CENTRAL,SD/060/KT,10,KHALID ABDULLAHI,M,PT,77,,Katsina_KATSINA-CENTRAL.pdf
Katsina,KATSINA CENTRAL,SD/060/KT,11,ALH. ABUBAKAR BILYA FUNTUA,M,SDP,86,,Katsina_KATSINA-CENTRAL.pdf
Katsina,KATSINA CENTRAL,SD/060/KT,12,MUHAMMAD JIBIA SALISU,M,UPC,96,,Katsina_KATSINA-CENTRAL.pdf
Katsina,KATSINA NORTH,SD/058/KT,1,NALADO MUHAMMAD LAWAL,M,A,14152,,Katsina_KATSINA-NORTH.pdf
Katsina,KATSINA NORTH,SD/058/KT,2,MOHAMMED SADA LAWAL,M,ADC,182,,Katsina_KATSINA-NORTH.pdf
Katsina,KATSINA NORTH,SD/058/KT,3,BABBA AHMAD KAITA,M,APC,339438,ELECTED,Katsina_KATSINA-NORTH.pdf
Katsina,KATSINA NORTH,SD/058/KT,4,IBRAHIM NURA,M,DA,568,,Katsina_KATSINA-NORTH.pdf
Katsina,KATSINA NORTH,SD/058/KT,5,ADODO MURTALA ADAMU,M,JMPP,155,,Katsina_KATSINA-NORTH.pdf
Katsina,KATSINA NORTH,SD/058/KT,6,MAMMAN ABDULLAHI INGAWA,M,NRM,345,,Katsina_KATSINA-NORTH.pdf
Katsina,KATSINA NORTH,SD/058/KT,7,USMAN MANI NASARAWA,M,PDP,127529,,Katsina_KATSINA-NORTH.pdf
Katsina,KATSINA NORTH,SD/058/KT,8,MURTALA HALILU,M,PPC,268,,Katsina_KATSINA-NORTH.pdf
Katsina,KATSINA NORTH,SD/058/KT,9,LAWAL YAHAYA,M,PPN,52,,Katsina_KATSINA-NORTH.pdf
Katsina,KATSINA NORTH,SD/058/KT,10,MUSA ISMAIL,M,PRP,123,,Katsina_KATSINA-NORTH.pdf
Katsina,KATSINA NORTH,SD/058/KT,11,IBRAHIM SANI IRO,M,PT,24,,Katsina_KATSINA-NORTH.pdf
Katsina,KATSINA NORTH,SD/058/KT,12,HON. NURADEEN MUJAHID,M,SDP,59,,Katsina_KATSINA-NORTH.pdf
Katsina,KATSINA SOUTH,SD/059/KT,1,MAL. NURA AMADU,M,ADC,625,,Katsina_KATSINA-SOUTH.pdf
Katsina,KATSINA SOUTH,SD/059/KT,2,MANDIYA BELLO,M,APC,433139,ELECTED,Katsina_KATSINA-SOUTH.pdf
Katsina,KATSINA SOUTH,SD/059/KT,3,SURAJO ZAHARADEEN FUNTUA,M,C4C,365,,Katsina_KATSINA-SOUTH.pdf
Katsina,KATSINA SOUTH,SD/059/KT,4,YUSUF MUHAMMAD,M,NRM,515,,Katsina_KATSINA-SOUTH.pdf
Katsina,KATSINA SOUTH,SD/059/KT,5,IMAM SHEHU INUWA,M,PDP,158081,,Katsina_KATSINA-SOUTH.pdf
Katsina,KATSINA SOUTH,SD/059/KT,6,LAWAL ABUBAKAR,M,PPN,268,,Katsina_KATSINA-SOUTH.pdf
Katsina,KATSINA SOUTH,SD/059/KT,7,SHU'AIBU MOHAMMED,M,PRP,5011,,Katsina_KATSINA-SOUTH.pdf
Katsina,KATSINA SOUTH,SD/059/KT,8,ALIYU MOHAMMED MATAZU,M,PT,36,,Katsina_KATSINA-SOUTH.pdf
Katsina,KATSINA SOUTH,SD/059/KT,9,YUNUSA LAWAL IBRAHIM,M,SDP,162,,Katsina_KATSINA-SOUTH.pdf
Kebbi,KEBBI CENTRAL,SD/062/KB,1,ABUBAKAR IBRAHIM,M,A,59,,Kebbi_KEBBI-CENTRAL.pdf
Kebbi,KEBBI CENTRAL,SD/062/KB,2,ABDULLAHI MOHAMMED,M,AAP,94,,Kebbi_KEBBI-CENTRAL.pdf
Kebbi,KEBBI CENTRAL,SD/062/KB,3,SHEHU FARUKU SHEHU,M,ADC,79,,Kebbi_KEBBI-CENTRAL.pdf
Kebbi,KEBBI CENTRAL,SD/062/KB,4,USMAN IBRAHIM,M,ANDP,63,,Kebbi_KEBBI-CENTRAL.pdf
Kebbi,KEBBI CENTRAL,SD/062/KB,5,ABUBAKAR HAJARA B/KEBBI,F,APA,410,,Kebbi_KEBBI-CENTRAL.pdf
Kebbi,KEBBI CENTRAL,SD/062/KB,6,ADAMU MAINASARA ALIERO MUHAMMAD,M,APC,232000,ELECTED,Kebbi_KEBBI-CENTRAL.pdf
Kebbi,KEBBI CENTRAL,SD/062/KB,7,BUHARI ABDULLAHI,M,APP,293,,Kebbi_KEBBI-CENTRAL.pdf
Kebbi,KEBBI CENTRAL,SD/062/KB,8,MUHAMMAD SIDI ALI,M,DA,58,,Kebbi_KEBBI-CENTRAL.pdf
Kebbi,KEBBI CENTRAL,SD/062/KB,9,ADBDULLAHI ABUBAKAR,M,DPP,134,,Kebbi_KEBBI-CENTRAL.pdf
Kebbi,KEBBI CENTRAL,SD/062/KB,10,SHEHU MOHAMMED MUSA,M,GPN,23,,Kebbi_KEBBI-CENTRAL.pdf
Kebbi,KEBBI CENTRAL,SD/062/KB,11,DANKO SANI ZUBAIRU,M,HDP,62,,Kebbi_KEBBI-CENTRAL.pdf
Kebbi,KEBBI CENTRAL,SD/062/KB,12,JEGA USMAN ADAMU,M,JMPP,10,,Kebbi_KEBBI-CENTRAL.pdf
Kebbi,KEBBI CENTRAL,SD/062/KB,13,AHMED YUSHA'U,M,KP,14,,Kebbi_KEBBI-CENTRAL.pdf
Kebbi,KEBBI CENTRAL,SD/062/KB,14,ABUBAKAR SUWAIBA,F,NAC,32,,Kebbi_KEBBI-CENTRAL.pdf
Kebbi,KEBBI CENTRAL,SD/062/KB,15,ABUBAKAR SHEHU,M,NCMP,38,,Kebbi_KEBBI-CENTRAL.pdf
Kebbi,KEBBI CENTRAL,SD/062/KB,16,KASIMU UMAR,M,NPC,144,,Kebbi_KEBBI-CENTRAL.pdf
Kebbi,KEBBI CENTRAL,SD/062/KB,17,MOHAMMAD HASSAN,M,NRM,368,,Kebbi_KEBBI-CENTRAL.pdf
Kebbi,KEBBI CENTRAL,SD/062/KB,18,SHEHU ABUBAKAR,M,PDP,75638,,Kebbi_KEBBI-CENTRAL.pdf
Kebbi,KEBBI CENTRAL,SD/062/KB,19,MUHAMMED ABDULAZIZ,M,PPA,325,,Kebbi_KEBBI-CENTRAL.pdf
Kebbi,KEBBI CENTRAL,SD/062/KB,20,MUHAMMED ZAYYANU,M,PPN,49,,Kebbi_KEBBI-CENTRAL.pdf
Kebbi,KEBBI CENTRAL,SD/062/KB,21,BAGUDU HELAMA,M,PT,50,,Kebbi_KEBBI-CENTRAL.pdf
Kebbi,KEBBI CENTRAL,SD/062/KB,22,UMAR BASHAR,M,RP,273,,Kebbi_KEBBI-CENTRAL.pdf
Kebbi,KEBBI CENTRAL,SD/062/KB,23,SANI SAMAILA,M,SDP,5919,,Kebbi_KEBBI-CENTRAL.pdf
Kebbi,KEBBI CENTRAL,SD/062/KB,24,LAWAL DAUDA,M,SNP,139,,Kebbi_KEBBI-CENTRAL.pdf
Kebbi,KEBBI NORTH,SD/061/KB,1,MOHAMMED SHAFAATU,FEMALE,A,149,,Kebbi_KEBBI-NORTH.pdf
Kebbi,KEBBI NORTH,SD/061/KB,2,SANNI AISHATU,FEMALE,AD,209,,Kebbi_KEBBI-NORTH.pdf
Kebbi,KEBBI NORTH,SD/061/KB,3,BALA SUFFIYANU,MALE,ADC,151,,Kebbi_KEBBI-NORTH.pdf
Kebbi,KEBBI NORTH,SD/061/KB,4,ABDULLAHI DANTATI,MALE,APA,607,,Kebbi_KEBBI-NORTH.pdf
Kebbi,KEBBI NORTH,SD/061/KB,5,ABDULLAHI ABUBAKAR YAHAYA,MALE,APC,170624,ELECTED,Kebbi_KEBBI-NORTH.pdf
Kebbi,KEBBI NORTH,SD/061/KB,6,HAMIDU UMAR,MALE,DA,1015,,Kebbi_KEBBI-NORTH.pdf
Kebbi,KEBBI NORTH,SD/061/KB,7,NUHU MOHAMMED,MALE,GPN,136,,Kebbi_KEBBI-NORTH.pdf
Kebbi,KEBBI NORTH,SD/061/KB,8,DALHATU KABIRU,MALE,HDP,176,,Kebbi_KEBBI-NORTH.pdf
Kebbi,KEBBI NORTH,SD/061/KB,9,IBRAHIM KABIRU,MALE,JMPP,106,,Kebbi_KEBBI-NORTH.pdf
Kebbi,KEBBI NORTH,SD/061/KB,10,SURU SHAMSU HUSAINI,MALE,MPN,106,,Kebbi_KEBBI-NORTH.pdf
Kebbi,KEBBI NORTH,SD/061/KB,11,SANUSI BALA USMAN,MALE,NCMP,85,,Kebbi_KEBBI-NORTH.pdf
Kebbi,KEBBI NORTH,SD/061/KB,12,ADAMU UMAR MAI GWAZA,MALE,NRM,111,,Kebbi_KEBBI-NORTH.pdf
Kebbi,KEBBI NORTH,SD/061/KB,13,USMAN BELLO SURU,MALE,PDP,66815,,Kebbi_KEBBI-NORTH.pdf
Kebbi,KEBBI NORTH,SD/061/KB,14,YAKUBU MAGAJIN HALILU,MALE,PT,301,,Kebbi_KEBBI-NORTH.pdf
Kebbi,KEBBI NORTH,SD/061/KB,15,GARBA ALIYU SANI,MALE,SDP,154,,Kebbi_KEBBI-NORTH.pdf
Kebbi,KEBBI SOUTH,SD/063/KB,1,JUNAIDU MODI,M,ADC,609,,Kebbi_KEBBI-SOUTH.pdf
Kebbi,KEBBI SOUTH,SD/063/KB,2,NA ALLAH BALA IBN,M,APC,136287,ELECTED,Kebbi_KEBBI-SOUTH.pdf
Kebbi,KEBBI SOUTH,SD/063/KB,3,HAMIS YUSUF AHMED,M,DA,706,,Kebbi_KEBBI-SOUTH.pdf
Kebbi,KEBBI SOUTH,SD/063/KB,4,MUSA AMINA,F,GPN,177,,Kebbi_KEBBI-SOUTH.pdf
Kebbi,KEBBI SOUTH,SD/063/KB,5,MUSA ABANKA JOSEPH IBRAHIM,M,JMPP,117,,Kebbi_KEBBI-SOUTH.pdf
Kebbi,KEBBI SOUTH,SD/063/KB,6,LAWAL MOHAMMED,M,NCMP,94,,Kebbi_KEBBI-SOUTH.pdf
Kebbi,KEBBI SOUTH,SD/063/KB,7,AUDU SANUSI,M,NRM,150,,Kebbi_KEBBI-SOUTH.pdf
Kebbi,KEBBI SOUTH,SD/063/KB,8,DIKKI BENJAMIN EZRA,M,PDP,62733,,Kebbi_KEBBI-SOUTH.pdf
Kebbi,KEBBI SOUTH,SD/063/KB,9,HUSSAIN ZANGE ZURU,M,SDP,1584,,Kebbi_KEBBI-SOUTH.pdf
Kogi,KOGI CENTRAL,SD/064/KG,1,ABDULMALIK ZULEIHAT,F,A,18,,Kogi_KOGI-CENTRAL.pdf
Kogi,KOGI CENTRAL,SD/064/KG,2,JIMOH DAUDA RAJI,M,ACPN,86,,Kogi_KOGI-CENTRAL.pdf
Kogi,KOGI CENTRAL,SD/064/KG,3,SALIU YUSUF,M,AD,22,,Kogi_KOGI-CENTRAL.pdf
Kogi,KOGI CENTRAL,SD/064/KG,4,ABDULKADIR YAHAYA OHIANI,M,ADC,528,,Kogi_KOGI-CENTRAL.pdf
Kogi,KOGI CENTRAL,SD/064/KG,5,ADABARA ALIU KAREEM,M,ADP,214,,Kogi_KOGI-CENTRAL.pdf
Kogi,KOGI CENTRAL,SD/064/KG,6,YAKUBU OSENI,M,APC,76183,ELECTED,Kogi_KOGI-CENTRAL.pdf
Kogi,KOGI CENTRAL,SD/064/KG,7,EZEKIEL IRAH TAIYE,M,APM,82,,Kogi_KOGI-CENTRAL.pdf
Kogi,KOGI CENTRAL,SD/064/KG,8,AMOS AKINDELE,M,CAP,4,,Kogi_KOGI-CENTRAL.pdf
Kogi,KOGI CENTRAL,SD/064/KG,9,SALAMI ADEIZA CHRISTOHER,M,DA,20,,Kogi_KOGI-CENTRAL.pdf
Kogi,KOGI CENTRAL,SD/064/KG,10,ABDULRAHIM NASIRU,M,DPP,25,,Kogi_KOGI-CENTRAL.pdf
Kogi,KOGI CENTRAL,SD/064/KG,11,MOHAMMED O. IBRAHIM,M,LP,43,,Kogi_KOGI-CENTRAL.pdf
Kogi,KOGI CENTRAL,SD/064/KG,12,HAKEEM MOHAMMED,M,MPN,107,,Kogi_KOGI-CENTRAL.pdf
Kogi,KOGI CENTRAL,SD/064/KG,13,OGEMBE SALAU AHMED,M,PDP,18349,,Kogi_KOGI-CENTRAL.pdf
Kogi,KOGI CENTRAL,SD/064/KG,14,ONIMISI STEPHEN ALIYU,M,PPA,56,,Kogi_KOGI-CENTRAL.pdf
Kogi,KOGI CENTRAL,SD/064/KG,15,ISAH YUNUSA,M,PPN,31,,Kogi_KOGI-CENTRAL.pdf
Kogi,KOGI CENTRAL,SD/064/KG,16,NASIRU YAHAYA,M,PT,261,,Kogi_KOGI-CENTRAL.pdf
Kogi,KOGI CENTRAL,SD/064/KG,17,AKPOTI NATASHA HADIZA,F,SDP,48056,,Kogi_KOGI-CENTRAL.pdf
Kogi,KOGI CENTRAL,SD/064/KG,18,GABRIEL DANIEL OTOHINOYI,M,UPC,8,,Kogi_KOGI-CENTRAL.pdf
Kogi,KOGI CENTRAL,SD/064/KG,19,AVOSUAHI AMINU FATIMA,F,UPP,,,Kogi_KOGI-CENTRAL.pdf
Kogi,KOGI EAST,SD/065/KG,1,EGWUABA REUBEN,M,A,997,,Kogi_KOGI-EAST.pdf
Kogi,KOGI EAST,SD/065/KG,2,SALIHU UMAR OKAI,M,AA,138,,Kogi_KOGI-EAST.pdf
Kogi,KOGI EAST,SD/065/KG,3,AGENE MATTHEW E,M,ACPN,143,,Kogi_KOGI-EAST.pdf
Kogi,KOGI EAST,SD/065/KG,4,ADOJI VICTOR ALEWO,M,ADC,31171,,Kogi_KOGI-EAST.pdf
Kogi,KOGI EAST,SD/065/KG,5,AUDU YUNISA IMADI,M,ANDP,413,,Kogi_KOGI-EAST.pdf
Kogi,KOGI EAST,SD/065/KG,6,AKOJE KELVIN ENEOJO,M,ANN,341,,Kogi_KOGI-EAST.pdf
Kogi,KOGI EAST,SD/065/KG,7,ISAH JIBRIN,M,APC,134189,ELECTED,Kogi_KOGI-EAST.pdf
Kogi,KOGI EAST,SD/065/KG,8,EDIME GODWIN AMADE,M,APDA,1525,,Kogi_KOGI-EAST.pdf
Kogi,KOGI EAST,SD/065/KG,9,OJOGBANE BENJAMIN IDOKO,M,APGA,782,,Kogi_KOGI-EAST.pdf
Kogi,KOGI EAST,SD/065/KG,10,ACHENEJE GABRIEL,M,APM,115,,Kogi_KOGI-EAST.pdf
Kogi,KOGI EAST,SD/065/KG,11,ODUFU COSMAS FRIDAY,M,CNP,50,,Kogi_KOGI-EAST.pdf
Kogi,KOGI EAST,SD/065/KG,12,ATADOGA UGBEDE DAVID,M,DA,67,,Kogi_KOGI-EAST.pdf
Kogi,KOGI EAST,SD/065/KG,13,DANLADI SULEIMAN ABU,M,DPP,83,,Kogi_KOGI-EAST.pdf
Kogi,KOGI EAST,SD/065/KG,14,JOHN IDOKO AKPA,M,GDPN,26,,Kogi_KOGI-EAST.pdf
Kogi,KOGI EAST,SD/065/KG,15,MOHAMMED LAWAL ABUBUKAR,M,GPN,15,,Kogi_KOGI-EAST.pdf
Kogi,KOGI EAST,SD/065/KG,16,KATO FRANK,M,ID,114,,Kogi_KOGI-EAST.pdf
Kogi,KOGI EAST,SD/065/KG,17,OBOY ALFA AMOS,M,JMPP,56,,Kogi_KOGI-EAST.pdf
Kogi,KOGI EAST,SD/065/KG,18,YUNUSA ABDULWAHAB,M,LP,245,,Kogi_KOGI-EAST.pdf
Kogi,KOGI EAST,SD/065/KG,19,FRIDAY ADEMU ENEMONA,M,MPN,487,,Kogi_KOGI-EAST.pdf
Kogi,KOGI EAST,SD/065/KG,20,"UMAR ABDULAZEEZ USMAN, ODEGIRI",M,NCP,157,,Kogi_KOGI-EAST.pdf
Kogi,KOGI EAST,SD/065/KG,21,ABOH ADUOJO SAMUEL,M,NEPP,263,,Kogi_KOGI-EAST.pdf
Kogi,KOGI EAST,SD/065/KG,22,ALI ATAI AIDOKO USMAN,M,PDP,74201,,Kogi_KOGI-EAST.pdf
Kogi,KOGI EAST,SD/065/KG,23,EGWU AMANAH MATHIAS PAUL,M,PPA,338,,Kogi_KOGI-EAST.pdf
Kogi,KOGI EAST,SD/065/KG,24,AKOGU GABRIEL BALA,M,PPC,304,,Kogi_KOGI-EAST.pdf
Kogi,KOGI EAST,SD/065/KG,25,OKAI YAHAYA,M,PPN,213,,Kogi_KOGI-EAST.pdf
Kogi,KOGI EAST,SD/065/KG,26,AKOJE ENEOJO KEVIN,M,PT,30,,Kogi_KOGI-EAST.pdf
Kogi,KOGI EAST,SD/065/KG,27,ABUBAKAR ABDULRAHMAN,M,SDP,1721,,Kogi_KOGI-EAST.pdf
Kogi,KOGI EAST,SD/065/KG,28,YAKUBU ADIJETU,F,UPC,20,,Kogi_KOGI-EAST.pdf
Kogi,KOGI EAST,SD/065/KG,29,AKUBO VICTOR OJIMAOYO KING,M,UPP,30,,Kogi_KOGI-EAST.pdf
Kogi,KOGI EAST,SD/065/KG,30,CHINGA EMMANUEL DAVID,M,YPP,27,,Kogi_KOGI-EAST.pdf
Kogi,KOGI WEST,SD/066/KG,1,IBITOYE ROSLINE ABOSEDE,F,A,84,,Kogi_KOGI-WEST.pdf
Kogi,KOGI WEST,SD/066/KG,2,IGBINYEMIN JEREMIAH TEMITOPE,M,ACPN,48,,Kogi_KOGI-WEST.pdf
Kogi,KOGI WEST,SD/066/KG,3,ABAYOMI MOSES,M,AD,156,,Kogi_KOGI-WEST.pdf
Kogi,KOGI WEST,SD/066/KG,4,JOHN ADEYEMI OLABODE,M,ADC,6861,,Kogi_KOGI-WEST.pdf
Kogi,KOGI WEST,SD/066/KG,5,ADEYEMI SMART,M,APC,66901,,Kogi_KOGI-WEST.pdf
Kogi,KOGI WEST,SD/066/KG,6,CHIEF SUNDAY AWONIYI ONUGBAMI,M,APM,116,,Kogi_KOGI-WEST.pdf
Kogi,KOGI WEST,SD/066/KG,7,AINA OLASUNKANMI OLAYINKA,M,CAP,42,,Kogi_KOGI-WEST.pdf
Kogi,KOGI WEST,SD/066/KG,8,ABDULKADIR USMAN,M,DA,50,,Kogi_KOGI-WEST.pdf
Kogi,KOGI WEST,SD/066/KG,9,PETERS OBAJE OLUSEGUN,M,DPC,4,,Kogi_KOGI-WEST.pdf
Kogi,KOGI WEST,SD/066/KG,10,ONILE EYITAYO BAMIDELE,M,ID,28,,Kogi_KOGI-WEST.pdf
Kogi,KOGI WEST,SD/066/KG,11,EMMANUEL OLAYEMI OLAKUNLE,M,JMPP,66,,Kogi_KOGI-WEST.pdf
Kogi,KOGI WEST,SD/066/KG,12,OKPANACHI BALA NICHOLAS,M,KP,7,,Kogi_KOGI-WEST.pdf
Kogi,KOGI WEST,SD/066/KG,13,IBRAHIM HANNATU AKUJIMISI,F,LP,57,,Kogi_KOGI-WEST.pdf
Kogi,KOGI WEST,SD/066/KG,14,METHUSELAH ALONGE GALLIO,M,MPN,10,,Kogi_KOGI-WEST.pdf
Kogi,KOGI WEST,SD/066/KG,15,SULEIMAN TENIMU,M,NCP,45,,Kogi_KOGI-WEST.pdf
Kogi,KOGI WEST,SD/066/KG,16,ADEYEMI TAIWO,M,NEPP,254,,Kogi_KOGI-WEST.pdf
Kogi,KOGI WEST,SD/066/KG,17,MELAYE DANIEL DINO,M,PDP,85395,ELECTED,Kogi_KOGI-WEST.pdf
Kogi,KOGI WEST,SD/066/KG,18,NOAH JOHN ABIODUN,M,PPA,166,,Kogi_KOGI-WEST.pdf
Kogi,KOGI WEST,SD/066/KG,19,JOHN IDACHABA,M,PPC,97,,Kogi_KOGI-WEST.pdf
Kogi,KOGI WEST,SD/066/KG,20,ATTEH SAMUEL,M,PPN,93,,Kogi_KOGI-WEST.pdf
Kogi,KOGI WEST,SD/066/KG,21,ANIA OLASUNKANMI,M,PT,12,,Kogi_KOGI-WEST.pdf
Kogi,KOGI WEST,SD/066/KG,22,AMBASSADOR RUFUS B. AIYENIGBA,M,SDP,560,,Kogi_KOGI-WEST.pdf
Kogi,KOGI WEST,SD/066/KG,23,MUHAMMED ABDULKAREEM,M,UPC,32,,Kogi_KOGI-WEST.pdf
Kogi,KOGI WEST,SD/066/KG,24,OLORUNTOBA CHERRY YINKA,F,UPP,11,,Kogi_KOGI-WEST.pdf
Kwara,KWARA CENTRAL,SD/068/KW,1,ABDULRAHMAN ABUBAKAR GARBA,M,A,53,,Kwara_KWARA-CENTRAL.pdf
Kwara,KWARA CENTRAL,SD/068/KW,2,ISMAILA AKEEM,M,AA,216,,Kwara_KWARA-CENTRAL.pdf
Kwara,KWARA CENTRAL,SD/068/KW,3,AMBALI ABDULAKABIR,M,ACPN,162,,Kwara_KWARA-CENTRAL.pdf
Kwara,KWARA CENTRAL,SD/068/KW,4,ABUBAKAR ABDULRAHEEM,M,ADC,236,,Kwara_KWARA-CENTRAL.pdf
Kwara,KWARA CENTRAL,SD/068/KW,5,ABDULWAHEED MARIAM,F,ADP,312,,Kwara_KWARA-CENTRAL.pdf
Kwara,KWARA CENTRAL,SD/068/KW,6,KAMAL IBRAHIM,M,ANP,114,,Kwara_KWARA-CENTRAL.pdf
Kwara,KWARA CENTRAL,SD/068/KW,7,BUSARI SHAAMSUDDEEN ABOLORE AKANDE,M,ANRP,331,,Kwara_KWARA-CENTRAL.pdf
Kwara,KWARA CENTRAL,SD/068/KW,8,OLORIEGBE YAHAYA IBRAHIM,M,APC,123808,ELECTED,Kwara_KWARA-CENTRAL.pdf
Kwara,KWARA CENTRAL,SD/068/KW,9,WURAOLA HASIYA GAMBARI,F,APN,99,,Kwara_KWARA-CENTRAL.pdf
Kwara,KWARA CENTRAL,SD/068/KW,10,ABUBAKAR SHOLA ABDULRAHEEM,M,DA,14,,Kwara_KWARA-CENTRAL.pdf
Kwara,KWARA CENTRAL,SD/068/KW,11,OKANLAWON ADEKUNLE TAIWO,F,GPN,21,,Kwara_KWARA-CENTRAL.pdf
Kwara,KWARA CENTRAL,SD/068/KW,12,MUSA SULEIMAN,M,KP,39,,Kwara_KWARA-CENTRAL.pdf
Kwara,KWARA CENTRAL,SD/068/KW,13,ABDULSALAM KUBURAT,F,LP,72,,Kwara_KWARA-CENTRAL.pdf
Kwara,KWARA CENTRAL,SD/068/KW,14,ABUBAKAR KHADIJAT BIMBO,F,MPN,56,,Kwara_KWARA-CENTRAL.pdf
Kwara,KWARA CENTRAL,SD/068/KW,15,ALADE IYIOLA OLAWOLE M,M,PDC,226,,Kwara_KWARA-CENTRAL.pdf
Kwara,KWARA CENTRAL,SD/068/KW,16,SARAKI ABUBAKAR OLUBUKOLA,M,PDP,68994,,Kwara_KWARA-CENTRAL.pdf
Kwara,KWARA CENTRAL,SD/068/KW,17,IBRAHIM WASIU AYINDE,M,PPA,192,,Kwara_KWARA-CENTRAL.pdf
Kwara,KWARA CENTRAL,SD/068/KW,18,ANJORIN JOHN TEMITAYO,M,PPN,58,,Kwara_KWARA-CENTRAL.pdf
Kwara,KWARA CENTRAL,SD/068/KW,19,MOHAMMED SAIDU,M,PT,940,,Kwara_KWARA-CENTRAL.pdf
Kwara,KWARA CENTRAL,SD/068/KW,20,BABATUNDE SULYMAN,M,SDP,71,,Kwara_KWARA-CENTRAL.pdf
Kwara,KWARA CENTRAL,SD/068/KW,21,BABATA MOSHOOD ABIOLA ABDULKAREEM,M,UPN,37,,Kwara_KWARA-CENTRAL.pdf
Kwara,KWARA CENTRAL,SD/068/KW,22,MUKAILA ALARO SULYMAN,M,UPP,4,,Kwara_KWARA-CENTRAL.pdf
Kwara,KWARA NORTH,SD/067/KW,1,OMOTOSHO GANIY JAIYEOLA,M,A,35,,Kwara_KWARA-NORTH.pdf
Kwara,KWARA NORTH,SD/067/KW,2,SOLIU MOHAMMED LANRE,M,AA,41,,Kwara_KWARA-NORTH.pdf
Kwara,KWARA NORTH,SD/067/KW,3,USMAN BUGE ISHIAK,M,ACPN,63,,Kwara_KWARA-NORTH.pdf
Kwara,KWARA NORTH,SD/067/KW,4,JOSEPH ADEWOLE,M,ADC,214,,Kwara_KWARA-NORTH.pdf
Kwara,KWARA NORTH,SD/067/KW,5,ABUBAKAR MOHAMMED,M,ANP,269,,Kwara_KWARA-NORTH.pdf
Kwara,KWARA NORTH,SD/067/KW,6,UMAR SULEIMAN SADIQ,M,APC,98170,ELECTED,Kwara_KWARA-NORTH.pdf
Kwara,KWARA NORTH,SD/067/KW,7,MUSA YAHAYA IBRAHIM,M,APN,314,,Kwara_KWARA-NORTH.pdf
Kwara,KWARA NORTH,SD/067/KW,8,IBRAHIM MUHAMMED,M,DA,62,,Kwara_KWARA-NORTH.pdf
Kwara,KWARA NORTH,SD/067/KW,9,LATEEF OLABISI BELLO,M,GPN,54,,Kwara_KWARA-NORTH.pdf
Kwara,KWARA NORTH,SD/067/KW,10,MOHAMMED FARUK UMAR,M,LP,133,,Kwara_KWARA-NORTH.pdf
Kwara,KWARA NORTH,SD/067/KW,11,ZAKARI MOHAMMED,M,PDP,33364,,Kwara_KWARA-NORTH.pdf
Kwara,KWARA NORTH,SD/067/KW,12,ADEDIMEJI SAMUEL LALA,M,PPN,102,,Kwara_KWARA-NORTH.pdf
Kwara,KWARA NORTH,SD/067/KW,13,MOHAMMED U. A,M,PT,44,,Kwara_KWARA-NORTH.pdf
Kwara,KWARA NORTH,SD/067/KW,14,SAMUEL SABA JOHN,M,SDP,27,,Kwara_KWARA-NORTH.pdf
Kwara,KWARA NORTH,SD/067/KW,15,MUHAMMED HARUNA GARBA,M,UPN,20,,Kwara_KWARA-NORTH.pdf
Kwara,KWARA SOUTH,SD/069/KW,1,SULYMAN ADEKUNLE YUSUF,M,AA,60,,Kwara_KWARA-SOUTH.pdf
Kwara,KWARA SOUTH,SD/069/KW,2,KUTI KAYODE JESSE JULIUS,M,ACPN,44,,Kwara_KWARA-SOUTH.pdf
Kwara,KWARA SOUTH,SD/069/KW,3,MUHAMMED ONAOLAPO TOYIN,M,ADC,223,,Kwara_KWARA-SOUTH.pdf
Kwara,KWARA SOUTH,SD/069/KW,4,ONIYALA OLUYOLA JOHN,M,ADP,422,,Kwara_KWARA-SOUTH.pdf
Kwara,KWARA SOUTH,SD/069/KW,5,BAMIDELE OGUNWALE ISAAC,M,ANP,268,,Kwara_KWARA-SOUTH.pdf
Kwara,KWARA SOUTH,SD/069/KW,6,ASHIRU OYELOLA YISA,M,APC,89704,ELECTED,Kwara_KWARA-SOUTH.pdf
Kwara,KWARA SOUTH,SD/069/KW,7,ADEKUNLE AYODEJI KODABO,M,APN,118,,Kwara_KWARA-SOUTH.pdf
Kwara,KWARA SOUTH,SD/069/KW,8,OYEWOLE DAUDA,M,DA,4,,Kwara_KWARA-SOUTH.pdf
Kwara,KWARA SOUTH,SD/069/KW,9,ADELEKE JUMOKE TAOFIKAT,F,GPN,5,,Kwara_KWARA-SOUTH.pdf
Kwara,KWARA SOUTH,SD/069/KW,10,SUNDAY ADEDAYO J. O.,M,KP,6,,Kwara_KWARA-SOUTH.pdf
Kwara,KWARA SOUTH,SD/069/KW,11,OLAGUNJU ABIDOYE,M,LP,34,,Kwara_KWARA-SOUTH.pdf
Kwara,KWARA SOUTH,SD/069/KW,12,MOHAMMED ISIAKA SALAWU,M,MPN,20,,Kwara_KWARA-SOUTH.pdf
Kwara,KWARA SOUTH,SD/069/KW,13,AYINLA AKINKUNMI AKINKUNMI,M,PDC,140,,Kwara_KWARA-SOUTH.pdf
Kwara,KWARA SOUTH,SD/069/KW,14,IBRAHIM RAFIU,M,PDP,45176,,Kwara_KWARA-SOUTH.pdf
Kwara,KWARA SOUTH,SD/069/KW,15,ADEPOJU JOHN DEBO,M,PPA,123,,Kwara_KWARA-SOUTH.pdf
Kwara,KWARA SOUTH,SD/069/KW,16,AJAYI OLAYEMI BIDEMI,M,PPN,467,,Kwara_KWARA-SOUTH.pdf
Kwara,KWARA SOUTH,SD/069/KW,17,OLATEJU TAJUDEEN,M,PT,32,,Kwara_KWARA-SOUTH.pdf
Kwara,KWARA SOUTH,SD/069/KW,18,THOMAS ABOLARIN FALADE,M,SDP,20,,Kwara_KWARA-SOUTH.pdf
Kwara,KWARA SOUTH,SD/069/KW,19,EMMAN TOLU OGUNDELE,M,UPN,10,,Kwara_KWARA-SOUTH.pdf
Kwara,KWARA SOUTH,SD/069/KW,20,AFOLAYAN COMFORT FUNKE,F,UPP,11,,Kwara_KWARA-SOUTH.pdf
Lagos,LAGOS CENTRAL,SD/069/LA,1,AKINYEMI OLUWAFUNMILAYO JOSEPHINE,F,A,338,,Lagos_LAGOS-CENTRAL.pdf
Lagos,LAGOS CENTRAL,SD/069/LA,2,JAWANDO NURADEEN OMOTAYO,M,AA,392,,Lagos_LAGOS-CENTRAL.pdf
Lagos,LAGOS CENTRAL,SD/069/LA,3,EMERENINI KENETH CHUKWUEBUKA,M,ACD,376,,Lagos_LAGOS-CENTRAL.pdf
Lagos,LAGOS CENTRAL,SD/069/LA,4,SUNMONU LATEEF ADIGUN,M,ADC,1949,,Lagos_LAGOS-CENTRAL.pdf
Lagos,LAGOS CENTRAL,SD/069/LA,5,OLUWABUSOLA AKINDELE ADENIKE,M,ANP,1120,,Lagos_LAGOS-CENTRAL.pdf
Lagos,LAGOS CENTRAL,SD/069/LA,6,TINUBU OLUREMI SHADE,F,APC,131725,ELECTED,Lagos_LAGOS-CENTRAL.pdf
Lagos,LAGOS CENTRAL,SD/069/LA,7,ADU OMOLOLA KOLADE,F,CAP,219,,Lagos_LAGOS-CENTRAL.pdf
Lagos,LAGOS CENTRAL,SD/069/LA,8,OGOWEWO OLUGBEMISOLA OLUFUNKE,F,DA,134,,Lagos_LAGOS-CENTRAL.pdf
Lagos,LAGOS CENTRAL,SD/069/LA,9,MARTINS TINA REMI,F,FJP,132,,Lagos_LAGOS-CENTRAL.pdf
Lagos,LAGOS CENTRAL,SD/069/LA,10,OYINBO PATRICIA NNEDIMMA,F,ID,84,,Lagos_LAGOS-CENTRAL.pdf
Lagos,LAGOS CENTRAL,SD/069/LA,11,OLADOTUN ALABA OLARIBIGBE,M,LM,101,,Lagos_LAGOS-CENTRAL.pdf
Lagos,LAGOS CENTRAL,SD/069/LA,12,PARIOLA RUFINA OLAMIDE,F,MPN,1137,,Lagos_LAGOS-CENTRAL.pdf
Lagos,LAGOS CENTRAL,SD/069/LA,13,ONITIRI ADESUNBO DAVID,M,PDP,89107,,Lagos_LAGOS-CENTRAL.pdf
Lagos,LAGOS CENTRAL,SD/069/LA,14,BAJULAIYE OMOGBEHIN OMOWUNMI AGBEKE,F,PT,183,,Lagos_LAGOS-CENTRAL.pdf
Lagos,LAGOS EAST,SD/071/LA,1,OWOLABI OLUSEGUN SHAMSIDEEN,M,A,4587,,Lagos_LAGOS-EAST.pdf
Lagos,LAGOS EAST,SD/071/LA,2,FRANCIS SHONUBI,M,AAC,90,,Lagos_LAGOS-EAST.pdf
Lagos,LAGOS EAST,SD/071/LA,3,EMERENINI OBINNA,M,ACD,348,,Lagos_LAGOS-EAST.pdf
Lagos,LAGOS EAST,SD/071/LA,4,MUSTAPHA BOLARINWA,M,AD,693,,Lagos_LAGOS-EAST.pdf
Lagos,LAGOS EAST,SD/071/LA,5,FAKOYA OLAJUMOKE MODUPE,F,ADC,1346,,Lagos_LAGOS-EAST.pdf
Lagos,LAGOS EAST,SD/071/LA,6,AKINWALE AYO,M,ADP,1145,,Lagos_LAGOS-EAST.pdf
Lagos,LAGOS EAST,SD/071/LA,7,OSINOWO SIKIRU ADEBAYO,M,APC,145839,ELECTED,Lagos_LAGOS-EAST.pdf
Lagos,LAGOS EAST,SD/071/LA,8,IDOWU ABOSEDE,F,CAP,201,,Lagos_LAGOS-EAST.pdf
Lagos,LAGOS EAST,SD/071/LA,9,AJAYI FLORENCE OLUFUNKE,F,DA,92,,Lagos_LAGOS-EAST.pdf
Lagos,LAGOS EAST,SD/071/LA,10,JAIYEOLA ADEBOLA ADENRELE,F,DPP,637,,Lagos_LAGOS-EAST.pdf
Lagos,LAGOS EAST,SD/071/LA,11,ODEYEMI KAFARU OLUWASANMI,M,ID,42,,Lagos_LAGOS-EAST.pdf
Lagos,LAGOS EAST,SD/071/LA,12,LIJADU AYODELE CYRIL,M,KP,216,,Lagos_LAGOS-EAST.pdf
Lagos,LAGOS EAST,SD/071/LA,13,AGIM GODWIN,M,MPN,267,,Lagos_LAGOS-EAST.pdf
Lagos,LAGOS EAST,SD/071/LA,14,OYEFUSI ABIODUN ADETOLA,F,PDP,90354,,Lagos_LAGOS-EAST.pdf
Lagos,LAGOS EAST,SD/071/LA,15,OLUSEGUN OGUNYEYE,M,PPC,239,,Lagos_LAGOS-EAST.pdf
Lagos,LAGOS EAST,SD/071/LA,16,ADERONKE IYABODE ADENIJI,M,PPN,123,,Lagos_LAGOS-EAST.pdf
Lagos,LAGOS EAST,SD/071/LA,17,AWOLOWO OLUFUNKE,F,PT,70,,Lagos_LAGOS-EAST.pdf
Lagos,LAGOS WEST,SD/072/LA,1,ADEGBORIOYE SOLAKUNMI ELIZABETH,F,A,15508,,Lagos_LAGOS-WEST.pdf
Lagos,LAGOS WEST,SD/072/LA,2,SULAYMAN ABUBAKAR UMAR,M,AA,459,,Lagos_LAGOS-WEST.pdf
Lagos,LAGOS WEST,SD/072/LA,3,FADEYI OLADEINDE ABAYOMI,M,AAC,3435,,Lagos_LAGOS-WEST.pdf
Lagos,LAGOS WEST,SD/072/LA,4,AMOS AJAO ADEMOLA,M,AD,2274,,Lagos_LAGOS-WEST.pdf
Lagos,LAGOS WEST,SD/072/LA,5,KAYODE JACOBS,M,ADC,6290,,Lagos_LAGOS-WEST.pdf
Lagos,LAGOS WEST,SD/072/LA,6,AGOSU-PANTINVOH FELICIA MENTON,F,ADP,1754,,Lagos_LAGOS-WEST.pdf
Lagos,LAGOS WEST,SD/072/LA,7,WANGARA AUWARLU IDRIS,M,ANP,1391,,Lagos_LAGOS-WEST.pdf
Lagos,LAGOS WEST,SD/072/LA,8,ADEOLA SOLOMON OLAMILEKAN,M,APC,323817,ELECTED,Lagos_LAGOS-WEST.pdf
Lagos,LAGOS WEST,SD/072/LA,9,ESTHER GODWIN,F,APM,518,,Lagos_LAGOS-WEST.pdf
Lagos,LAGOS WEST,SD/072/LA,10,BOJURI ORIYOMI RUTH,F,CAP,142,,Lagos_LAGOS-WEST.pdf
Lagos,LAGOS WEST,SD/072/LA,11,NNONA JOHA NWATU,M,DA,178,,Lagos_LAGOS-WEST.pdf
Lagos,LAGOS WEST,SD/072/LA,12,JOHNSON OLAKUNLE MOSES,M,DPP,637,,Lagos_LAGOS-WEST.pdf
Lagos,LAGOS WEST,SD/072/LA,13,KAYODE OLABODE,M,GPN,641,,Lagos_LAGOS-WEST.pdf
Lagos,LAGOS WEST,SD/072/LA,14,MICHAEL ADEWALE OJO,M,MPN,237,,Lagos_LAGOS-WEST.pdf
Lagos,LAGOS WEST,SD/072/LA,15,AYODELE AKELE,M,NCP,645,,Lagos_LAGOS-WEST.pdf
Lagos,LAGOS WEST,SD/072/LA,16,CHARLES DICKSON MBRIDE,M,NFD,801,,Lagos_LAGOS-WEST.pdf
Lagos,LAGOS WEST,SD/072/LA,17,RHODES VIVOUR GBADEBO,M,PDP,243516,,Lagos_LAGOS-WEST.pdf
Lagos,LAGOS WEST,SD/072/LA,18,OLATUNBOSUN OSWALD ODUSAMI,M,PPC,1160,,Lagos_LAGOS-WEST.pdf
Lagos,LAGOS WEST,SD/072/LA,19,SAMUEL AKUNYEMI GABRIEL,M,PPN,329,,Lagos_LAGOS-WEST.pdf
Lagos,LAGOS WEST,SD/072/LA,20,ABDULSALAM IGAGWU,M,PRP,1951,,Lagos_LAGOS-WEST.pdf
Lagos,LAGOS WEST,SD/072/LA,21,AWE-OBE OLUSEGUN,M,PT,194,,Lagos_LAGOS-WEST.pdf
Lagos,LAGOS WEST,SD/072/LA,22,NKEM CHIBOGU KENNETH,F,UPP,284,,Lagos_LAGOS-WEST.pdf
Lagos,LAGOS WEST,SD/072/LA,23,FADAHUNSIOJO OMOBOLA ALICE,F,YPP,1726,,Lagos_LAGOS-WEST.pdf
Nasarawa,NASARAWA NORTH,SD/073/NW,1,AKWASHIKI PATRICIA NAOMI,F,ADC,6287,,Nasarawa_NASSARAWA-NORTH.pdf
Nasarawa,NASARAWA NORTH,SD/073/NW,2,AKWASHIKI GODIYA,M,APC,54104,ELECTED,Nasarawa_NASSARAWA-NORTH.pdf
Nasarawa,NASARAWA NORTH,SD/073/NW,3,ALU SAMUEL,M,APGA,15788,,Nasarawa_NASSARAWA-NORTH.pdf
Nasarawa,NASARAWA NORTH,SD/073/NW,4,GABU LAWRENCE ANDREW,M,APM,45,,Nasarawa_NASSARAWA-NORTH.pdf
Nasarawa,NASARAWA NORTH,SD/073/NW,5,SARKI KABIRU,M,DA,19,,Nasarawa_NASSARAWA-NORTH.pdf
Nasarawa,NASARAWA NORTH,SD/073/NW,6,LUBABATU TANI YAKUBU,F,GPN,7,,Nasarawa_NASSARAWA-NORTH.pdf
Nasarawa,NASARAWA NORTH,SD/073/NW,7,JOHN SAGU M.,M,JMPP,39,,Nasarawa_NASSARAWA-NORTH.pdf
Nasarawa,NASARAWA NORTH,SD/073/NW,8,INNOCENT LAGI DANIEL,M,LP,5843,,Nasarawa_NASSARAWA-NORTH.pdf
Nasarawa,NASARAWA NORTH,SD/073/NW,9,KATIMI SAIDU ISA,F,MMN,12,,Nasarawa_NASSARAWA-NORTH.pdf
Nasarawa,NASARAWA NORTH,SD/073/NW,10,MAJI INNOCENT,M,NCP,85,,Nasarawa_NASSARAWA-NORTH.pdf
Nasarawa,NASARAWA NORTH,SD/073/NW,11,JOHN MICHAEL ABDUL,M,PDP,48133,,Nasarawa_NASSARAWA-NORTH.pdf
Nasarawa,NASARAWA NORTH,SD/073/NW,12,DANIEL UMARU,M,PRP,19,,Nasarawa_NASSARAWA-NORTH.pdf
Nasarawa,NASARAWA NORTH,SD/073/NW,13,ATTAH DAVID,M,PT,522,,Nasarawa_NASSARAWA-NORTH.pdf
Nasarawa,NASARAWA NORTH,SD/073/NW,14,ANGA INUSA MOHAMMED OMBUGU,M,SDP,278,,Nasarawa_NASSARAWA-NORTH.pdf
Nasarawa,NASARAWA SOUTH,SD/075/NW,1,AGYEWALDASHO ABDULLAHI UMAR,M,ACD,39,,Nasarawa_NASSARAWA-SOUTH.pdf
Nasarawa,NASARAWA SOUTH,SD/075/NW,2,SULAIMAN ABUBAKAR MAINA,M,ADC,70,,Nasarawa_NASSARAWA-SOUTH.pdf
Nasarawa,NASARAWA SOUTH,SD/075/NW,3,ELADOGA RAKIYA ABUBAKAR,F,ADP,389,,Nasarawa_NASSARAWA-SOUTH.pdf
Nasarawa,NASARAWA SOUTH,SD/075/NW,4,AL-MAKURA UMARU TANKO,M,APC,113156,ELECTED,Nasarawa_NASSARAWA-SOUTH.pdf
Nasarawa,NASARAWA SOUTH,SD/075/NW,5,ADAMU MUSA SAIDU,M,APGA,2847,,Nasarawa_NASSARAWA-SOUTH.pdf
Nasarawa,NASARAWA SOUTH,SD/075/NW,6,YUSUF HASSAN MUHAMMED,M,APM,52,,Nasarawa_NASSARAWA-SOUTH.pdf
Nasarawa,NASARAWA SOUTH,SD/075/NW,7,ABDULKAREEM SULEMAN AKWE,M,DA,40,,Nasarawa_NASSARAWA-SOUTH.pdf
Nasarawa,NASARAWA SOUTH,SD/075/NW,8,NAMO SAMSON AYALO,M,FRESH,101,,Nasarawa_NASSARAWA-SOUTH.pdf
Nasarawa,NASARAWA SOUTH,SD/075/NW,9,YAHUZA SAGIR IBRAHIM,M,JMPP,24,,Nasarawa_NASSARAWA-SOUTH.pdf
Nasarawa,NASARAWA SOUTH,SD/075/NW,10,OWAKAYI ABDULRAHMAN OSE,M,LP,93,,Nasarawa_NASSARAWA-SOUTH.pdf
Nasarawa,NASARAWA SOUTH,SD/075/NW,11,AYIWULU BABA AYIWULU,M,NNPP,135,,Nasarawa_NASSARAWA-SOUTH.pdf
Nasarawa,NASARAWA SOUTH,SD/075/NW,12,ADOKWE SULEIMAN ASONYA,M,PDP,104595,,Nasarawa_NASSARAWA-SOUTH.pdf
Nasarawa,NASARAWA SOUTH,SD/075/NW,13,MOHAMMED TAJIRI SANI,M,PPA,83,,Nasarawa_NASSARAWA-SOUTH.pdf
Nasarawa,NASARAWA SOUTH,SD/075/NW,14,UMAR GALADIMA UMAR,M,PRP,31,,Nasarawa_NASSARAWA-SOUTH.pdf
Nasarawa,NASARAWA SOUTH,SD/075/NW,15,MOHAMMED NURUDEEN UMAR,M,PT,49,,Nasarawa_NASSARAWA-SOUTH.pdf
Nasarawa,NASARAWA SOUTH,SD/075/NW,16,MUSA ABUBAKAR SAMBO,M,RBNP,3744,,Nasarawa_NASSARAWA-SOUTH.pdf
Nasarawa,NASARAWA SOUTH,SD/075/NW,17,UMAR MOHAMMED OZEGHA,M,SDP,183,,Nasarawa_NASSARAWA-SOUTH.pdf
Nasarawa,NASARAWA SOUTH,SD/075/NW,18,USMAN WAKASO,M,ZLP,2489,,Nasarawa_NASSARAWA-SOUTH.pdf
Nasarawa,NASARAWA WEST,SD/074/NW,1,ABDULLAHI ADAMU,MALE,APC,115298,ELLECTED,Nasarawa_NASSARAWA-WEST.pdf
Nasarawa,NASARAWA WEST,SD/074/NW,2,NGHARGBU K'TSO,MALE,APGA,28857,,Nasarawa_NASSARAWA-WEST.pdf
Nasarawa,NASARAWA WEST,SD/074/NW,3,ODEH OGAH ELIJAH,MALE,APM,36,,Nasarawa_NASSARAWA-WEST.pdf
Nasarawa,NASARAWA WEST,SD/074/NW,4,AHMED IDRIS SALISU,MALE,DA,21,,Nasarawa_NASSARAWA-WEST.pdf
Nasarawa,NASARAWA WEST,SD/074/NW,5,MICHAEL ANZAKU,MALE,JMPP,11,,Nasarawa_NASSARAWA-WEST.pdf
Nasarawa,NASARAWA WEST,SD/074/NW,6,ZAKARRIYA RILWANT TANKO,MALE,LP,48,,Nasarawa_NASSARAWA-WEST.pdf
Nasarawa,NASARAWA WEST,SD/074/NW,7,IDRIS BABA,MALE,NFD,133,,Nasarawa_NASSARAWA-WEST.pdf
Nasarawa,NASARAWA WEST,SD/074/NW,8,BALA AHMED ALIYU,MALE,PDP,85615,,Nasarawa_NASSARAWA-WEST.pdf
Nasarawa,NASARAWA WEST,SD/074/NW,9,AHMED IBRAHIM,MALE,PPA,77,,Nasarawa_NASSARAWA-WEST.pdf
Nasarawa,NASARAWA WEST,SD/074/NW,10,ABDULLAHI ALIYU,MALE,PPN,24,,Nasarawa_NASSARAWA-WEST.pdf
Nasarawa,NASARAWA WEST,SD/074/NW,11,BAHAGO BITRUS,MALE,PT,31,,Nasarawa_NASSARAWA-WEST.pdf
Nasarawa,NASARAWA WEST,SD/074/NW,12,SAMUEL ANJUGU AVRE,MALE,SDP,2206,,Nasarawa_NASSARAWA-WEST.pdf
Nasarawa,NASARAWA WEST,SD/074/NW,13,ADAMU HUSSAINI AUTA,MALE,ZLP,137,,Nasarawa_NASSARAWA-WEST.pdf
Niger,NIGER EAST,SD/076/NG,1,ALH MUSA HASSAN,M,ADC,2665,,Niger_NIGER-EAST.pdf
Niger,NIGER EAST,SD/076/NG,2,MOHAMMED SANI MUSA,M,APC,229415,ELECTED,Niger_NIGER-EAST.pdf
Niger,NIGER EAST,SD/076/NG,3,ALFA ABUBAKAR SADIQ,M,BNPP,456,,Niger_NIGER-EAST.pdf
Niger,NIGER EAST,SD/076/NG,4,MUHAMMED USMAN,M,DA,488,,Niger_NIGER-EAST.pdf
Niger,NIGER EAST,SD/076/NG,5,NUHU MATHEW,M,LPN,845,,Niger_NIGER-EAST.pdf
Niger,NIGER EAST,SD/076/NG,6,KOLAWOLE IDRIS ZAINAB,F,NCP,350,,Niger_NIGER-EAST.pdf
Niger,NIGER EAST,SD/076/NG,7,AUDU MOHAMMED,M,NNPP,205,,Niger_NIGER-EAST.pdf
Niger,NIGER EAST,SD/076/NG,8,PAIKO HASSAN MUHAMMED RAJI,M,NRM,419,,Niger_NIGER-EAST.pdf
Niger,NIGER EAST,SD/076/NG,9,ISIYAKU IBRAHIM,M,PDP,116143,,Niger_NIGER-EAST.pdf
Niger,NIGER EAST,SD/076/NG,10,MUHAMAD AWWAL,M,PPN,526,,Niger_NIGER-EAST.pdf
Niger,NIGER EAST,SD/076/NG,11,AKAWU ABABA,M,PRP,264,,Niger_NIGER-EAST.pdf
Niger,NIGER EAST,SD/076/NG,12,MOHAMMED BINTA,F,PT,194,,Niger_NIGER-EAST.pdf
Niger,NIGER EAST,SD/076/NG,13,SHASHERE YAKUBU,M,SDP,205,,Niger_NIGER-EAST.pdf
Niger,NIGER NORTH,SD/077/NG,1,TSALHA ATTAHIRU,M,ACD,2243,,Niger_NIGER-NORTH.pdf
Niger,NIGER NORTH,SD/077/NG,2,DAUDA UMAR DAN-MALIKI,M,ADC,373,,Niger_NIGER-NORTH.pdf
Niger,NIGER NORTH,SD/077/NG,3,USMAN DANGAJERE HARUNA,M,ADP,1710,,Niger_NIGER-NORTH.pdf
Niger,NIGER NORTH,SD/077/NG,4,MAMUDA HADIZA KUTA,F,AGA,568,,Niger_NIGER-NORTH.pdf
Niger,NIGER NORTH,SD/077/NG,5,ABDULLAHI ALIYU SABI,M,APC,161420,ELECTED,Niger_NIGER-NORTH.pdf
Niger,NIGER NORTH,SD/077/NG,6,ISA MOHAMMED BELLO,M,DA,356,,Niger_NIGER-NORTH.pdf
Niger,NIGER NORTH,SD/077/NG,7,BALKISU MUSA ALHERI,F,GPN,155,,Niger_NIGER-NORTH.pdf
Niger,NIGER NORTH,SD/077/NG,8,GARBA MAMMAN,M,NNPP,149,,Niger_NIGER-NORTH.pdf
Niger,NIGER NORTH,SD/077/NG,9,GALADIMA BABA ALHAJI,M,NRM,1357,,Niger_NIGER-NORTH.pdf
Niger,NIGER NORTH,SD/077/NG,10,DUBA MOHAMMED SANI,M,PDP,77109,,Niger_NIGER-NORTH.pdf
Niger,NIGER NORTH,SD/077/NG,11,BALA AHMAD ALHAJI,M,PPN,803,,Niger_NIGER-NORTH.pdf
Niger,NIGER NORTH,SD/077/NG,12,BUHARI MK HARUNA,M,PRP,1181,,Niger_NIGER-NORTH.pdf
Niger,NIGER NORTH,SD/077/NG,13,SHUNBU BALA,M,PT,50,,Niger_NIGER-NORTH.pdf
Niger,NIGER NORTH,SD/077/NG,14,ABDULMUMIN DANTATA IBETO,M,SDP,116,,Niger_NIGER-NORTH.pdf
Niger,NIGER NORTH,SD/077/NG,15,BAWA AMOS,M,UDP,141,,Niger_NIGER-NORTH.pdf
Niger,NIGER SOUTH,SD/078/NG,1,YAHAYA AHMED ALHASSAN,MALE,ACD,1001,,Niger_NIGER-SOUTH.pdf
Niger,NIGER SOUTH,SD/078/NG,2,ALH NDATSU USMAN,MALE,ADC,350,,Niger_NIGER-SOUTH.pdf
Niger,NIGER SOUTH,SD/078/NG,3,IBRAHIM BELLO MOHAMMED,MALE,ADP,6144,,Niger_NIGER-SOUTH.pdf
Niger,NIGER SOUTH,SD/078/NG,4,BIMA MUHAMMAD ENAGI,MALE,APC,160614,ELECTED,Niger_NIGER-SOUTH.pdf
Niger,NIGER SOUTH,SD/078/NG,5,JA'AFARU ABDULLAHI,MALE,DA,231,,Niger_NIGER-SOUTH.pdf
Niger,NIGER SOUTH,SD/078/NG,6,MOHAMMED SAFIYA BABA,FEMALE,GPN,115,,Niger_NIGER-SOUTH.pdf
Niger,NIGER SOUTH,SD/078/NG,7,BABANKOGI MUHAMMAD KUDU,MALE,NNPP,73,,Niger_NIGER-SOUTH.pdf
Niger,NIGER SOUTH,SD/078/NG,8,SULEIMAN UMAR,MALE,NRM,373,,Niger_NIGER-SOUTH.pdf
Niger,NIGER SOUTH,SD/078/NG,9,SHEHU BABA AGAIE,MALE,PDP,90978,,Niger_NIGER-SOUTH.pdf
Niger,NIGER SOUTH,SD/078/NG,10,MOHAMMED BABA MUSTAPHA,MALE,PPN,168,,Niger_NIGER-SOUTH.pdf
Niger,NIGER SOUTH,SD/078/NG,11,ALFA SANI,MALE,PRP,139,,Niger_NIGER-SOUTH.pdf
Niger,NIGER SOUTH,SD/078/NG,12,MUHAMMED LIMAN AL-AMIN,MALE,SDP,407,,Niger_NIGER-SOUTH.pdf
Ogun,OGUN CENTRAL,SD/079/OG,1,OLADAPO SOFELA TEMITOPE,M,AD,799,,Ogun_OGUN-CENTRAL.pdf
Ogun,OGUN CENTRAL,SD/079/OG,2,GOMEZ TITILAYO OSENI,F,ADC,37101,,Ogun_OGUN-CENTRAL.pdf
Ogun,OGUN CENTRAL,SD/079/OG,3,SOWUNMI JULIUS OLUFEMI,M,ADP,6510,,Ogun_OGUN-CENTRAL.pdf
Ogun,OGUN CENTRAL,SD/079/OG,4,OLUMIDE JONES,M,ANRP,548,,Ogun_OGUN-CENTRAL.pdf
Ogun,OGUN CENTRAL,SD/079/OG,5,AMOSUN IBIKUNLE OYELAJA,M,APC,88110,ELECTED,Ogun_OGUN-CENTRAL.pdf
Ogun,OGUN CENTRAL,SD/079/OG,6,ADENMOSUN FRANCIS GBENGA,M,APM,10039,,Ogun_OGUN-CENTRAL.pdf
Ogun,OGUN CENTRAL,SD/079/OG,7,ADESHINA ABIODUN OLAKULEHIN,M,ASD,113,,Ogun_OGUN-CENTRAL.pdf
Ogun,OGUN CENTRAL,SD/079/OG,8,AKIGBOGUN OLAKUNLE OLATOKUNBO,M,CAP,96,,Ogun_OGUN-CENTRAL.pdf
Ogun,OGUN CENTRAL,SD/079/OG,9,EMMANUEL EDUN OLANREWAJU,M,DA,232,,Ogun_OGUN-CENTRAL.pdf
Ogun,OGUN CENTRAL,SD/079/OG,10,ADEYEMI BOLANLE ADISA,M,DPP,211,,Ogun_OGUN-CENTRAL.pdf
Ogun,OGUN CENTRAL,SD/079/OG,11,ABIMBOLA MARGARET ONOKOYA,F,GPN,529,,Ogun_OGUN-CENTRAL.pdf
Ogun,OGUN CENTRAL,SD/079/OG,12,ADEBAYO OLUGBENGA OLATUNBOSUN,M,JMPP,193,,Ogun_OGUN-CENTRAL.pdf
Ogun,OGUN CENTRAL,SD/079/OG,13,AROYEUN SABUR ADESINA,M,LP,1165,,Ogun_OGUN-CENTRAL.pdf
Ogun,OGUN CENTRAL,SD/079/OG,14,TOLA ESTHER FEHIN OGUNSANWO,F,MPN,296,,Ogun_OGUN-CENTRAL.pdf
Ogun,OGUN CENTRAL,SD/079/OG,15,ENITAN AWOJOBI J.,M,NCP,1042,,Ogun_OGUN-CENTRAL.pdf
Ogun,OGUN CENTRAL,SD/079/OG,16,SOLOMON ABIODUN SANYAOLU,M,PDP,33276,,Ogun_OGUN-CENTRAL.pdf
Ogun,OGUN CENTRAL,SD/079/OG,17,SUNDAY OLATOKUNBO OSO,M,PPN,504,,Ogun_OGUN-CENTRAL.pdf
Ogun,OGUN CENTRAL,SD/079/OG,18,OLUDAISI OLUSEGUN,M,YES,747,,Ogun_OGUN-CENTRAL.pdf
Ogun,OGUN CENTRAL,SD/079/OG,19,SOLANA IBIKUNLE KENNETH,M,ZLP,129,,Ogun_OGUN-CENTRAL.pdf
Ogun,OGUN EAST,SD/080/OG,1,OLATUNBOSUN ADESINA SAIDI,M,AD,376,,Ogun_OGUN-EAST.pdf
Ogun,OGUN EAST,SD/080/OG,2,ASHIRU ADEDEJI,M,ADC,10864,,Ogun_OGUN-EAST.pdf
Ogun,OGUN EAST,SD/080/OG,3,OLADIPUPO ODULAJA,M,ADP,3701,,Ogun_OGUN-EAST.pdf
Ogun,OGUN EAST,SD/080/OG,4,MUSTAPHA RAMONI OLALEKAN,M,APC,85761,ELECTED,Ogun_OGUN-EAST.pdf
Ogun,OGUN EAST,SD/080/OG,5,ODUSOLU B. OLUWOLE,M,APM,6114,,Ogun_OGUN-EAST.pdf
Ogun,OGUN EAST,SD/080/OG,6,ASIWAJU OBAFEMI ADENUGA,M,APP,106,,Ogun_OGUN-EAST.pdf
Ogun,OGUN EAST,SD/080/OG,7,ADENUGA OLUFEMI CHRISTIAN,M,CAP,146,,Ogun_OGUN-EAST.pdf
Ogun,OGUN EAST,SD/080/OG,8,IPAYE BABATUNDE,M,DPP,251,,Ogun_OGUN-EAST.pdf
Ogun,OGUN EAST,SD/080/OG,9,OLOWOPOROKU OBAFEMI,M,GDPN,206,,Ogun_OGUN-EAST.pdf
Ogun,OGUN EAST,SD/080/OG,10,AKINTUNDE TEMITOPE SAMUEL,M,GPN,509,,Ogun_OGUN-EAST.pdf
Ogun,OGUN EAST,SD/080/OG,11,ORIOLA TEMIDAYO NIKE,F,LP,145,,Ogun_OGUN-EAST.pdf
Ogun,OGUN EAST,SD/080/OG,12,ADEWALE-OLUSEGUN OSIDERO,M,MPN,146,,Ogun_OGUN-EAST.pdf
Ogun,OGUN EAST,SD/080/OG,13,ONADIPE E. IDOWU,F,NCP,583,,Ogun_OGUN-EAST.pdf
Ogun,OGUN EAST,SD/080/OG,14,ADESANYA ABAYOMI RASAQ,M,NRM,214,,Ogun_OGUN-EAST.pdf
Ogun,OGUN EAST,SD/080/OG,15,SOSANWO ADEOLA AYOOLA,M,PDP,83528,,Ogun_OGUN-EAST.pdf
Ogun,OGUN EAST,SD/080/OG,16,OLUKKAYODE ADESEGUN CHARLES,M,PPC,347,,Ogun_OGUN-EAST.pdf
Ogun,OGUN EAST,SD/080/OG,17,OLADIPO OLAFUYI RAHMAN,M,PPN,318,,Ogun_OGUN-EAST.pdf
Ogun,OGUN EAST,SD/080/OG,18,OLAWALE OKUNNIYI,M,PT,79,,Ogun_OGUN-EAST.pdf
Ogun,OGUN EAST,SD/080/OG,19,SODIYA OMONIYI ADEBOLA,M,RBNP,127,,Ogun_OGUN-EAST.pdf
Ogun,OGUN EAST,SD/080/OG,20,MOJISOLA OMOYENI AFOLABI,F,UPP,102,,Ogun_OGUN-EAST.pdf
Ogun,OGUN EAST,SD/080/OG,21,OGUNNAIKE OLUSEGUN,M,YES,274,,Ogun_OGUN-EAST.pdf
Ogun,OGUN EAST,SD/080/OG,22,BAKARI ABIOLA OLUREMI,M,ZLP,66,,Ogun_OGUN-EAST.pdf
Ogun,OGUN WEST,SD/081/OG,1,SODIPO NATHANIEL ADEWOLE,M,A,1038,,Ogun_OGUN-WEST.pdf
Ogun,OGUN WEST,SD/081/OG,2,JACOB OLOWOYO ROTIMI,M,AD,447,,Ogun_OGUN-WEST.pdf
Ogun,OGUN WEST,SD/081/OG,3,OGUNOLA BABATUNDE OLABODE,M,ADC,31412,,Ogun_OGUN-WEST.pdf
Ogun,OGUN WEST,SD/081/OG,4,AKINOLA BELLO WAHID,M,ADP,6843,,Ogun_OGUN-WEST.pdf
Ogun,OGUN WEST,SD/081/OG,5,ODEBIYI TOLULOPE AKINREMI,M,APC,56452,ELECTED,Ogun_OGUN-WEST.pdf
Ogun,OGUN WEST,SD/081/OG,6,GBELEYI OLUSEGUN BOLANLE,M,APM,48691,,Ogun_OGUN-WEST.pdf
Ogun,OGUN WEST,SD/081/OG,7,ADEBISI SAMUEL ADEGBOYEGA,M,C4C,86,,Ogun_OGUN-WEST.pdf
Ogun,OGUN WEST,SD/081/OG,8,ADEYEMI ADEBOLA PETER,M,CAP,193,,Ogun_OGUN-WEST.pdf
Ogun,OGUN WEST,SD/081/OG,9,EGUNJOBI OLUWAFEMI ADIO,M,DA,329,,Ogun_OGUN-WEST.pdf
Ogun,OGUN WEST,SD/081/OG,10,FAGBEMI TAIWO AKINSANYA,M,DPP,191,,Ogun_OGUN-WEST.pdf
Ogun,OGUN WEST,SD/081/OG,11,SAMSON PRINCE ADEWALE,M,GPN,190,,Ogun_OGUN-WEST.pdf
Ogun,OGUN WEST,SD/081/OG,12,JOSEPH ODUNAYO OJO,M,JMPP,253,,Ogun_OGUN-WEST.pdf
Ogun,OGUN WEST,SD/081/OG,13,OLUJIMI ADEKUNLE DAVID,M,LP,440,,Ogun_OGUN-WEST.pdf
Ogun,OGUN WEST,SD/081/OG,14,OLUWASEUN ADESEGUN ABAYOMI,M,MPN,571,,Ogun_OGUN-WEST.pdf
Ogun,OGUN WEST,SD/081/OG,15,ODUNJO ODUNLEYE ABIODUN,M,PDP,43454,,Ogun_OGUN-WEST.pdf
Ogun,OGUN WEST,SD/081/OG,16,BAMIDELE OLUFOLABI ADEBAYO,M,PPC,796,,Ogun_OGUN-WEST.pdf
Ogun,OGUN WEST,SD/081/OG,17,BAMIGBOYE OLAWALE MORUF,M,PPN,436,,Ogun_OGUN-WEST.pdf
Ogun,OGUN WEST,SD/081/OG,18,FATUMBI PETER OLUKUNLE,M,PT,93,,Ogun_OGUN-WEST.pdf
Ogun,OGUN WEST,SD/081/OG,19,OLAYIWOLA OLAWALE AHMED,M,SNP,212,,Ogun_OGUN-WEST.pdf
Ogun,OGUN WEST,SD/081/OG,20,MORUF IYABODE ALICE,M,ZLP,164,,Ogun_OGUN-WEST.pdf
Ondo,ONDO CENTRAL,SD/083/OD,1,SEHINDE OTUNBA SOLEDAYO,M,AD,1104,,Ondo_ONDO-CENTRAL.pdf
Ondo,ONDO CENTRAL,SD/083/OD,2,OGUNNIYA GBENGA,M,ADC,9788,,Ondo_ONDO-CENTRAL.pdf
Ondo,ONDO CENTRAL,SD/083/OD,3,JAMES OLABANJO OLAMILEGE,M,ADP,1044,,Ondo_ONDO-CENTRAL.pdf
Ondo,ONDO CENTRAL,SD/083/OD,4,ALASOADURA OMOTAYO DONALD,M,APC,57828,,Ondo_ONDO-CENTRAL.pdf
Ondo,ONDO CENTRAL,SD/083/OD,5,OLASOGBA ROTIMI OYEOLA,M,ASD,320,,Ondo_ONDO-CENTRAL.pdf
Ondo,ONDO CENTRAL,SD/083/OD,6,ADEOYE HENRY ADEWOLE,M,DA,384,,Ondo_ONDO-CENTRAL.pdf
Ondo,ONDO CENTRAL,SD/083/OD,7,AKIN ZERUBABEL OLOWOOKERE,M,MPN,596,,Ondo_ONDO-CENTRAL.pdf
Ondo,ONDO CENTRAL,SD/083/OD,8,ATEWOJA OLUBUNMI ANTHONY,M,MRDD,62,,Ondo_ONDO-CENTRAL.pdf
Ondo,ONDO CENTRAL,SD/083/OD,9,FAWEHINMI RANTI,M,NCP,157,,Ondo_ONDO-CENTRAL.pdf
Ondo,ONDO CENTRAL,SD/083/OD,10,FUNMILAYO ATAUNOKO JENYO,M,NRM,195,,Ondo_ONDO-CENTRAL.pdf
Ondo,ONDO CENTRAL,SD/083/OD,11,AKINYELURE PATRICK AYO,M,PDP,66978,ELECTED,Ondo_ONDO-CENTRAL.pdf
Ondo,ONDO CENTRAL,SD/083/OD,12,AKINNUGBA PETER PAUL,M,PPA,354,,Ondo_ONDO-CENTRAL.pdf
Ondo,ONDO CENTRAL,SD/083/OD,13,OLAMILEKAN OLUSOGA OWOJOURO,M,PT,111,,Ondo_ONDO-CENTRAL.pdf
Ondo,ONDO CENTRAL,SD/083/OD,14,AWE DAVID OLUGBENGA JOSEPH,M,SDP,6461,,Ondo_ONDO-CENTRAL.pdf
Ondo,ONDO CENTRAL,SD/083/OD,15,BOBOYE ROTIMI TAIWO,M,UPN,280,,Ondo_ONDO-CENTRAL.pdf
Ondo,ONDO CENTRAL,SD/083/OD,16,MIMIKO RAHMAN OLUSEGUN,M,ZLP,56624,,Ondo_ONDO-CENTRAL.pdf
Ondo,ONDO NORTH,SD/082/OD,1,ABAYOMI OLATUNJI OLUPELUWA,MALE,AA,43100,,Ondo_ONDO-NORTH.pdf
Ondo,ONDO NORTH,SD/082/OD,2,EMMANUEL IPINSAGBA OLAJIDE,MALE,ADC,23458,,Ondo_ONDO-NORTH.pdf
Ondo,ONDO NORTH,SD/082/OD,3,OLAYINKA OGEDENGBE MODUPE,FEMALE,ADP,13730,,Ondo_ONDO-NORTH.pdf
Ondo,ONDO NORTH,SD/082/OD,4,BOROFACE ROBERT AJAYI,MALE,APC,53199,ELECTED,Ondo_ONDO-NORTH.pdf
Ondo,ONDO NORTH,SD/082/OD,5,ADEOLA KAYODE SIMON,MALE,ASD,4930,,Ondo_ONDO-NORTH.pdf
Ondo,ONDO NORTH,SD/082/OD,6,PHILLIPS ALONGE OLUSEGUN KIKIEDAOLUWA,MALE,PDP,33048,,Ondo_ONDO-NORTH.pdf
Ondo,ONDO NORTH,SD/082/OD,7,OGUNBODEDE OLORUNYOMI,MALE,PPN,175,,Ondo_ONDO-NORTH.pdf
Ondo,ONDO NORTH,SD/082/OD,8,PRINCE OJOURO ADEDOTUN,MALE,PT,69,,Ondo_ONDO-NORTH.pdf
Ondo,ONDO NORTH,SD/082/OD,9,SADJERE REAGAN,MALE,SDP,917,,Ondo_ONDO-NORTH.pdf
Ondo,ONDO NORTH,SD/082/OD,10,ODUMBAKU OLASINMI,FEMALE,ZLP,3554,,Ondo_ONDO-NORTH.pdf
Ondo,ONDO SOUTH,SD/084/OD,1,OLATUNJI JULIUS ADEOYE F.,M,AA,40833,,Ondo_ONDO-SOUTH.pdf
Ondo,ONDO SOUTH,SD/084/OD,2,IKUEROWO STEPHEN OWOYELE,M,ACPN,432,,Ondo_ONDO-SOUTH.pdf
Ondo,ONDO SOUTH,SD/084/OD,3,STEVENSON KENNETH ODUSOLA,M,ADC,1526,,Ondo_ONDO-SOUTH.pdf
Ondo,ONDO SOUTH,SD/084/OD,4,OLLUSOLA OGUNNOWO MARCUS,M,ADP,648,,Ondo_ONDO-SOUTH.pdf
Ondo,ONDO SOUTH,SD/084/OD,5,OMOGUNWA YELE,M,APC,55610,,Ondo_ONDO-SOUTH.pdf
Ondo,ONDO SOUTH,SD/084/OD,6,IYITAYO ODUNAYO OLUWATOYIN,M,APP,466,,Ondo_ONDO-SOUTH.pdf
Ondo,ONDO SOUTH,SD/084/OD,7,TORHUKERHIJO YEMI DEBORAH,F,ASD,75,,Ondo_ONDO-SOUTH.pdf
Ondo,ONDO SOUTH,SD/084/OD,8,DOLAPO FATOGUN,M,MPN,95,,Ondo_ONDO-SOUTH.pdf
Ondo,ONDO SOUTH,SD/084/OD,9,PITT TEMIDAYO ADEBULU TEMIDAYO,F,MRDD,580,,Ondo_ONDO-SOUTH.pdf
Ondo,ONDO SOUTH,SD/084/OD,10,TOFOWOMO NICHOLAS OLUBUKOLA,M,PDP,81892,ELECTED,Ondo_ONDO-SOUTH.pdf
Ondo,ONDO SOUTH,SD/084/OD,11,PRINCE SOLOMON RAPHAEL IYAUTAN,M,PT,201,,Ondo_ONDO-SOUTH.pdf
Ondo,ONDO SOUTH,SD/084/OD,12,AGBOOLA SOLOMON SOLA,M,SDP,273,,Ondo_ONDO-SOUTH.pdf
Ondo,ONDO SOUTH,SD/084/OD,13,USEGHAN JAMES,M,SNP,688,,Ondo_ONDO-SOUTH.pdf
Ondo,ONDO SOUTH,SD/084/OD,14,AYEBO STEPHEN IGBEKELE,M,UPC,204,,Ondo_ONDO-SOUTH.pdf
Ondo,ONDO SOUTH,SD/084/OD,15,ENISAN AKINSOLA,M,ZLP,7011,,Ondo_ONDO-SOUTH.pdf
Osun,OSUN CENTRAL,SD/085/OS,1,OLANIYI ANTHONY FADEHUNSI,M,ACPN,52,,Osun_OSUN-CENTRAL.pdf
Osun,OSUN CENTRAL,SD/085/OS,2,FADEYI OLUWOLE OLUBIYI,M,ADC,1422,,Osun_OSUN-CENTRAL.pdf
Osun,OSUN CENTRAL,SD/085/OS,3,OYEDUNTAN GANNY LAYIWOLA,M,ADP,1544,,Osun_OSUN-CENTRAL.pdf
Osun,OSUN CENTRAL,SD/085/OS,4,AJADI ABIOLA AYOWOLE,F,APA,259,,Osun_OSUN-CENTRAL.pdf
Osun,OSUN CENTRAL,SD/085/OS,5,SURAJUDEEN AJIBOLA BASIRU,M,APC,132821,ELECTED,Osun_OSUN-CENTRAL.pdf
Osun,OSUN CENTRAL,SD/085/OS,6,ADEBISI MICHAEL MUKAILA,M,APP,209,,Osun_OSUN-CENTRAL.pdf
Osun,OSUN CENTRAL,SD/085/OS,7,DUMMADE ADEJOKE UWURAOLA,F,BNPP,12,,Osun_OSUN-CENTRAL.pdf
Osun,OSUN CENTRAL,SD/085/OS,8,OJO SIMEON OLUDARE,M,C4C,13,,Osun_OSUN-CENTRAL.pdf
Osun,OSUN CENTRAL,SD/085/OS,9,MRS ADEBAYO RASHEEDAT,F,CAP,19,,Osun_OSUN-CENTRAL.pdf
Osun,OSUN CENTRAL,SD/085/OS,10,IBRAHIM FATIMA ADEOLA,F,DA,27,,Osun_OSUN-CENTRAL.pdf
Osun,OSUN CENTRAL,SD/085/OS,11,ADEFARE AJIBOLA PRINCESS,F,GPN,12,,Osun_OSUN-CENTRAL.pdf
Osun,OSUN CENTRAL,SD/085/OS,12,BELLO SIKIRU ADEBAYO,M,ID,9,,Osun_OSUN-CENTRAL.pdf
Osun,OSUN CENTRAL,SD/085/OS,13,CHARLES ABIOYE KUNLE,M,JMPP,14,,Osun_OSUN-CENTRAL.pdf
Osun,OSUN CENTRAL,SD/085/OS,14,ARIKEWUYO MARY OYEBOLA,F,LP,26,,Osun_OSUN-CENTRAL.pdf
Osun,OSUN CENTRAL,SD/085/OS,15,ADEGOKE SIMISOLA AYOKANMI,F,MAJA,34,,Osun_OSUN-CENTRAL.pdf
Osun,OSUN CENTRAL,SD/085/OS,16,FAREMI RAPHAEL A,M,MMN,36,,Osun_OSUN-CENTRAL.pdf
Osun,OSUN CENTRAL,SD/085/OS,17,LAWAL GANIYU AKANFE,M,MPN,46,,Osun_OSUN-CENTRAL.pdf
Osun,OSUN CENTRAL,SD/085/OS,18,BANKOLE GAFAR DEMOLA,M,NCP,564,,Osun_OSUN-CENTRAL.pdf
Osun,OSUN CENTRAL,SD/085/OS,19,OLAOLUWA AYOBAMI GANIYU,M,PDP,106779,,Osun_OSUN-CENTRAL.pdf
Osun,OSUN CENTRAL,SD/085/OS,20,OSENI OLAYINKA KAZEEM,M,PPA,133,,Osun_OSUN-CENTRAL.pdf
Osun,OSUN CENTRAL,SD/085/OS,21,AFOLABI RASAQ OLAYIWOLA,M,PPN,33,,Osun_OSUN-CENTRAL.pdf
Osun,OSUN CENTRAL,SD/085/OS,22,AFOLABI MOSHOOD ABIODUN,M,PRP,19,,Osun_OSUN-CENTRAL.pdf
Osun,OSUN CENTRAL,SD/085/OS,23,SALAKO EMMANUEL OLADIMEJI,M,PT,26,,Osun_OSUN-CENTRAL.pdf
Osun,OSUN CENTRAL,SD/085/OS,24,ADEYEMI ADEDAYO SIKIRU,M,RP,13,,Osun_OSUN-CENTRAL.pdf
Osun,OSUN CENTRAL,SD/085/OS,25,BABATUNDE SOLOMON AYOTUNDE,M,SDP,366,,Osun_OSUN-CENTRAL.pdf
Osun,OSUN EAST,SD/086/OS,1,ADEFIOYE BABATUNDE OLANIYI,M,A,2669,,Osun_OSUN-EAST.pdf
Osun,OSUN EAST,SD/086/OS,2,OLAMIDE FOLAHANMI OLOYEDE,F,ADC,540,,Osun_OSUN-EAST.pdf
Osun,OSUN EAST,SD/086/OS,3,TAJUDEEN FAMUYIDE OLUWASEUN,M,ADP,1452,,Osun_OSUN-EAST.pdf
Osun,OSUN EAST,SD/086/OS,4,FAWUNMI KAYODE OLALEKAN,M,ANRP,105,,Osun_OSUN-EAST.pdf
Osun,OSUN EAST,SD/086/OS,5,PAUL OLADIMEJI OLUSEYI,M,APA,316,,Osun_OSUN-EAST.pdf
Osun,OSUN EAST,SD/086/OS,6,FAMUREWA ISRAEL AJIBOLA,M,APC,105720,,Osun_OSUN-EAST.pdf
Osun,OSUN EAST,SD/086/OS,7,ODESOLA OLUSEYE TITUS,M,APP,149,,Osun_OSUN-EAST.pdf
Osun,OSUN EAST,SD/086/OS,8,AJIBOLA FATIMOH,F,CAP,132,,Osun_OSUN-EAST.pdf
Osun,OSUN EAST,SD/086/OS,9,FAFIOYE HAMMED ABIODUN,M,DA,28,,Osun_OSUN-EAST.pdf
Osun,OSUN EAST,SD/086/OS,10,ADERINSOYE CHARLES ADEWALE,M,DPC,69,,Osun_OSUN-EAST.pdf
Osun,OSUN EAST,SD/086/OS,11,ANIFOWOSE RAFIU SHEHU,M,GPN,19,,Osun_OSUN-EAST.pdf
Osun,OSUN EAST,SD/086/OS,12,AKANBI WASIU OLALEKAN,M,ID,30,,Osun_OSUN-EAST.pdf
Osun,OSUN EAST,SD/086/OS,13,ADETUNJI OGUNLEYE FELIX,M,JMPP,108,,Osun_OSUN-EAST.pdf
Osun,OSUN EAST,SD/086/OS,14,MICAEL FOWOWE OLADEMEJI,M,LP,85,,Osun_OSUN-EAST.pdf
Osun,OSUN EAST,SD/086/OS,15,ADEKUNLE OYERINDE,M,MAJA,67,,Osun_OSUN-EAST.pdf
Osun,OSUN EAST,SD/086/OS,16,ARIYO SUNDAY SINA,M,MMN,46,,Osun_OSUN-EAST.pdf
Osun,OSUN EAST,SD/086/OS,17,KOLAWOLE ADEDAPO LASISI,M,MPN,53,,Osun_OSUN-EAST.pdf
Osun,OSUN EAST,SD/086/OS,18,FASOREPO GIDEON AYODELE,M,NCP,572,,Osun_OSUN-EAST.pdf
Osun,OSUN EAST,SD/086/OS,19,ABEDE ADETONA SAMUEL,M,NRM,198,,Osun_OSUN-EAST.pdf
Osun,OSUN EAST,SD/086/OS,20,FADAHUNSI FRANCIS ADENIGBA,M,PDP,114893,ELECTED,Osun_OSUN-EAST.pdf
Osun,OSUN EAST,SD/086/OS,21,OLUWAYINKA AMBROSE A,M,PPN,195,,Osun_OSUN-EAST.pdf
Osun,OSUN EAST,SD/086/OS,22,AYODELE BADMUS TOSIN MERCY,F,RP,27,,Osun_OSUN-EAST.pdf
Osun,OSUN EAST,SD/086/OS,23,SHEPHERD RICHARD OLUGBENGA AGBOLA,M,SNP,48,,Osun_OSUN-EAST.pdf
Osun,OSUN WEST,SD/087/OS,1,RUFAI ADEBISI MUJIDAT,F,ACPN,63,,Osun_OSUN-WEST.pdf
Osun,OSUN WEST,SD/087/OS,2,ALABI OLAKUNLE AKEEB,M,ADC,2119,,Osun_OSUN-WEST.pdf
Osun,OSUN WEST,SD/087/OS,3,BABAYEMI OMOBA OYEDOTUN,M,ADP,42915,,Osun_OSUN-WEST.pdf
Osun,OSUN WEST,SD/087/OS,4,OYETORO BUKOLA,F,APA,370,,Osun_OSUN-WEST.pdf
Osun,OSUN WEST,SD/087/OS,5,ORIOLOWO ADELERE ADEYEMI,M,APC,102157,WINNER,Osun_OSUN-WEST.pdf
Osun,OSUN WEST,SD/087/OS,6,EKUNDAYO ADEMOLA PRECIOUS,M,APP,240,,Osun_OSUN-WEST.pdf
Osun,OSUN WEST,SD/087/OS,7,OLAPADE VICTOR OLAJIDE,M,BNPP,42,,Osun_OSUN-WEST.pdf
Osun,OSUN WEST,SD/087/OS,8,ADELEKE ISAAC ADEWOLE,M,C4C,42,,Osun_OSUN-WEST.pdf
Osun,OSUN WEST,SD/087/OS,9,OLUWATOYIN OLAIDE JAMES,M,DA,90,,Osun_OSUN-WEST.pdf
Osun,OSUN WEST,SD/087/OS,10,SOLOMON AYODEJI ONI,M,DPP,143,,Osun_OSUN-WEST.pdf
Osun,OSUN WEST,SD/087/OS,11,LAWAL MORILIYATU MOTUNRAYO,F,GPN,34,,Osun_OSUN-WEST.pdf
Osun,OSUN WEST,SD/087/OS,12,KAMALIDEEN AMOO,M,JMPP,95,,Osun_OSUN-WEST.pdf
Osun,OSUN WEST,SD/087/OS,13,OYELEKAN SAMUEL AKINGBADE,M,LP,382,,Osun_OSUN-WEST.pdf
Osun,OSUN WEST,SD/087/OS,14,OLUSEGUN IDOWU KAYODE,M,MPN,94,,Osun_OSUN-WEST.pdf
Osun,OSUN WEST,SD/087/OS,15,GIDADO MUIBAT OMONIKE,F,NCP,488,,Osun_OSUN-WEST.pdf
Osun,OSUN WEST,SD/087/OS,16,OYEWUNMI KAMORUDEEN OLALERE,M,PDP,97294,,Osun_OSUN-WEST.pdf
Osun,OSUN WEST,SD/087/OS,17,IBRAHIM JAMIU ADEYEMI,M,PPA,231,,Osun_OSUN-WEST.pdf
Osun,OSUN WEST,SD/087/OS,18,AKINTUNDE BENEDICT ADESOJI,M,PPN,51,,Osun_OSUN-WEST.pdf
Osun,OSUN WEST,SD/087/OS,19,OMONIYI ABIOLA OLUWABEMIGA,M,PT,27,,Osun_OSUN-WEST.pdf
Osun,OSUN WEST,SD/087/OS,20,AKINYODE BOLAJI MICHAEL,M,RP,23,,Osun_OSUN-WEST.pdf
Oyo,OYO CENTRAL,SD/088/OY,1,AJITADIDUN YETUNDE ELIZABETH,F,A,799,,Oyo_OYO-CENTRAL-1.pdf
Oyo,OYO CENTRAL,SD/088/OY,2,OLUMUYIWA ADEWALE SUNDAY,M,AD,599,,Oyo_OYO-CENTRAL-1.pdf
Oyo,OYO CENTRAL,SD/088/OY,3,SUNMONU JUMOKE MONSURAT,F,ADC,41657,,Oyo_OYO-CENTRAL-1.pdf
Oyo,OYO CENTRAL,SD/088/OY,4,SUGAR OLATOYE TEMITOPE O.,M,ADP,41377,,Oyo_OYO-CENTRAL-1.pdf
Oyo,OYO CENTRAL,SD/088/OY,5,TOPE OLAOLU OJERINDE,M,ANRP,1033,,Oyo_OYO-CENTRAL-1.pdf
Oyo,OYO CENTRAL,SD/088/OY,6,FOLARIN TESLIM KOLAWOLE,M,APC,91080,ELECTED,Oyo_OYO-CENTRAL-1.pdf
Oyo,OYO CENTRAL,SD/088/OY,7,OLUKAYODE ADENIRAN STEPHEN,M,DPC,437,,Oyo_OYO-CENTRAL-1.pdf
Oyo,OYO CENTRAL,SD/088/OY,8,OYERINDE JOHN,M,DPP,511,,Oyo_OYO-CENTRAL-1.pdf
Oyo,OYO CENTRAL,SD/088/OY,9,OYEBODE OLUSEGUN MOSES,M,HDP,108,,Oyo_OYO-CENTRAL-1.pdf
Oyo,OYO CENTRAL,SD/088/OY,10,SALAUDEEN JELILI ADEBAYO,M,ID,95,,Oyo_OYO-CENTRAL-1.pdf
Oyo,OYO CENTRAL,SD/088/OY,11,LAMIDI BASIRU APAPA,M,LP,308,,Oyo_OYO-CENTRAL-1.pdf
Oyo,OYO CENTRAL,SD/088/OY,12,SUNDAY AJALA KOLAWOLE,M,MPN,202,,Oyo_OYO-CENTRAL-1.pdf
Oyo,OYO CENTRAL,SD/088/OY,13,LATEEF KAZEEM KOLAWOLE,M,NCP,254,,Oyo_OYO-CENTRAL-1.pdf
Oyo,OYO CENTRAL,SD/088/OY,14,SANNI BAMIDELE ADEOLA,M,NPC,936,,Oyo_OYO-CENTRAL-1.pdf
Oyo,OYO CENTRAL,SD/088/OY,15,ADEDAPO GABRIEL ADEREMI,M,NRM,781,,Oyo_OYO-CENTRAL-1.pdf
Oyo,OYO CENTRAL,SD/088/OY,16,ILAKA LUQMAN OYEBISI,M,PDP,83600,,Oyo_OYO-CENTRAL-1.pdf
Oyo,OYO CENTRAL,SD/088/OY,17,GBOLAGADE ADERONMU T,M,PPC,1327,,Oyo_OYO-CENTRAL-1.pdf
Oyo,OYO CENTRAL,SD/088/OY,18,TOLUTAYO ADEDEJI BAMIDELE,M,PPN,245,,Oyo_OYO-CENTRAL-1.pdf
Oyo,OYO CENTRAL,SD/088/OY,19,IBRAHIM ISMAILA OLADIMEJI,M,PT,77,,Oyo_OYO-CENTRAL-1.pdf
Oyo,OYO CENTRAL,SD/088/OY,20,FAOZAY OLADOKUN NURUDEEN,M,SDP,462,,Oyo_OYO-CENTRAL-1.pdf
Oyo,OYO CENTRAL,SD/088/OY,21,OLANIYAN ABIOLA IDOWU MUMUNI,M,ZLP,6593,,Oyo_OYO-CENTRAL-1.pdf
Oyo,OYO NORTH,SD/089/OY,1,OGUNSOLA-SALIU KEHINDE,F,A,548,,Oyo_OYO-NORTH-1.pdf
Oyo,OYO NORTH,SD/089/OY,2,LAWAL ADELEKE ADEBAYO,M,ADC,40304,,Oyo_OYO-NORTH-1.pdf
Oyo,OYO NORTH,SD/089/OY,3,SALAWUDEEN AHMED OLANIYI,M,ADP,45225,,Oyo_OYO-NORTH-1.pdf
Oyo,OYO NORTH,SD/089/OY,4,BUHARI ABDULFATAI,M,APC,107703,ELECTED,Oyo_OYO-NORTH-1.pdf
Oyo,OYO NORTH,SD/089/OY,5,EMMANUEL ADEKUNLE,M,DPP,623,,Oyo_OYO-NORTH-1.pdf
Oyo,OYO NORTH,SD/089/OY,6,OYEWOLE WAHEED BOLANLE,M,HDP,122,,Oyo_OYO-NORTH-1.pdf
Oyo,OYO NORTH,SD/089/OY,7,TAIWO ASHAJU OLATUNDE,M,ID,148,,Oyo_OYO-NORTH-1.pdf
Oyo,OYO NORTH,SD/089/OY,8,AGBABI ABIODUN DORCAS T.,F,JMPP,158,,Oyo_OYO-NORTH-1.pdf
Oyo,OYO NORTH,SD/089/OY,9,ABDULGAFAR ADEKUNLE IDRIS,M,LP,362,,Oyo_OYO-NORTH-1.pdf
Oyo,OYO NORTH,SD/089/OY,10,OLADIMEJI OGUNTONA JOEL,M,MPN,207,,Oyo_OYO-NORTH-1.pdf
Oyo,OYO NORTH,SD/089/OY,11,BOSEDE GBEMISOLA DORCAS,F,NCP,93,,Oyo_OYO-NORTH-1.pdf
Oyo,OYO NORTH,SD/089/OY,12,ADEDOYIN MATTHEW OLASUNMBO,M,NRM,318,,Oyo_OYO-NORTH-1.pdf
Oyo,OYO NORTH,SD/089/OY,13,AKANDE ADEOLA MULIKAT,F,PDP,89365,,Oyo_OYO-NORTH-1.pdf
Oyo,OYO NORTH,SD/089/OY,14,OLADOKUN ADEBOYIN ADEOLA,F,PPC,481,,Oyo_OYO-NORTH-1.pdf
Oyo,OYO NORTH,SD/089/OY,15,GBOLAHAN BABALOLA MONSURU,M,PPN,174,,Oyo_OYO-NORTH-1.pdf
Oyo,OYO NORTH,SD/089/OY,16,TAIWO ADEREMI OLADELE,M,PT,39,,Oyo_OYO-NORTH-1.pdf
Oyo,OYO NORTH,SD/089/OY,17,ADESHINA ADEWOLE,M,SDP,114,,Oyo_OYO-NORTH-1.pdf
Oyo,OYO NORTH,SD/089/OY,18,BASH LAWAL AREMU,M,ZLP,4385,,Oyo_OYO-NORTH-1.pdf
Oyo,OYO SOUTH,SD/090/OY,1,DAIRO OLAYINKA OLAIDE,M,A,2633,,Oyo_OYO-SOUTH-1.pdf
Oyo,OYO SOUTH,SD/090/OY,2,AKANBI RILWAN ADESOJI,M,ADC,49437,,Oyo_OYO-SOUTH-1.pdf
Oyo,OYO SOUTH,SD/090/OY,3,AKINOSUN FOLARANWU OLUSIJAYA,M,ADP,13149,,Oyo_OYO-SOUTH-1.pdf
Oyo,OYO SOUTH,SD/090/OY,4,AKINWANDE OSUOLALE PRAISE,M,AGA,384,,Oyo_OYO-SOUTH-1.pdf
Oyo,OYO SOUTH,SD/090/OY,5,AJIMOBI ABIOLA ADEYEMI,M,APC,92218,,Oyo_OYO-SOUTH-1.pdf
Oyo,OYO SOUTH,SD/090/OY,6,ADEYEMI JOSEPH BABATUNDE,M,DA,419,,Oyo_OYO-SOUTH-1.pdf
Oyo,OYO SOUTH,SD/090/OY,7,MAKINDE DANIEL,M,DPP,462,,Oyo_OYO-SOUTH-1.pdf
Oyo,OYO SOUTH,SD/090/OY,8,ALABI AFOLABI KENNY,M,GPN,95,,Oyo_OYO-SOUTH-1.pdf
Oyo,OYO SOUTH,SD/090/OY,9,ALADE MUSODIQ OLADIPO,M,ID,83,,Oyo_OYO-SOUTH-1.pdf
Oyo,OYO SOUTH,SD/090/OY,10,AKANDE LUQMAN ADEMOLA,M,JMPP,87,,Oyo_OYO-SOUTH-1.pdf
Oyo,OYO SOUTH,SD/090/OY,11,ADEGOKE LATEEF AKANJI,M,LP,410,,Oyo_OYO-SOUTH-1.pdf
Oyo,OYO SOUTH,SD/090/OY,12,KOLAWOLE IBRAHIM WAHAB,M,MPN,264,,Oyo_OYO-SOUTH-1.pdf
Oyo,OYO SOUTH,SD/090/OY,13,ALALADE TUNJI SIMON,M,NCP,644,,Oyo_OYO-SOUTH-1.pdf
Oyo,OYO SOUTH,SD/090/OY,14,SALIMON ADENIRAN ADESINA,M,NPC,461,,Oyo_OYO-SOUTH-1.pdf
Oyo,OYO SOUTH,SD/090/OY,15,MAKINDE GABRIEL OLUKUNMI,M,NRM,296,,Oyo_OYO-SOUTH-1.pdf
Oyo,OYO SOUTH,SD/090/OY,16,KOLA ADEMOLA BALOGUN,M,PDP,105720,ELECTED,Oyo_OYO-SOUTH-1.pdf
Oyo,OYO SOUTH,SD/090/OY,17,RICHARD AKINLADE OLUBUKOLA,M,PPC,421,,Oyo_OYO-SOUTH-1.pdf
Oyo,OYO SOUTH,SD/090/OY,18,ADERIGBIGBI ALH. HABEEB ADEWUMI,M,PPN,227,,Oyo_OYO-SOUTH-1.pdf
Oyo,OYO SOUTH,SD/090/OY,19,ALAO ADEWALE,M,SDP,1012,,Oyo_OYO-SOUTH-1.pdf
Oyo,OYO SOUTH,SD/090/OY,20,OLOYEDE IBRAHIM ASAWALE A.,M,YDP,655,,Oyo_OYO-SOUTH-1.pdf
Oyo,OYO SOUTH,SD/090/OY,21,NURENI ADISA OLADIPO,M,ZLP,12412,,Oyo_OYO-SOUTH-1.pdf
Plateau,PLATEAU CENTRAL,SD/092/PL,1,ABEL PEPERS USMAN,M,ABP,2697,,Plateau_PLATEAU-CENTRAL.pdf
Plateau,PLATEAU CENTRAL,SD/092/PL,2,ROTGAK SIMON KITKA,M,ADC,590,,Plateau_PLATEAU-CENTRAL.pdf
Plateau,PLATEAU CENTRAL,SD/092/PL,3,DAMULAK MANASSEH,M,ADP,6755,,Plateau_PLATEAU-CENTRAL.pdf
Plateau,PLATEAU CENTRAL,SD/092/PL,4,DIMKA HEZEKIAH AYUBA,M,APC,149457,ELECTED,Plateau_PLATEAU-CENTRAL.pdf
Plateau,PLATEAU CENTRAL,SD/092/PL,5,LONGS ALI NANLE,M,CAP,147,,Plateau_PLATEAU-CENTRAL.pdf
Plateau,PLATEAU CENTRAL,SD/092/PL,6,AKOS ZAKKA M.,M,FRESH,28,,Plateau_PLATEAU-CENTRAL.pdf
Plateau,PLATEAU CENTRAL,SD/092/PL,7,LARAB SANTOS AYUBA TANGSHAR,M,GPN,997,,Plateau_PLATEAU-CENTRAL.pdf
Plateau,PLATEAU CENTRAL,SD/092/PL,8,GEOFREY JOHN GOFEN,M,JMPP,29,,Plateau_PLATEAU-CENTRAL.pdf
Plateau,PLATEAU CENTRAL,SD/092/PL,9,JOSEPH NENGAR LAR,M,MPN,145,,Plateau_PLATEAU-CENTRAL.pdf
Plateau,PLATEAU CENTRAL,SD/092/PL,10,GOKIR NENGAK CLEMENT,M,NRM,228,,Plateau_PLATEAU-CENTRAL.pdf
Plateau,PLATEAU CENTRAL,SD/092/PL,11,PARRADANG DAVID SHIKFU,M,PDP,145048,,Plateau_PLATEAU-CENTRAL.pdf
Plateau,PLATEAU CENTRAL,SD/092/PL,12,YUBEL PRINCE DAVID,M,PPC,729,,Plateau_PLATEAU-CENTRAL.pdf
Plateau,PLATEAU CENTRAL,SD/092/PL,13,TANGSAN PAKSOHOT I.,M,PT,22,,Plateau_PLATEAU-CENTRAL.pdf
Plateau,PLATEAU CENTRAL,SD/092/PL,14,DIKWAL CHINNAN MACLEAN,M,SDP,2222,,Plateau_PLATEAU-CENTRAL.pdf
Plateau,PLATEAU NORTH,SD/093/PL,1,LODAM HENRY PWAJOK,M,ABP,311,,Plateau_PLATEAU-NORTH.pdf
Plateau,PLATEAU NORTH,SD/093/PL,2,IBRAHIM RAYYAN BALARABE,M,ADC,1283,,Plateau_PLATEAU-NORTH.pdf
Plateau,PLATEAU NORTH,SD/093/PL,3,GYANG SAMUEL PAM,M,ADP,1984,,Plateau_PLATEAU-NORTH.pdf
Plateau,PLATEAU NORTH,SD/093/PL,4,BATURE RUFUS DANIEL,M,APC,171233,,Plateau_PLATEAU-NORTH.pdf
Plateau,PLATEAU NORTH,SD/093/PL,5,MUSA MANGAI ISHAYA,M,JMPP,157,,Plateau_PLATEAU-NORTH.pdf
Plateau,PLATEAU NORTH,SD/093/PL,6,SALIS MUHAMMAD,M,KP,379,,Plateau_PLATEAU-NORTH.pdf
Plateau,PLATEAU NORTH,SD/093/PL,7,DUNG SIMI PATRICIA JAMILA,F,MPN,119,,Plateau_PLATEAU-NORTH.pdf
Plateau,PLATEAU NORTH,SD/093/PL,8,SANI KELVIN ZANGANA,M,NRM,27,,Plateau_PLATEAU-NORTH.pdf
Plateau,PLATEAU NORTH,SD/093/PL,9,MAGAJI AUWAL HASSAN,M,PDC,630,,Plateau_PLATEAU-NORTH.pdf
Plateau,PLATEAU NORTH,SD/093/PL,10,GYANG ISTIFANUS DUNG,M,PDP,269555,ELECTED,Plateau_PLATEAU-NORTH.pdf
Plateau,PLATEAU NORTH,SD/093/PL,11,GYANG-FULANI DALENG EMMANUEL,M,PPC,422,,Plateau_PLATEAU-NORTH.pdf
Plateau,PLATEAU NORTH,SD/093/PL,12,ABDULLAHI SAMAILA,M,PRP,16994,,Plateau_PLATEAU-NORTH.pdf
Plateau,PLATEAU NORTH,SD/093/PL,13,ILIYA DANGS MWANTOK,M,PT,25,,Plateau_PLATEAU-NORTH.pdf
Plateau,PLATEAU NORTH,SD/093/PL,14,AKAWU BABA,M,SDP,785,,Plateau_PLATEAU-NORTH.pdf
Plateau,PLATEAU SOUTH,SD/091/PL,1,FANTO NAOMI JANE,FEMALE,ADP,868,,Plateau_PLATEAU-SOUTH.pdf
Plateau,PLATEAU SOUTH,SD/091/PL,2,LONGJAN IGNATIUS DATONG,MALE,APC,140918,ELECTED,Plateau_PLATEAU-SOUTH.pdf
Plateau,PLATEAU SOUTH,SD/091/PL,3,MICHEAL MUDI NYIBIAM,MALE,DA,145,,Plateau_PLATEAU-SOUTH.pdf
Plateau,PLATEAU SOUTH,SD/091/PL,4,RAYMOND CLEMENT,MALE,JMPP,9,,Plateau_PLATEAU-SOUTH.pdf
Plateau,PLATEAU SOUTH,SD/091/PL,5,MAMFA LADI NUN,FEMALE,MPN,30,,Plateau_PLATEAU-SOUTH.pdf
Plateau,PLATEAU SOUTH,SD/091/PL,6,TANKO PATRICK PIANGUN,MALE,NRM,167,,Plateau_PLATEAU-SOUTH.pdf
Plateau,PLATEAU SOUTH,SD/091/PL,7,KEFAS PETER DANDAM,MALE,PDP,132441,,Plateau_PLATEAU-SOUTH.pdf
Plateau,PLATEAU SOUTH,SD/091/PL,8,DONGTOE CECILIA NOKNAAN,FEMALE,PPC,292,,Plateau_PLATEAU-SOUTH.pdf
Plateau,PLATEAU SOUTH,SD/091/PL,9,JOHN SUNDAY NANWA,MALE,PPN,34,,Plateau_PLATEAU-SOUTH.pdf
Plateau,PLATEAU SOUTH,SD/091/PL,10,YOUMPANG SINKIT JALMEL,MALE,PT,13,,Plateau_PLATEAU-SOUTH.pdf
Plateau,PLATEAU SOUTH,SD/091/PL,11,NAANLONG NICODEMUS,MALE,SDP,445,,Plateau_PLATEAU-SOUTH.pdf
Plateau,PLATEAU SOUTH,SD/091/PL,12,INUWA SANUSI MOHAMMED,MALE,UPP,21,,Plateau_PLATEAU-SOUTH.pdf
Rivers,RIVERS EAST,SD/094/RV,1,NWUKE AZUBUIKE,M,A,9852,,Rivers_RIVERS-EAST.pdf
Rivers,RIVERS EAST,SD/094/RV,2,OHALE SYLVESTER,M,AA,734,,Rivers_RIVERS-EAST.pdf
Rivers,RIVERS EAST,SD/094/RV,3,IBEMORAH NWANNEKA JANET,F,ACPN,543,,Rivers_RIVERS-EAST.pdf
Rivers,RIVERS EAST,SD/094/RV,4,OGBONNA CLAY NDUKA,M,ADC,2865,,Rivers_RIVERS-EAST.pdf
Rivers,RIVERS EAST,SD/094/RV,5,ABAM OCHEDUKOKUMA JOHN,M,APDA,851,,Rivers_RIVERS-EAST.pdf
Rivers,RIVERS EAST,SD/094/RV,6,KPALKU HAMLET,M,APP,475,,Rivers_RIVERS-EAST.pdf
Rivers,RIVERS EAST,SD/094/RV,7,THOMAS ANGELA CHIKIADINAKA,F,C4C,139,,Rivers_RIVERS-EAST.pdf
Rivers,RIVERS EAST,SD/094/RV,8,OKORUWA IBIFURO EHI,M,DA,469,,Rivers_RIVERS-EAST.pdf
Rivers,RIVERS EAST,SD/094/RV,9,OLERU EMEKA SOMIAR,M,GPN,1468,,Rivers_RIVERS-EAST.pdf
Rivers,RIVERS EAST,SD/094/RV,10,AMACHI STEPHEN A.,M,HDP,287,,Rivers_RIVERS-EAST.pdf
Rivers,RIVERS EAST,SD/094/RV,11,ANAELE GRACE,F,ID,921,,Rivers_RIVERS-EAST.pdf
Rivers,RIVERS EAST,SD/094/RV,12,MICHAELS-ATATA LESLIE VICTOR CHIZI,M,LP,8893,,Rivers_RIVERS-EAST.pdf
Rivers,RIVERS EAST,SD/094/RV,13,KIANEM BONMENE,M,MMN,3027,,Rivers_RIVERS-EAST.pdf
Rivers,RIVERS EAST,SD/094/RV,14,WUZOR QUEEN,F,NDLP,623,,Rivers_RIVERS-EAST.pdf
Rivers,RIVERS EAST,SD/094/RV,15,SEKIBO GEORGE THOMPSON,M,PDP,283759,ELECTED,Rivers_RIVERS-EAST.pdf
Rivers,RIVERS EAST,SD/094/RV,16,MINAINYO SUNDAY P.T,M,PPA,393,,Rivers_RIVERS-EAST.pdf
Rivers,RIVERS EAST,SD/094/RV,17,NKEREKE ANDERSON,M,PPC,271,,Rivers_RIVERS-EAST.pdf
Rivers,RIVERS EAST,SD/094/RV,18,OTAMIRI JOHNSON UGOCHUKWU,M,SDP,2598,,Rivers_RIVERS-EAST.pdf
Rivers,RIVERS EAST,SD/094/RV,19,NNAMDI GODDAY IKECHI,M,ZLP,188,,Rivers_RIVERS-EAST.pdf
Rivers,RIVERS SOUTH EAST,SD/095/RV,1,BADEY SUAGE ALEXANDER,M,A,6155,,Rivers_RIVERS-SOUTHEAST.pdf
Rivers,RIVERS SOUTH EAST,SD/095/RV,2,MARTINS LENEBARI BRIGHT,M,ACD,980,,Rivers_RIVERS-SOUTHEAST.pdf
Rivers,RIVERS SOUTH EAST,SD/095/RV,3,LEKIA JANEY,F,ADC,779,,Rivers_RIVERS-SOUTHEAST.pdf
Rivers,RIVERS SOUTH EAST,SD/095/RV,4,BAKPEA SUNDAY NGBOR,M,APDA,877,,Rivers_RIVERS-SOUTHEAST.pdf
Rivers,RIVERS SOUTH EAST,SD/095/RV,5,KENDRICK JAJA T.,M,APP,235,,Rivers_RIVERS-SOUTHEAST.pdf
Rivers,RIVERS SOUTH EAST,SD/095/RV,6,MBEKE GODWIN BARIBEFII,M,C4C,552,,Rivers_RIVERS-SOUTHEAST.pdf
Rivers,RIVERS SOUTH EAST,SD/095/RV,7,COOKEYGAM CHAMBERLENE,M,DA,105,,Rivers_RIVERS-SOUTHEAST.pdf
Rivers,RIVERS SOUTH EAST,SD/095/RV,8,DEEKOR CHRISTIAN MEEBARI,M,GPN,43,,Rivers_RIVERS-SOUTHEAST.pdf
Rivers,RIVERS SOUTH EAST,SD/095/RV,9,MIIBARI ANYIMA,F,ID,237,,Rivers_RIVERS-SOUTHEAST.pdf
Rivers,RIVERS SOUTH EAST,SD/095/RV,10,PRINCE FAVOUR FELIX MUKA REUBEN,M,LP,480,,Rivers_RIVERS-SOUTHEAST.pdf
Rivers,RIVERS SOUTH EAST,SD/095/RV,11,ANYADIKE JOSEPH DIMKPA,M,MMN,34,,Rivers_RIVERS-SOUTHEAST.pdf
Rivers,RIVERS SOUTH EAST,SD/095/RV,12,SIADHPIRI JAJA F.,M,MPN,92,,Rivers_RIVERS-SOUTHEAST.pdf
Rivers,RIVERS SOUTH EAST,SD/095/RV,13,SAMSON KPEALE,F,MRDD,43,,Rivers_RIVERS-SOUTHEAST.pdf
Rivers,RIVERS SOUTH EAST,SD/095/RV,14,OGOLO SATURDAY STEPHEN,M,NDLP,57,,Rivers_RIVERS-SOUTHEAST.pdf
Rivers,RIVERS SOUTH EAST,SD/095/RV,15,LOLNYIELO DAGONNY GODWIN,M,NPC,283,,Rivers_RIVERS-SOUTHEAST.pdf
Rivers,RIVERS SOUTH EAST,SD/095/RV,16,PEPPLE KENNETH GODWILL,M,PDC,170,,Rivers_RIVERS-SOUTHEAST.pdf
Rivers,RIVERS SOUTH EAST,SD/095/RV,17,MPIGI BARINADA,M,PDP,247182,ELECTED,Rivers_RIVERS-SOUTHEAST.pdf
Rivers,RIVERS SOUTH EAST,SD/095/RV,18,ATUKOMI ZORBARI,M,PPA,142,,Rivers_RIVERS-SOUTHEAST.pdf
Rivers,RIVERS SOUTH EAST,SD/095/RV,19,NGBO INNOCENT WALKER,M,PPC,314,,Rivers_RIVERS-SOUTHEAST.pdf
Rivers,RIVERS SOUTH EAST,SD/095/RV,20,DONBARIDAM GODAE,M,SDP,2087,,Rivers_RIVERS-SOUTHEAST.pdf
Rivers,RIVERS SOUTH EAST,SD/095/RV,21,OKENE KING NSIRIM KEDDINA,M,YES,74,,Rivers_RIVERS-SOUTHEAST.pdf
Rivers,RIVERS SOUTH EAST,SD/095/RV,22,MICHAEL COMRADE PRINCE,M,ZLP,51,,Rivers_RIVERS-SOUTHEAST.pdf
Rivers,RIVERS WEST,SD/096/RV,1,ADONYE P. FINECOUNTRY,M,A,11523,,Rivers_RIVERS-WEST.pdf
Rivers,RIVERS WEST,SD/096/RV,2,ONWUKWE GREATMAN,M,AA,887,,Rivers_RIVERS-WEST.pdf
Rivers,RIVERS WEST,SD/096/RV,3,JEFFERSON IGWE,M,ADC,2340,,Rivers_RIVERS-WEST.pdf
Rivers,RIVERS WEST,SD/096/RV,4,EZEKIEL ORLU CHAKA,M,APDA,394,,Rivers_RIVERS-WEST.pdf
Rivers,RIVERS WEST,SD/096/RV,5,GIFT OBARA,M,APP,437,,Rivers_RIVERS-WEST.pdf
Rivers,RIVERS WEST,SD/096/RV,6,OSADEME VIVIAN,F,C4C,131,,Rivers_RIVERS-WEST.pdf
Rivers,RIVERS WEST,SD/096/RV,7,TIEKOR BOB-MANUEL,M,DA,158,,Rivers_RIVERS-WEST.pdf
Rivers,RIVERS WEST,SD/096/RV,8,LIONEL OPUADA PEPPLE,M,ID,113,,Rivers_RIVERS-WEST.pdf
Rivers,RIVERS WEST,SD/096/RV,9,OGBOWU ELEMCHUKWU,M,LP,4134,,Rivers_RIVERS-WEST.pdf
Rivers,RIVERS WEST,SD/096/RV,10,SYGNS IBIGBEYE,F,MRDD,182,,Rivers_RIVERS-WEST.pdf
Rivers,RIVERS WEST,SD/096/RV,11,WARI TAMUNOTONYE OBAZI,M,NDLP,286,,Rivers_RIVERS-WEST.pdf
Rivers,RIVERS WEST,SD/096/RV,12,EBINI IBIOBELEARI OBOMATE,F,NPC,210,,Rivers_RIVERS-WEST.pdf
Rivers,RIVERS WEST,SD/096/RV,13,ORIGBO HENRY,M,NUP,149,,Rivers_RIVERS-WEST.pdf
Rivers,RIVERS WEST,SD/096/RV,14,APIAFI BETTY JOCELYN,F,PDP,159215,ELECTED,Rivers_RIVERS-WEST.pdf
Rivers,RIVERS WEST,SD/096/RV,15,OKPEWONO JOYCE JACKS,F,PPA,386,,Rivers_RIVERS-WEST.pdf
Rivers,RIVERS WEST,SD/096/RV,16,OBAGHAMA DIGHOBO E,M,SDP,20139,,Rivers_RIVERS-WEST.pdf
Rivers,RIVERS WEST,SD/096/RV,17,BOLOUBOERE GEORGE O.,F,UPN,170,,Rivers_RIVERS-WEST.pdf
Rivers,RIVERS WEST,SD/096/RV,18,FRANCIS DON-PEDRO OKPARA,M,ZLP,118,,Rivers_RIVERS-WEST.pdf
Sokoto,SOKOTO EAST,SD/097/SO,1,ABDULRAHMAN ABUBAKAR USMAN,M,AAP,58,,Sokoto_SOKOTO-EAST.pdf
Sokoto,SOKOTO EAST,SD/097/SO,2,USMAN IBRAHIM WAURU,M,ACPN,62,,Sokoto_SOKOTO-EAST.pdf
Sokoto,SOKOTO EAST,SD/097/SO,3,UMARU MUHAMMAD,M,AD,67,,Sokoto_SOKOTO-EAST.pdf
Sokoto,SOKOTO EAST,SD/097/SO,4,AHMED BELLO AHMED,M,ADC,88,,Sokoto_SOKOTO-EAST.pdf
Sokoto,SOKOTO EAST,SD/097/SO,5,MURTALA ISAH,M,AGA,76,,Sokoto_SOKOTO-EAST.pdf
Sokoto,SOKOTO EAST,SD/097/SO,6,BASHAR BELLO,M,AGAP,94,,Sokoto_SOKOTO-EAST.pdf
Sokoto,SOKOTO EAST,SD/097/SO,7,TUKUR MUSTAPHA,M,ANDP,235,,Sokoto_SOKOTO-EAST.pdf
Sokoto,SOKOTO EAST,SD/097/SO,8,GOBIR IBRAHIM ABDULLAHI,M,APC,170665,ELECTED,Sokoto_SOKOTO-EAST.pdf
Sokoto,SOKOTO EAST,SD/097/SO,9,ALHASSAN IDI GATAWA,M,APDA,41,,Sokoto_SOKOTO-EAST.pdf
Sokoto,SOKOTO EAST,SD/097/SO,10,PETER EJEH IGWE,M,CAP,106,,Sokoto_SOKOTO-EAST.pdf
Sokoto,SOKOTO EAST,SD/097/SO,11,BELLO ABBAS,M,DA,77,,Sokoto_SOKOTO-EAST.pdf
Sokoto,SOKOTO EAST,SD/097/SO,12,SANI ABDULLAHI GARBA,M,DPP,127,,Sokoto_SOKOTO-EAST.pdf
Sokoto,SOKOTO EAST,SD/097/SO,13,MIKA'ILU SALMANU,M,GPN,37,,Sokoto_SOKOTO-EAST.pdf
Sokoto,SOKOTO EAST,SD/097/SO,14,MOHAMMED BASHIR UMAR,M,JMPP,74,,Sokoto_SOKOTO-EAST.pdf
Sokoto,SOKOTO EAST,SD/097/SO,15,MU'AZU BELLO,M,KP,33,,Sokoto_SOKOTO-EAST.pdf
Sokoto,SOKOTO EAST,SD/097/SO,16,ABUBAKAR MUHAMMAD,M,LP,60,,Sokoto_SOKOTO-EAST.pdf
Sokoto,SOKOTO EAST,SD/097/SO,17,SAMBO BABALE,M,MMN,41,,Sokoto_SOKOTO-EAST.pdf
Sokoto,SOKOTO EAST,SD/097/SO,18,MOHAMMED SHIYTU,M,MPN,54,,Sokoto_SOKOTO-EAST.pdf
Sokoto,SOKOTO EAST,SD/097/SO,19,LAUWALI KAKALE,M,MRDD,75,,Sokoto_SOKOTO-EAST.pdf
Sokoto,SOKOTO EAST,SD/097/SO,20,MAMUDA SANI,M,NCP,50,,Sokoto_SOKOTO-EAST.pdf
Sokoto,SOKOTO EAST,SD/097/SO,21,AHMAD BELLO,M,NDLP,141,,Sokoto_SOKOTO-EAST.pdf
Sokoto,SOKOTO EAST,SD/097/SO,22,GANI ISAH,M,NEPP,94,,Sokoto_SOKOTO-EAST.pdf
Sokoto,SOKOTO EAST,SD/097/SO,23,MURTALA SHEHU,M,NPC,169,,Sokoto_SOKOTO-EAST.pdf
Sokoto,SOKOTO EAST,SD/097/SO,24,SULEMAN ABDULLAHI,M,NUP,924,,Sokoto_SOKOTO-EAST.pdf
Sokoto,SOKOTO EAST,SD/097/SO,25,MAIDAJI SALIHU,M,PDP,140322,,Sokoto_SOKOTO-EAST.pdf
Sokoto,SOKOTO EAST,SD/097/SO,26,MU'AZU HUSSAIN WAMBAR,M,PPN,289,,Sokoto_SOKOTO-EAST.pdf
Sokoto,SOKOTO EAST,SD/097/SO,27,GARBA ZAYYANU,M,PPP,195,,Sokoto_SOKOTO-EAST.pdf
Sokoto,SOKOTO EAST,SD/097/SO,28,ALHAJI ALU KIRI,M,SDP,275,,Sokoto_SOKOTO-EAST.pdf
Sokoto,SOKOTO EAST,SD/097/SO,29,ZAYYANU AUDI,M,SNP,56,,Sokoto_SOKOTO-EAST.pdf
Sokoto,SOKOTO EAST,SD/097/SO,30,AHMED ABUBAKAR,M,UPN,113,,Sokoto_SOKOTO-EAST.pdf
Sokoto,SOKOTO EAST,SD/097/SO,31,JUBRIL BELLO ALIYU,M,YPP,14,,Sokoto_SOKOTO-EAST.pdf
Sokoto,SOKOTO EAST,SD/097/SO,32,AMINU YAHAYA,M,ZLP,27,,Sokoto_SOKOTO-EAST.pdf
Sokoto,SOKOTO NORTH,SD/098/SO,1,UMAR HAFSATU,F,A,30,,Sokoto_SOKOTO-NORTH.pdf
Sokoto,SOKOTO NORTH,SD/098/SO,2,ABDULRAHMAN ABUBAKAR,M,AAP,221,,Sokoto_SOKOTO-NORTH.pdf
Sokoto,SOKOTO NORTH,SD/098/SO,3,MOHAMMED ABUBARKAR LABARAN,M,ACPN,49,,Sokoto_SOKOTO-NORTH.pdf
Sokoto,SOKOTO NORTH,SD/098/SO,4,UMARU USMAN,M,AD,58,,Sokoto_SOKOTO-NORTH.pdf
Sokoto,SOKOTO NORTH,SD/098/SO,5,MOHAMMED BANDADO YUSUF,M,ADC,70,,Sokoto_SOKOTO-NORTH.pdf
Sokoto,SOKOTO NORTH,SD/098/SO,6,IBRAHIM SALISU,M,AGA,73,,Sokoto_SOKOTO-NORTH.pdf
Sokoto,SOKOTO NORTH,SD/098/SO,7,ABUBAKAR BUDA,M,AGAP,121,,Sokoto_SOKOTO-NORTH.pdf
Sokoto,SOKOTO NORTH,SD/098/SO,8,SAIDU S/GOBIR,M,ANDP,81,,Sokoto_SOKOTO-NORTH.pdf
Sokoto,SOKOTO NORTH,SD/098/SO,9,UMAR ABUBAKAR,M,APA,455,,Sokoto_SOKOTO-NORTH.pdf
Sokoto,SOKOTO NORTH,SD/098/SO,10,WAMAKO ALIYU MAGATAKARDA,M,APC,172980,ELECTED,Sokoto_SOKOTO-NORTH.pdf
Sokoto,SOKOTO NORTH,SD/098/SO,11,YUSUF MANIR ADAMU,M,APDA,1104,,Sokoto_SOKOTO-NORTH.pdf
Sokoto,SOKOTO NORTH,SD/098/SO,12,ABUBAKAR ZAINAB,F,APGA,209,,Sokoto_SOKOTO-NORTH.pdf
Sokoto,SOKOTO NORTH,SD/098/SO,13,NASIRU IBRAHIM,M,CAP,54,,Sokoto_SOKOTO-NORTH.pdf
Sokoto,SOKOTO NORTH,SD/098/SO,14,MACCIDO USMAN,M,DA,58,,Sokoto_SOKOTO-NORTH.pdf
Sokoto,SOKOTO NORTH,SD/098/SO,15,ABDULLAHI BUHARI,M,DPC,39,,Sokoto_SOKOTO-NORTH.pdf
Sokoto,SOKOTO NORTH,SD/098/SO,16,SANUSI MUHAMMAD YARO,M,FRESH,56,,Sokoto_SOKOTO-NORTH.pdf
Sokoto,SOKOTO NORTH,SD/098/SO,17,ABDULLAHI MU'AZU,M,GPN,50,,Sokoto_SOKOTO-NORTH.pdf
Sokoto,SOKOTO NORTH,SD/098/SO,18,UMAR USMAN,M,ID,40,,Sokoto_SOKOTO-NORTH.pdf
Sokoto,SOKOTO NORTH,SD/098/SO,19,HASSAN SALIHU SARDAUNA,M,JMPP,20,,Sokoto_SOKOTO-NORTH.pdf
Sokoto,SOKOTO NORTH,SD/098/SO,20,UMAR ABUBAKAR,M,KP,45,,Sokoto_SOKOTO-NORTH.pdf
Sokoto,SOKOTO NORTH,SD/098/SO,21,ABUBAKAR SAMAILA,M,LP,45,,Sokoto_SOKOTO-NORTH.pdf
Sokoto,SOKOTO NORTH,SD/098/SO,22,AHMAD BELLO,M,MPN,41,,Sokoto_SOKOTO-NORTH.pdf
Sokoto,SOKOTO NORTH,SD/098/SO,23,BELLO FARUKU,M,MRDD,156,,Sokoto_SOKOTO-NORTH.pdf
Sokoto,SOKOTO NORTH,SD/098/SO,24,BUHARI SHAFATU,M,NAC,57,,Sokoto_SOKOTO-NORTH.pdf
Sokoto,SOKOTO NORTH,SD/098/SO,25,MUAZU SIDI,M,NCP,75,,Sokoto_SOKOTO-NORTH.pdf
Sokoto,SOKOTO NORTH,SD/098/SO,26,FARUKU IBRAHIM,M,NDLP,121,,Sokoto_SOKOTO-NORTH.pdf
Sokoto,SOKOTO NORTH,SD/098/SO,27,ANAS BELLO,M,NEPP,137,,Sokoto_SOKOTO-NORTH.pdf
Sokoto,SOKOTO NORTH,SD/098/SO,28,ABDULLAHI YAHAYA,M,NPC,205,,Sokoto_SOKOTO-NORTH.pdf
Sokoto,SOKOTO NORTH,SD/098/SO,29,KYASHE SA'ADU,M,NRM,946,,Sokoto_SOKOTO-NORTH.pdf
Sokoto,SOKOTO NORTH,SD/098/SO,30,MUHAMMAD AHMED MACCIDO,M,PDP,138922,,Sokoto_SOKOTO-NORTH.pdf
Sokoto,SOKOTO NORTH,SD/098/SO,31,MUHAMMED MARYAM,F,PPA,491,,Sokoto_SOKOTO-NORTH.pdf
Sokoto,SOKOTO NORTH,SD/098/SO,32,SANUSI ABUBAKAR,M,PPN,109,,Sokoto_SOKOTO-NORTH.pdf
Sokoto,SOKOTO NORTH,SD/098/SO,33,ABUBAKAR BASHIRU,M,PPP,105,,Sokoto_SOKOTO-NORTH.pdf
Sokoto,SOKOTO NORTH,SD/098/SO,34,ISAH MOH'D,M,SDP,132,,Sokoto_SOKOTO-NORTH.pdf
Sokoto,SOKOTO NORTH,SD/098/SO,35,ABDULRAHMAN BELLO,M,SNP,65,,Sokoto_SOKOTO-NORTH.pdf
Sokoto,SOKOTO NORTH,SD/098/SO,36,ALIYU MALAMI,M,UPN,111,,Sokoto_SOKOTO-NORTH.pdf
Sokoto,SOKOTO NORTH,SD/098/SO,37,ALKALI MU'AWIYA,M,YDP,20,,Sokoto_SOKOTO-NORTH.pdf
Sokoto,SOKOTO NORTH,SD/098/SO,38,MUDASIRU A SHEHU T,M,YPP,46,,Sokoto_SOKOTO-NORTH.pdf
Sokoto,SOKOTO NORTH,SD/098/SO,39,USMAN JAMILU BABA,M,ZLP,99,,Sokoto_SOKOTO-NORTH.pdf
Sokoto,SOKOTO SOUTH,SD/099/SO,1,NASIRU ABUBAKAR,M,AA,20,,Sokoto_SOKOTO-SOUTH.pdf
Sokoto,SOKOTO SOUTH,SD/099/SO,2,MUKUTAR BUKHARI,M,ABP,22,,Sokoto_SOKOTO-SOUTH.pdf
Sokoto,SOKOTO SOUTH,SD/099/SO,3,BUHARI ABUBAKAR,M,AD,21,,Sokoto_SOKOTO-SOUTH.pdf
Sokoto,SOKOTO SOUTH,SD/099/SO,4,ZAYYAN MOH'D SAMBO,M,ADC,41,,Sokoto_SOKOTO-SOUTH.pdf
Sokoto,SOKOTO SOUTH,SD/099/SO,5,GARBA ALIYU KEBBE,M,AGA,111,,Sokoto_SOKOTO-SOUTH.pdf
Sokoto,SOKOTO SOUTH,SD/099/SO,6,BELLO UMAR,M,APA,224,,Sokoto_SOKOTO-SOUTH.pdf
Sokoto,SOKOTO SOUTH,SD/099/SO,7,SHEHU ABUBAKAR TAMBUWAL,M,APC,134204,ELECTED,Sokoto_SOKOTO-SOUTH.pdf
Sokoto,SOKOTO SOUTH,SD/099/SO,8,MAHE DANGE,M,APDA,343,,Sokoto_SOKOTO-SOUTH.pdf
Sokoto,SOKOTO SOUTH,SD/099/SO,9,NASIRU USMAN,M,APGA,631,,Sokoto_SOKOTO-SOUTH.pdf
Sokoto,SOKOTO SOUTH,SD/099/SO,10,BALA MURTALA,M,CAP,24,,Sokoto_SOKOTO-SOUTH.pdf
Sokoto,SOKOTO SOUTH,SD/099/SO,11,BELLO MALAMI,M,DPC,39,,Sokoto_SOKOTO-SOUTH.pdf
Sokoto,SOKOTO SOUTH,SD/099/SO,12,IBRAHIM MAIAKWAI,M,DPP,74,,Sokoto_SOKOTO-SOUTH.pdf
Sokoto,SOKOTO SOUTH,SD/099/SO,13,MUSA SIRAJO,M,FRESH,21,,Sokoto_SOKOTO-SOUTH.pdf
Sokoto,SOKOTO SOUTH,SD/099/SO,14,MURTALA ABDULLAHI,M,GPN,9,,Sokoto_SOKOTO-SOUTH.pdf
Sokoto,SOKOTO SOUTH,SD/099/SO,15,ABUBAKAR UMAR ALKANCI,M,ID,25,,Sokoto_SOKOTO-SOUTH.pdf
Sokoto,SOKOTO SOUTH,SD/099/SO,16,JABBI HASSAN MAYAMA,M,JMPP,11,,Sokoto_SOKOTO-SOUTH.pdf
Sokoto,SOKOTO SOUTH,SD/099/SO,17,ALTINE BELLO,M,KP,21,,Sokoto_SOKOTO-SOUTH.pdf
Sokoto,SOKOTO SOUTH,SD/099/SO,18,ZARUMI ABUBAKAR,M,LP,25,,Sokoto_SOKOTO-SOUTH.pdf
Sokoto,SOKOTO SOUTH,SD/099/SO,19,MUHAMMAD SULEMAN,M,MRDD,39,,Sokoto_SOKOTO-SOUTH.pdf
Sokoto,SOKOTO SOUTH,SD/099/SO,20,SANUSI IMAMU,M,NCP,71,,Sokoto_SOKOTO-SOUTH.pdf
Sokoto,SOKOTO SOUTH,SD/099/SO,21,ZUBAIRU ABDU MAGAYAKI,M,NDLP,114,,Sokoto_SOKOTO-SOUTH.pdf
Sokoto,SOKOTO SOUTH,SD/099/SO,22,JELANI MUHAMMED,M,NEPP,43,,Sokoto_SOKOTO-SOUTH.pdf
Sokoto,SOKOTO SOUTH,SD/099/SO,23,ISAH MALAMI,M,NPC,477,,Sokoto_SOKOTO-SOUTH.pdf
Sokoto,SOKOTO SOUTH,SD/099/SO,24,BELLO SULAIMAN,M,NUP,293,,Sokoto_SOKOTO-SOUTH.pdf
Sokoto,SOKOTO SOUTH,SD/099/SO,25,ABDULLAHI IBRAHIM DANBABA,M,PDP,112546,,Sokoto_SOKOTO-SOUTH.pdf
Sokoto,SOKOTO SOUTH,SD/099/SO,26,SA'ADATU MUHAMMED,F,PPN,165,,Sokoto_SOKOTO-SOUTH.pdf
Sokoto,SOKOTO SOUTH,SD/099/SO,27,SAHABI ABUBAKAR G.,M,PPP,101,,Sokoto_SOKOTO-SOUTH.pdf
Sokoto,SOKOTO SOUTH,SD/099/SO,28,BELLO-TAMBUWAL ABUBAKAR,M,SDP,55,,Sokoto_SOKOTO-SOUTH.pdf
Sokoto,SOKOTO SOUTH,SD/099/SO,29,ABUBAKAR BELLO GAZOBI,M,SNP,37,,Sokoto_SOKOTO-SOUTH.pdf
Sokoto,SOKOTO SOUTH,SD/099/SO,30,SAHABI MOHAMMAD,M,UPN,13,,Sokoto_SOKOTO-SOUTH.pdf
Sokoto,SOKOTO SOUTH,SD/099/SO,31,SAMBO DAN KANE,M,YPP,19,,Sokoto_SOKOTO-SOUTH.pdf
Taraba,TARABA CENTRAL,SD/101/TR,1,GALADIMA ANTHONY,M,ACD,60,,Taraba_TARABA-CENTRAL.pdf
Taraba,TARABA CENTRAL,SD/101/TR,2,MOHAMMED HASSAN,M,AGA,239,,Taraba_TARABA-CENTRAL.pdf
Taraba,TARABA CENTRAL,SD/101/TR,3,YUSUF ABUBAKAR YUSUF,M,APC,98860,ELECTED,Taraba_TARABA-CENTRAL.pdf
Taraba,TARABA CENTRAL,SD/101/TR,4,NYANGANJI GILBERT GILLS,M,APGA,13319,,Taraba_TARABA-CENTRAL.pdf
Taraba,TARABA CENTRAL,SD/101/TR,5,MUSA EZEKIEL,M,APP,80,,Taraba_TARABA-CENTRAL.pdf
Taraba,TARABA CENTRAL,SD/101/TR,6,MOHAMMED BUBA,M,DA,64,,Taraba_TARABA-CENTRAL.pdf
Taraba,TARABA CENTRAL,SD/101/TR,7,HASSAN MUSA,M,NRM,46,,Taraba_TARABA-CENTRAL.pdf
Taraba,TARABA CENTRAL,SD/101/TR,8,BAKO DAHIRU GASSOL,M,PDP,95074,,Taraba_TARABA-CENTRAL.pdf
Taraba,TARABA CENTRAL,SD/101/TR,9,ABDULAZEEZ ABUBAKAR IBRAHIM,M,SDP,4564,,Taraba_TARABA-CENTRAL.pdf
Taraba,TARABA CENTRAL,SD/101/TR,10,VAKI ABDULMUMINI,M,UDP,7653,,Taraba_TARABA-CENTRAL.pdf
Taraba,TARABA CENTRAL,SD/101/TR,11,MUSA MOHAMMED,M,YPP,53,,Taraba_TARABA-CENTRAL.pdf
Taraba,TARABA NORTH,SD/102/TR,1,SILAS USMAN JEN,M,ABP,22,,Taraba_TARABA-NORTH.pdf
Taraba,TARABA NORTH,SD/102/TR,2,THEOPHILUS INNOCENT B,M,ACD,93,,Taraba_TARABA-NORTH.pdf
Taraba,TARABA NORTH,SD/102/TR,3,BATURE ADAMA ZAKARI,F,ACPN,1305,,Taraba_TARABA-NORTH.pdf
Taraba,TARABA NORTH,SD/102/TR,4,MANZO HADIZA MOHAMMED,F,ADC,183,,Taraba_TARABA-NORTH.pdf
Taraba,TARABA NORTH,SD/102/TR,5,EDWARD GEOFFREY,M,ADP,106,,Taraba_TARABA-NORTH.pdf
Taraba,TARABA NORTH,SD/102/TR,6,MONGU-PARK GAJERE JEN,M,AGA,314,,Taraba_TARABA-NORTH.pdf
Taraba,TARABA NORTH,SD/102/TR,7,ADAMU UMAR,M,ANP,361,,Taraba_TARABA-NORTH.pdf
Taraba,TARABA NORTH,SD/102/TR,8,YUSUF AHMED ADAMU,M,APC,111412,,Taraba_TARABA-NORTH.pdf
Taraba,TARABA NORTH,SD/102/TR,9,CHARLES KAIGAMA,M,APGA,2180,,Taraba_TARABA-NORTH.pdf
Taraba,TARABA NORTH,SD/102/TR,10,UMAR ALHAJI AHMAD,M,DA,37,,Taraba_TARABA-NORTH.pdf
Taraba,TARABA NORTH,SD/102/TR,11,YUNUSA UMAR KARIM,M,DPP,114,,Taraba_TARABA-NORTH.pdf
Taraba,TARABA NORTH,SD/102/TR,12,YAKUBU DANIEL ELDER,M,JMPP,41,,Taraba_TARABA-NORTH.pdf
Taraba,TARABA NORTH,SD/102/TR,13,USMAN SHAIBU,M,LP,161,,Taraba_TARABA-NORTH.pdf
Taraba,TARABA NORTH,SD/102/TR,14,IBRAHIM SANI,M,NRM,1635,,Taraba_TARABA-NORTH.pdf
Taraba,TARABA NORTH,SD/102/TR,15,ISA SHUAIBU LAU,M,PDP,113580,ELECTED,Taraba_TARABA-NORTH.pdf
Taraba,TARABA NORTH,SD/102/TR,16,BELLO ABDULHAMEED,M,PPA,446,,Taraba_TARABA-NORTH.pdf
Taraba,TARABA NORTH,SD/102/TR,17,SIMAN JOHN,M,SDP,24698,,Taraba_TARABA-NORTH.pdf
Taraba,TARABA NORTH,SD/102/TR,18,TIPPI SHUAIBU,M,UDP,5746,,Taraba_TARABA-NORTH.pdf
Taraba,TARABA NORTH,SD/102/TR,19,ALH. SAADU ABUBAKAR HASSAN,M,YPP,67,,Taraba_TARABA-NORTH.pdf
Taraba,TARABA SOUTH,SD/100/TR,1,TOR-AGBIYE YAKUBU,M,AA,13611,,Taraba_TARABA-SOUTH.pdf
Taraba,TARABA SOUTH,SD/100/TR,2,DANJUMA SHUAIBU TSAKWA,M,ACD,230,,Taraba_TARABA-SOUTH.pdf
Taraba,TARABA SOUTH,SD/100/TR,3,NASIRU MOHAMMED ALI,M,ACPN,436,,Taraba_TARABA-SOUTH.pdf
Taraba,TARABA SOUTH,SD/100/TR,4,MUSA NNDCYANGCHU KURUST,M,ADC,161,,Taraba_TARABA-SOUTH.pdf
Taraba,TARABA SOUTH,SD/100/TR,5,AGBU DANGANA,M,AGA,308,,Taraba_TARABA-SOUTH.pdf
Taraba,TARABA SOUTH,SD/100/TR,6,BAUKA ISHAYA GAMGUM,M,APC,51921,,Taraba_TARABA-SOUTH.pdf
Taraba,TARABA SOUTH,SD/100/TR,7,JOEL IKENYA DANLAMI,M,APGA,47093,,Taraba_TARABA-SOUTH.pdf
Taraba,TARABA SOUTH,SD/100/TR,8,ALIYU MUHAMMAD ABUBAKAR,M,DA,54,,Taraba_TARABA-SOUTH.pdf
Taraba,TARABA SOUTH,SD/100/TR,9,MUSA VICTOR ABERSHI,M,JMPP,8,,Taraba_TARABA-SOUTH.pdf
Taraba,TARABA SOUTH,SD/100/TR,10,UMAR IDRIS,M,MRDD,6,,Taraba_TARABA-SOUTH.pdf
Taraba,TARABA SOUTH,SD/100/TR,11,BABANGIDA BABAN ZAURE,M,NRM,81,,Taraba_TARABA-SOUTH.pdf
Taraba,TARABA SOUTH,SD/100/TR,12,BWACHA EMMANUEL,M,PDP,96352,ELECTED,Taraba_TARABA-SOUTH.pdf
Taraba,TARABA SOUTH,SD/100/TR,13,DAUDA ISA G,M,SDP,337,,Taraba_TARABA-SOUTH.pdf
Taraba,TARABA SOUTH,SD/100/TR,14,IBRAHIM ADAMU TUBASE,M,UDP,15123,,Taraba_TARABA-SOUTH.pdf
Taraba,TARABA SOUTH,SD/100/TR,15,ATOSHI ADI AGBU,M,YDP,267,,Taraba_TARABA-SOUTH.pdf
Taraba,TARABA SOUTH,SD/100/TR,16,AMADU YAKUBU,M,YPP,62,,Taraba_TARABA-SOUTH.pdf
Yobe,YOBE EAST,SD/103/YB,1,GAIDAM IBRAHIM ALHAJI,MALE,APC,139277,ELECTED,Yobe_YOBE-EAST.pdf
Yobe,YOBE EAST,SD/103/YB,2,ISAH ISAH,MALE,DA,511,,Yobe_YOBE-EAST.pdf
Yobe,YOBE EAST,SD/103/YB,3,TATA ABBA GANA,MALE,PDP,18059,,Yobe_YOBE-EAST.pdf
Yobe,YOBE NORTH,SD/104/YB,1,IBRAHIM AHMAD LAWAL,MALE,APC,144099,ELECTED,Yobe_YOBE-NORTH.pdf
Yobe,YOBE NORTH,SD/104/YB,2,NURA MUSA,MALE,DA,510,,Yobe_YOBE-NORTH.pdf
Yobe,YOBE NORTH,SD/104/YB,3,BAKUNDI LAWAN,MALE,MPN,774,,Yobe_YOBE-NORTH.pdf
Yobe,YOBE NORTH,SD/104/YB,4,ABDULLAHI SHARIF,MALE,PDP,53443,,Yobe_YOBE-NORTH.pdf
Yobe,YOBE SOUTH,SD/105/YB,1,BOMAI IBRAHIM MOHAMMED,MALE,APC,118729,ELECTED,Yobe_YOBE-SOUTH.pdf
Yobe,YOBE SOUTH,SD/105/YB,2,DANJUMA HABILA,MALE,APGA,473,,Yobe_YOBE-SOUTH.pdf
Yobe,YOBE SOUTH,SD/105/YB,3,RABIU GARBA,MALE,BNPP,232,,Yobe_YOBE-SOUTH.pdf
Yobe,YOBE SOUTH,SD/105/YB,4,UMAR NURA,MALE,DA,146,,Yobe_YOBE-SOUTH.pdf
Yobe,YOBE SOUTH,SD/105/YB,5,JAJERE HADIZA M. ISA,FEMALE,MPN,132,,Yobe_YOBE-SOUTH.pdf
Yobe,YOBE SOUTH,SD/105/YB,6,MOHAMMED HASSAN,MALE,PDP,89049,,Yobe_YOBE-SOUTH.pdf
Yobe,YOBE SOUTH,SD/105/YB,7,HARUNA BAWA WAZIRI,MALE,SDP,1483,,Yobe_YOBE-SOUTH.pdf
Zamfara,ZAMFARA CENTRAL,SD/107/ZF,1,MOHAMMED AHMED MUKTAR,M,A,38991,,Zamfara_ZAMFARA-CENTRAL-1.pdf
Zamfara,ZAMFARA CENTRAL,SD/107/ZF,2,UMAR ABUBAKAR,M,ACD,787,,Zamfara_ZAMFARA-CENTRAL-1.pdf
Zamfara,ZAMFARA CENTRAL,SD/107/ZF,3,TIJANI SANI,M,ACPN,192,,Zamfara_ZAMFARA-CENTRAL-1.pdf
Zamfara,ZAMFARA CENTRAL,SD/107/ZF,4,MANSUR MUHAMMED,M,AD,55,,Zamfara_ZAMFARA-CENTRAL-1.pdf
Zamfara,ZAMFARA CENTRAL,SD/107/ZF,5,MISBAHU BELLO,M,ADC,343,,Zamfara_ZAMFARA-CENTRAL-1.pdf
Zamfara,ZAMFARA CENTRAL,SD/107/ZF,6,IDRIS SALISU,M,AGAP,202,,Zamfara_ZAMFARA-CENTRAL-1.pdf
Zamfara,ZAMFARA CENTRAL,SD/107/ZF,7,ALIYU IKRA BILBIS,M,APC,74792,Votes Declared Wasted by the Supreme Court,Zamfara_ZAMFARA-CENTRAL-1.pdf
Zamfara,ZAMFARA CENTRAL,SD/107/ZF,8,GARBA ALIYU GUSAU,M,APDA,2134,,Zamfara_ZAMFARA-CENTRAL-1.pdf
Zamfara,ZAMFARA CENTRAL,SD/107/ZF,9,USMAN KABIRU,M,APGA,3351,,Zamfara_ZAMFARA-CENTRAL-1.pdf
Zamfara,ZAMFARA CENTRAL,SD/107/ZF,10,ALIYU JAMILU,M,APP,1017,,Zamfara_ZAMFARA-CENTRAL-1.pdf
Zamfara,ZAMFARA CENTRAL,SD/107/ZF,11,MUHAMMED SULEIMAN,M,BNPP,29,,Zamfara_ZAMFARA-CENTRAL-1.pdf
Zamfara,ZAMFARA CENTRAL,SD/107/ZF,12,MOHAMMED LIHIDDA AHMED,M,CAP,15,,Zamfara_ZAMFARA-CENTRAL-1.pdf
Zamfara,ZAMFARA CENTRAL,SD/107/ZF,13,MUHAMMAD BILYA,M,DA,12,,Zamfara_ZAMFARA-CENTRAL-1.pdf
Zamfara,ZAMFARA CENTRAL,SD/107/ZF,14,ILIYASU NASIRU,M,DPC,48,,Zamfara_ZAMFARA-CENTRAL-1.pdf
Zamfara,ZAMFARA CENTRAL,SD/107/ZF,15,IBRAHIM MUHAMMAD,M,DPP,69,,Zamfara_ZAMFARA-CENTRAL-1.pdf
Zamfara,ZAMFARA CENTRAL,SD/107/ZF,16,BILYAMINU ABDULLAHI,M,FJP,351,,Zamfara_ZAMFARA-CENTRAL-1.pdf
Zamfara,ZAMFARA CENTRAL,SD/107/ZF,17,BABANGIDA UMAR MUHAMMAD,M,GPN,934,,Zamfara_ZAMFARA-CENTRAL-1.pdf
Zamfara,ZAMFARA CENTRAL,SD/107/ZF,18,ANAS IBRAHIM,M,HDP,24,,Zamfara_ZAMFARA-CENTRAL-1.pdf
Zamfara,ZAMFARA CENTRAL,SD/107/ZF,19,BARR. IBRAHIM NATSAHARA,M,JMPP,35,,Zamfara_ZAMFARA-CENTRAL-1.pdf
Zamfara,ZAMFARA CENTRAL,SD/107/ZF,20,ADAMU MOHAMMED,M,MPN,141,,Zamfara_ZAMFARA-CENTRAL-1.pdf
Zamfara,ZAMFARA CENTRAL,SD/107/ZF,21,MAYANA NA-ALLAH ISA,M,NRM,10590,,Zamfara_ZAMFARA-CENTRAL-1.pdf
Zamfara,ZAMFARA CENTRAL,SD/107/ZF,22,MOHAMMED HASSAN,M,PDP,54859,Declared Elected (By Supreme Court Order),Zamfara_ZAMFARA-CENTRAL-1.pdf
Zamfara,ZAMFARA CENTRAL,SD/107/ZF,23,ADAMU BASHAR,M,PPA,96,,Zamfara_ZAMFARA-CENTRAL-1.pdf
Zamfara,ZAMFARA CENTRAL,SD/107/ZF,24,TAMBAI BELLO MOHAMMED,M,PPN,78,,Zamfara_ZAMFARA-CENTRAL-1.pdf
Zamfara,ZAMFARA CENTRAL,SD/107/ZF,25,RABIU MANNIR,M,PRP,69,,Zamfara_ZAMFARA-CENTRAL-1.pdf
Zamfara,ZAMFARA CENTRAL,SD/107/ZF,26,ABUBAKAR MOHAMMED,M,PT,14,,Zamfara_ZAMFARA-CENTRAL-1.pdf
Zamfara,ZAMFARA CENTRAL,SD/107/ZF,27,SANI AMINU,M,SDP,42,,Zamfara_ZAMFARA-CENTRAL-1.pdf
Zamfara,ZAMFARA CENTRAL,SD/107/ZF,28,SAWIDI IBRAHIM,M,UPC,7,,Zamfara_ZAMFARA-CENTRAL-1.pdf
Zamfara,ZAMFARA CENTRAL,SD/107/ZF,29,YUSUF SANI,M,ZLP,12,,Zamfara_ZAMFARA-CENTRAL-1.pdf
Zamfara,ZAMFARA NORTH,SD/106/ZF,1,MAIGANDI ABUBAKAR,M,A,2152,,Zamfara_ZAMFARA-NORTH-1.pdf
Zamfara,ZAMFARA NORTH,SD/106/ZF,2,BELLO NAJAMUDDEEN,M,ACD,149,,Zamfara_ZAMFARA-NORTH-1.pdf
Zamfara,ZAMFARA NORTH,SD/106/ZF,3,MUHTARI ALIYU ALH.,M,AD,17,,Zamfara_ZAMFARA-NORTH-1.pdf
Zamfara,ZAMFARA NORTH,SD/106/ZF,4,MUKTAR ABDULAHI,M,ADC,53,,Zamfara_ZAMFARA-NORTH-1.pdf
Zamfara,ZAMFARA NORTH,SD/106/ZF,5,SAIDU MOHAMMED KWAMANDI,M,AGAP,180,,Zamfara_ZAMFARA-NORTH-1.pdf
Zamfara,ZAMFARA NORTH,SD/106/ZF,6,KAURA TIJJANI YAHAYA,M,APC,68027,Votes Declared Wasted by the Supreme Court,Zamfara_ZAMFARA-NORTH-1.pdf
Zamfara,ZAMFARA NORTH,SD/106/ZF,7,IBRAHIM SANI,M,APDA,352,,Zamfara_ZAMFARA-NORTH-1.pdf
Zamfara,ZAMFARA NORTH,SD/106/ZF,8,MOHAMMED ABDULLAHI,M,APGA,3618,,Zamfara_ZAMFARA-NORTH-1.pdf
Zamfara,ZAMFARA NORTH,SD/106/ZF,9,AMINU HARUNA,M,APP,14,,Zamfara_ZAMFARA-NORTH-1.pdf
Zamfara,ZAMFARA NORTH,SD/106/ZF,10,ALIYU GARBA,M,BNPP,9,,Zamfara_ZAMFARA-NORTH-1.pdf
Zamfara,ZAMFARA NORTH,SD/106/ZF,11,ASHIRU BAWA,M,C4C,14,,Zamfara_ZAMFARA-NORTH-1.pdf
Zamfara,ZAMFARA NORTH,SD/106/ZF,12,SULAIMAN ADAMU,M,DA,20,,Zamfara_ZAMFARA-NORTH-1.pdf
Zamfara,ZAMFARA NORTH,SD/106/ZF,13,ALTINE SURAJO,M,DPP,84,,Zamfara_ZAMFARA-NORTH-1.pdf
Zamfara,ZAMFARA NORTH,SD/106/ZF,14,BABANGIDA ATTAHIRU LAWAL,M,GPN,25,,Zamfara_ZAMFARA-NORTH-1.pdf
Zamfara,ZAMFARA NORTH,SD/106/ZF,15,AHMED ISA,M,NRM,4378,,Zamfara_ZAMFARA-NORTH-1.pdf
Zamfara,ZAMFARA NORTH,SD/106/ZF,16,ALHAJI YA'U SAHABI,M,PDP,43521,Declared Elected (By Supreme Court Order),Zamfara_ZAMFARA-NORTH-1.pdf
Zamfara,ZAMFARA NORTH,SD/106/ZF,17,ZURMI MOHAMMED ALIYU,M,PPA,239,,Zamfara_ZAMFARA-NORTH-1.pdf
Zamfara,ZAMFARA NORTH,SD/106/ZF,18,ZURMI LAWALI NABALA,M,PPN,34,,Zamfara_ZAMFARA-NORTH-1.pdf
Zamfara,ZAMFARA NORTH,SD/106/ZF,19,ABDULLAHI MOHAMMED MAYASA,M,PT,35,,Zamfara_ZAMFARA-NORTH-1.pdf
Zamfara,ZAMFARA NORTH,SD/106/ZF,20,IBRAHIM BASHIR,M,UPC,16,,Zamfara_ZAMFARA-NORTH-1.pdf
Zamfara,ZAMFARA NORTH,SD/106/ZF,21,SANUSI ABDULLAHI,M,UPP,10,,Zamfara_ZAMFARA-NORTH-1.pdf
Zamfara,ZAMFARA NORTH,SD/106/ZF,22,NURADEEN MOHAMMED MORIKI,M,ZLP,14,,Zamfara_ZAMFARA-NORTH-1.pdf
Zamfara,ZAMFARA WEST,SD/108/ZF,1,ANKA ISHAQ IBRAHIM,M,A,10730,,Zamfara_ZAMFARA-WEST-1.pdf
Zamfara,ZAMFARA WEST,SD/108/ZF,2,ZAYYANU MUH'D GUNMI,M,ABP,61,,Zamfara_ZAMFARA-WEST-1.pdf
Zamfara,ZAMFARA WEST,SD/108/ZF,3,NA ALKALI SHEHU,M,AD,183,,Zamfara_ZAMFARA-WEST-1.pdf
Zamfara,ZAMFARA WEST,SD/108/ZF,4,ABUBAKAR WAKILI,M,ADC,523,,Zamfara_ZAMFARA-WEST-1.pdf
Zamfara,ZAMFARA WEST,SD/108/ZF,5,YUSUF AHMED SA'AD,M,AGAP,182,,Zamfara_ZAMFARA-WEST-1.pdf
Zamfara,ZAMFARA WEST,SD/108/ZF,6,ABUBAKAR ABDUL'AZIZ YARI,M,APC,153626,Votes Declared Wasted by the Supreme Court,Zamfara_ZAMFARA-WEST-1.pdf
Zamfara,ZAMFARA WEST,SD/108/ZF,7,ALIYU SANI ANKA,M,APDA,1312,,Zamfara_ZAMFARA-WEST-1.pdf
Zamfara,ZAMFARA WEST,SD/108/ZF,8,USMAN MURTALA,M,APGA,629,,Zamfara_ZAMFARA-WEST-1.pdf
Zamfara,ZAMFARA WEST,SD/108/ZF,9,LAWAL ABUBAKAR M.,M,APP,30,,Zamfara_ZAMFARA-WEST-1.pdf
Zamfara,ZAMFARA WEST,SD/108/ZF,10,NURA MUSA ANKA,M,DA,25,,Zamfara_ZAMFARA-WEST-1.pdf
Zamfara,ZAMFARA WEST,SD/108/ZF,11,GARBA MUJITTAPHA,M,DPC,42,,Zamfara_ZAMFARA-WEST-1.pdf
Zamfara,ZAMFARA WEST,SD/108/ZF,12,SANI ABDULLAHI,M,DPP,60,,Zamfara_ZAMFARA-WEST-1.pdf
Zamfara,ZAMFARA WEST,SD/108/ZF,13,ABUBARKAR MUHAMMAD,M,GPN,239,,Zamfara_ZAMFARA-WEST-1.pdf
Zamfara,ZAMFARA WEST,SD/108/ZF,14,MOHAMMED LOKOJA ABDULLAHI,M,NRM,6727,,Zamfara_ZAMFARA-WEST-1.pdf
Zamfara,ZAMFARA WEST,SD/108/ZF,15,LAWALI HASSAN ANKA,M,PDP,69293,Declared Elected (By Supreme Court Order),Zamfara_ZAMFARA-WEST-1.pdf
Zamfara,ZAMFARA WEST,SD/108/ZF,16,MOHAMMED RILWANU,M,PPN,113,,Zamfara_ZAMFARA-WEST-1.pdf
Zamfara,ZAMFARA WEST,SD/108/ZF,17,ANKA NASIR G.,M,PRP,555,,Zamfara_ZAMFARA-WEST-1.pdf
Zamfara,ZAMFARA WEST,SD/108/ZF,18,MOHAMMED IDRIS,M,PT,33,,Zamfara_ZAMFARA-WEST-1.pdf
Zamfara,ZAMFARA WEST,SD/108/ZF,19,ABUBAKAR MUHAMMED GUMMI,M,RBNP,25,,Zamfara_ZAMFARA-WEST-1.pdf
Zamfara,ZAMFARA WEST,SD/108/ZF,20,LIMA ABDULHAMID,M,SDP,28,,Zamfara_ZAMFARA-WEST-1.pdf
Zamfara,ZAMFARA WEST,SD/108/ZF,21,ABDULLAHI JUNAIDU,M,UPC,9,,Zamfara_ZAMFARA-WEST-1.pdf
Zamfara,ZAMFARA WEST,SD/108/ZF,22,UMAR HABIBU K.,M,UPP,7,,Zamfara_ZAMFARA-WEST-1.pdf
Zamfara,ZAMFARA WEST,SD/108/ZF,23,MURTALA MOHAMMED GWARAM,M,ZLP,19,,Zamfara_ZAMFARA-WEST-1.pdf
