state,constituency,code,sn,candidate,gender,party,votes,remark,source_file
Abia,ABA NORTH/ABA SOUTH,FC/001/AB,1,IFEANYI NWOSU CHIOMA ADAORA,F,A,1,,Abia_ABA-NORTH-ABA-SOUTH.pdf
Abia,ABA NORTH/ABA SOUTH,FC/001/AB,2,OKPECHI ADANNE H.,F,ADC,20,,Abia_ABA-NORTH-ABA-SOUTH.pdf
Abia,ABA NORTH/ABA SOUTH,FC/001/AB,3,MASCOT UZOR KALU,M,APC,3465,,Abia_ABA-NORTH-ABA-SOUTH.pdf
Abia,ABA NORTH/ABA SOUTH,FC/001/AB,4,OSSY EHIRIODO OSSY PRESTIGE CHINEDU,M,APGA,17496,DECLARED ELECTED,Abia_ABA-NORTH-ABA-SOUTH.pdf
Abia,ABA NORTH/ABA SOUTH,FC/001/AB,5,ONWUTUEBE MICHEAL ODOCHUKWU,M,LP,18,,Abia_ABA-NORTH-ABA-SOUTH.pdf
Abia,ABA NORTH/ABA SOUTH,FC/001/AB,6,IZUOGU AMAKA,F,MPN,26,,Abia_ABA-NORTH-ABA-SOUTH.pdf
Abia,ABA NORTH/ABA SOUTH,FC/001/AB,7,UZO AZUBUIKE,M,PDP,11009,,Abia_ABA-NORTH-ABA-SOUTH.pdf
Abia,ABA NORTH/ABA SOUTH,FC/001/AB,8,EHILEGBU CHISOM,M,PT,48,,Abia_ABA-NORTH-ABA-SOUTH.pdf
Abia,ABA NORTH/ABA SOUTH,FC/001/AB,9,OKORONKWO EMMANUEL,M,SDP,45,,Abia_ABA-NORTH-ABA-SOUTH.pdf
Abia,ABA NORTH/ABA SOUTH,FC/001/AB,10,AGBOWO JOSHUA IKEMEFUNA,M,UPP,8,,Abia_ABA-NORTH-ABA-SOUTH.pdf
Abia,ABA NORTH/ABA SOUTH,FC/001/AB,11,TOMOTHY IHEMEGO,M,ZLP,3,,Abia_ABA-NORTH-ABA-SOUTH.pdf
Abia,AROCHUKWU/OHAFIA,FC/002/AB,1,UWAKOLAM JANET,F,A,9,,Abia_AROCHUKWU-OHAFIA.pdf
Abia,AROCHUKWU/OHAFIA,FC/002/AB,2,OKORO NWANNA IRO,M,ADC,15,,Abia_AROCHUKWU-OHAFIA.pdf
Abia,AROCHUKWU/OHAFIA,FC/002/AB,3,NNACHI UKA CECILIA,F,ANP,17,,Abia_AROCHUKWU-OHAFIA.pdf
Abia,AROCHUKWU/OHAFIA,FC/002/AB,4,NNAMDI IRO OJI,M,APC,5496,,Abia_AROCHUKWU-OHAFIA.pdf
Abia,AROCHUKWU/OHAFIA,FC/002/AB,5,OKWARA IBE OSONWA,M,APGA,4033,,Abia_AROCHUKWU-OHAFIA.pdf
Abia,AROCHUKWU/OHAFIA,FC/002/AB,6,IGWE NNENNE,F,DA,0,,Abia_AROCHUKWU-OHAFIA.pdf
Abia,AROCHUKWU/OHAFIA,FC/002/AB,7,CHIBUEZE PAUL DIKE,M,DPP,5,,Abia_AROCHUKWU-OHAFIA.pdf
Abia,AROCHUKWU/OHAFIA,FC/002/AB,8,U. OKECHUKWU WILSON COMRADE,M,JMPP,0,,Abia_AROCHUKWU-OHAFIA.pdf
Abia,AROCHUKWU/OHAFIA,FC/002/AB,9,KALU NKECHI IBEM,F,LP,31,,Abia_AROCHUKWU-OHAFIA.pdf
Abia,AROCHUKWU/OHAFIA,FC/002/AB,10,OBUBA NDUKWE NDUKWE,M,NCP,12,,Abia_AROCHUKWU-OHAFIA.pdf
Abia,AROCHUKWU/OHAFIA,FC/002/AB,11,HON. NKOLE UKO NDUKWE,M,PDP,5723,DECLARED ELECTED,Abia_AROCHUKWU-OHAFIA.pdf
Abia,AROCHUKWU/OHAFIA,FC/002/AB,12,ONYEMA IRO,M,PPC,92,,Abia_AROCHUKWU-OHAFIA.pdf
Abia,AROCHUKWU/OHAFIA,FC/002/AB,13,MADAKA CHIDUBEA,M,PT,45,,Abia_AROCHUKWU-OHAFIA.pdf
Abia,AROCHUKWU/OHAFIA,FC/002/AB,14,NKATA CHARLES,M,SDP,1001,,Abia_AROCHUKWU-OHAFIA.pdf
Abia,AROCHUKWU/OHAFIA,FC/002/AB,15,OCHONMA STEPHEN UGBOGU,M,UPP,23,,Abia_AROCHUKWU-OHAFIA.pdf
Abia,AROCHUKWU/OHAFIA,FC/002/AB,16,JOJ NWACHUKWU,M,ZLP,4,,Abia_AROCHUKWU-OHAFIA.pdf
Abia,BENDE,FC/003/AB,1,KANU IHUOMA VERA,F,A,0,,Abia_BENDE.pdf
Abia,BENDE,FC/003/AB,2,ONUMAEGBU EMMANUEL O.,M,ADC,20,,Abia_BENDE.pdf
Abia,BENDE,FC/003/AB,3,BENJAMIN OKEZE KALU,M,APC,9138,DECLARED ELECTED,Abia_BENDE.pdf
Abia,BENDE,FC/003/AB,4,UGBOAJA OKECHUKWU EMMANUEL,M,APGA,2893,,Abia_BENDE.pdf
Abia,BENDE,FC/003/AB,5,ANYASO CHIMOBI DESMOND,M,PDP,5591,,Abia_BENDE.pdf
Abia,ISIALA NGWA NORTH/ISIALA NGWA SOUTH,FC/004/AB,1,MADUGBA C. KELECHI,M,A,5,,Abia_ISIALA-NGWA-N.-ISIALA-NGWA-S.pdf
Abia,ISIALA NGWA NORTH/ISIALA NGWA SOUTH,FC/004/AB,2,IHUEZE FELIX ONYEKACHI,M,ADC,28,,Abia_ISIALA-NGWA-N.-ISIALA-NGWA-S.pdf
Abia,ISIALA NGWA NORTH/ISIALA NGWA SOUTH,FC/004/AB,3,BLESSING UWAOMA NWOKONNEYA,F,APC,6922,,Abia_ISIALA-NGWA-N.-ISIALA-NGWA-S.pdf
Abia,ISIALA NGWA NORTH/ISIALA NGWA SOUTH,FC/004/AB,4,NWANKPA MICHEAL EMEKA,M,APGA,6019,,Abia_ISIALA-NGWA-N.-ISIALA-NGWA-S.pdf
Abia,ISIALA NGWA NORTH/ISIALA NGWA SOUTH,FC/004/AB,5,CHIDI NKUGBU,M,DA,10,,Abia_ISIALA-NGWA-N.-ISIALA-NGWA-S.pdf
Abia,ISIALA NGWA NORTH/ISIALA NGWA SOUTH,FC/004/AB,6,JACKLINE UZOCHUKWU,F,JMPP,3,,Abia_ISIALA-NGWA-N.-ISIALA-NGWA-S.pdf
Abia,ISIALA NGWA NORTH/ISIALA NGWA SOUTH,FC/004/AB,7,OHIAGBA ANDREW,M,LP,36,,Abia_ISIALA-NGWA-N.-ISIALA-NGWA-S.pdf
Abia,ISIALA NGWA NORTH/ISIALA NGWA SOUTH,FC/004/AB,8,HON. DARLINGTON NWOKOCHA,M,PDP,20627,DECLARED ELECTED,Abia_ISIALA-NGWA-N.-ISIALA-NGWA-S.pdf
Abia,ISIALA NGWA NORTH/ISIALA NGWA SOUTH,FC/004/AB,9,EZHO COSMOS,M,PT,74,,Abia_ISIALA-NGWA-N.-ISIALA-NGWA-S.pdf
Abia,ISIALA NGWA NORTH/ISIALA NGWA SOUTH,FC/004/AB,10,CHIKWENDU MADUABUGHCHI C,M,RP,5,,Abia_ISIALA-NGWA-N.-ISIALA-NGWA-S.pdf
Abia,ISIALA NGWA NORTH/ISIALA NGWA SOUTH,FC/004/AB,11,NWALA CHIEMELA CHUKWUDI ORACLE,M,SDP,688,,Abia_ISIALA-NGWA-N.-ISIALA-NGWA-S.pdf
Abia,ISIALA NGWA NORTH/ISIALA NGWA SOUTH,FC/004/AB,12,AZUBIUKE LINUS OKECHUKWU,M,UPP,5,,Abia_ISIALA-NGWA-N.-ISIALA-NGWA-S.pdf
Abia,ISIALA NGWA NORTH/ISIALA NGWA SOUTH,FC/004/AB,13,ANDREW OHIAGBA REV,M,ZLP,15,,Abia_ISIALA-NGWA-N.-ISIALA-NGWA-S.pdf
Abia,ISUIKWUATO/UMUNNEOCHI,FC/005/AB,1,KINGSLEY KELACHUKWU OKORONKWO,M,A,10,,Abia_ISUIKWUATO-UMUNNEOCHI.pdf
Abia,ISUIKWUATO/UMUNNEOCHI,FC/005/AB,2,IBENNE JOY,F,ADC,62,,Abia_ISUIKWUATO-UMUNNEOCHI.pdf
Abia,ISUIKWUATO/UMUNNEOCHI,FC/005/AB,3,NDUKWE NGOZI,F,ANP,44,,Abia_ISUIKWUATO-UMUNNEOCHI.pdf
Abia,ISUIKWUATO/UMUNNEOCHI,FC/005/AB,4,HON NKEIRUKA CHIDUBEM ONYEJEOCHA,F,APC,14712,DECLARED ELECTED,Abia_ISUIKWUATO-UMUNNEOCHI.pdf
Abia,ISUIKWUATO/UMUNNEOCHI,FC/005/AB,5,IYIOKE CORLINUS UCHECHUKWU,M,APGA,2985,,Abia_ISUIKWUATO-UMUNNEOCHI.pdf
Abia,ISUIKWUATO/UMUNNEOCHI,FC/005/AB,6,EMEKA NSODUM,M,DA,9,,Abia_ISUIKWUATO-UMUNNEOCHI.pdf
Abia,ISUIKWUATO/UMUNNEOCHI,FC/005/AB,7,UGURU EMMANUEL,M,JMPP,1,,Abia_ISUIKWUATO-UMUNNEOCHI.pdf
Abia,ISUIKWUATO/UMUNNEOCHI,FC/005/AB,8,OLIVERS NWACHINAMERE,M,MPN,14,,Abia_ISUIKWUATO-UMUNNEOCHI.pdf
Abia,ISUIKWUATO/UMUNNEOCHI,FC/005/AB,9,JUDE UDEACHARA,M,PDP,10064,,Abia_ISUIKWUATO-UMUNNEOCHI.pdf
Abia,ISUIKWUATO/UMUNNEOCHI,FC/005/AB,10,OKORONKWO KINGSLEY KELACHUKWU,M,PPC,204,,Abia_ISUIKWUATO-UMUNNEOCHI.pdf
Abia,ISUIKWUATO/UMUNNEOCHI,FC/005/AB,11,CHUKWUDI IFEANYI,F,PT,9,,Abia_ISUIKWUATO-UMUNNEOCHI.pdf
Abia,ISUIKWUATO/UMUNNEOCHI,FC/005/AB,12,OBINNA OKECHI KELVIN,M,SDP,29,,Abia_ISUIKWUATO-UMUNNEOCHI.pdf
Abia,ISUIKWUATO/UMUNNEOCHI,FC/005/AB,13,AGU STELLA IHUNNAYA,F,UPP,7,,Abia_ISUIKWUATO-UMUNNEOCHI.pdf
Abia,ISUIKWUATO/UMUNNEOCHI,FC/005/AB,14,MBAKWE VICTOR IKECHUKWU,M,YPP,38,,Abia_ISUIKWUATO-UMUNNEOCHI.pdf
Abia,OBINGWA/UGWUNAGBO/OSISIOMA,FC/006/AB,1,LYCIOUS JOHN AFRICA,M,A,5,,Abia_OBINGWA-UGWUNAGBO-OSISIOMA.pdf
Abia,OBINGWA/UGWUNAGBO/OSISIOMA,FC/006/AB,2,NWAMUO CHIGOZIE CHIMARAOKE,F,ADC,313,,Abia_OBINGWA-UGWUNAGBO-OSISIOMA.pdf
Abia,OBINGWA/UGWUNAGBO/OSISIOMA,FC/006/AB,3,HUMPHREY UKAFOR AZUBUIKE,M,APC,5699,,Abia_OBINGWA-UGWUNAGBO-OSISIOMA.pdf
Abia,OBINGWA/UGWUNAGBO/OSISIOMA,FC/006/AB,4,NWANGWA CHARLES LAWRENCE,M,APGA,6117,,Abia_OBINGWA-UGWUNAGBO-OSISIOMA.pdf
Abia,OBINGWA/UGWUNAGBO/OSISIOMA,FC/006/AB,5,ORJI MICHANTA,F,DA,13,,Abia_OBINGWA-UGWUNAGBO-OSISIOMA.pdf
Abia,OBINGWA/UGWUNAGBO/OSISIOMA,FC/006/AB,6,ALUKANTA KINGSLEY CHIZARAMOKU,M,FJP,27,,Abia_OBINGWA-UGWUNAGBO-OSISIOMA.pdf
Abia,OBINGWA/UGWUNAGBO/OSISIOMA,FC/006/AB,7,PETRA EBERE EMEREOLE,F,JMPP,4,,Abia_OBINGWA-UGWUNAGBO-OSISIOMA.pdf
Abia,OBINGWA/UGWUNAGBO/OSISIOMA,FC/006/AB,8,EYINNAYA MICHEAL ONYENSO,M,LP,11,,Abia_OBINGWA-UGWUNAGBO-OSISIOMA.pdf
Abia,OBINGWA/UGWUNAGBO/OSISIOMA,FC/006/AB,9,AMADI ANN,F,MPN,16,,Abia_OBINGWA-UGWUNAGBO-OSISIOMA.pdf
Abia,OBINGWA/UGWUNAGBO/OSISIOMA,FC/006/AB,10,SOLOMON ADAELU,M,PDP,41024,DECLARED ELECTED,Abia_OBINGWA-UGWUNAGBO-OSISIOMA.pdf
Abia,OBINGWA/UGWUNAGBO/OSISIOMA,FC/006/AB,11,ENEH CHUKWUYE,F,PT,50,,Abia_OBINGWA-UGWUNAGBO-OSISIOMA.pdf
Abia,OBINGWA/UGWUNAGBO/OSISIOMA,FC/006/AB,12,AKPULONU ALOZIE LAWSON,M,SDP,279,,Abia_OBINGWA-UGWUNAGBO-OSISIOMA.pdf
Abia,OBINGWA/UGWUNAGBO/OSISIOMA,FC/006/AB,13,NWAENYO UGOCHUKWU JESSE,M,UPP,57,,Abia_OBINGWA-UGWUNAGBO-OSISIOMA.pdf
Abia,OBINGWA/UGWUNAGBO/OSISIOMA,FC/006/AB,14,GEORGE OKARA,M,ZLP,4,,Abia_OBINGWA-UGWUNAGBO-OSISIOMA.pdf
Abia,UKWA EAST/UKWA WEST,FC/008/AB,1,IRONUAH ESTHER AMARACHI,F,A,2,,Abia_UKWA-EAST-WEST.pdf
Abia,UKWA EAST/UKWA WEST,FC/008/AB,2,ARINMA H. MICHEAL O.,M,ADC,12,,Abia_UKWA-EAST-WEST.pdf
Abia,UKWA EAST/UKWA WEST,FC/008/AB,3,ONWAJI IJI MARIA,F,ANP,22,,Abia_UKWA-EAST-WEST.pdf
Abia,UKWA EAST/UKWA WEST,FC/008/AB,4,FELIX CHINEDU NWORGU,M,APC,2391,,Abia_UKWA-EAST-WEST.pdf
Abia,UKWA EAST/UKWA WEST,FC/008/AB,5,NWOLOKI LUCKY EZE,M,APGA,4488,,Abia_UKWA-EAST-WEST.pdf
Abia,UKWA EAST/UKWA WEST,FC/008/AB,6,OGBONNA OBAS MAZI,M,DA,4,,Abia_UKWA-EAST-WEST.pdf
Abia,UKWA EAST/UKWA WEST,FC/008/AB,7,ANYASOR UCHENNA NWABUNWANNE,M,KP,39,,Abia_UKWA-EAST-WEST.pdf
Abia,UKWA EAST/UKWA WEST,FC/008/AB,8,JOSEPH EUGENE C.,M,LP,24,,Abia_UKWA-EAST-WEST.pdf
Abia,UKWA EAST/UKWA WEST,FC/008/AB,9,NWUJU CATHERINE CHIDIMA,F,MPN,12,,Abia_UKWA-EAST-WEST.pdf
Abia,UKWA EAST/UKWA WEST,FC/008/AB,10,UZOMA NKEM ABONTA,M,PDP,7007,DECLARED ELECTED,Abia_UKWA-EAST-WEST.pdf
Abia,UKWA EAST/UKWA WEST,FC/008/AB,11,OKEREKE PRINCE,M,PT,51,,Abia_UKWA-EAST-WEST.pdf
Abia,UKWA EAST/UKWA WEST,FC/008/AB,12,UGOCHUKWU OBIKE,M,RP,36,,Abia_UKWA-EAST-WEST.pdf
Abia,UKWA EAST/UKWA WEST,FC/008/AB,13,ENYIOKO OKECHUKWU AUGUSTINE,M,SDP,2015,,Abia_UKWA-EAST-WEST.pdf
Abia,UKWA EAST/UKWA WEST,FC/008/AB,14,SAMUEL E.C NWOSU,M,UPP,6,,Abia_UKWA-EAST-WEST.pdf
Abia,UKWA EAST/UKWA WEST,FC/008/AB,15,UBI EKEKE,M,ZLP,32,,Abia_UKWA-EAST-WEST.pdf
Abia,UMUAHIA NORTH/SOUTH/IKWUANO,FC/007/AB,1,OKEZIE KINGSLEY CHIBUZOR,M,A,22,,Abia_UMUAHIA-N.S.-IKWUANO.pdf
Abia,UMUAHIA NORTH/SOUTH/IKWUANO,FC/007/AB,2,UBA GIFT EZIAHA,F,ADC,162,,Abia_UMUAHIA-N.S.-IKWUANO.pdf
Abia,UMUAHIA NORTH/SOUTH/IKWUANO,FC/007/AB,3,APUGO MARTIN IKECHUKWU,M,APC,23279,,Abia_UMUAHIA-N.S.-IKWUANO.pdf
Abia,UMUAHIA NORTH/SOUTH/IKWUANO,FC/007/AB,4,UBAH MACDONALD,M,APGA,10312,,Abia_UMUAHIA-N.S.-IKWUANO.pdf
Abia,UMUAHIA NORTH/SOUTH/IKWUANO,FC/007/AB,5,NZECHI CHARLES,M,LP,559,,Abia_UMUAHIA-N.S.-IKWUANO.pdf
Abia,UMUAHIA NORTH/SOUTH/IKWUANO,FC/007/AB,6,NWAGBOSO EZINWA,M,MPN,41,,Abia_UMUAHIA-N.S.-IKWUANO.pdf
Abia,UMUAHIA NORTH/SOUTH/IKWUANO,FC/007/AB,7,HON. SAM I ONUIGBO,M,PDP,30669,DECLARED ELECTED,Abia_UMUAHIA-N.S.-IKWUANO.pdf
Abia,UMUAHIA NORTH/SOUTH/IKWUANO,FC/007/AB,8,OHAEM NAIJOME,M,PT,120,,Abia_UMUAHIA-N.S.-IKWUANO.pdf
Abia,UMUAHIA NORTH/SOUTH/IKWUANO,FC/007/AB,9,IGWE SAMUEL BOBBY OBINNA,M,SDP,1145,,Abia_UMUAHIA-N.S.-IKWUANO.pdf
Abia,UMUAHIA NORTH/SOUTH/IKWUANO,FC/007/AB,10,EKLEDO SAMUEL SOKY,M,UPP,151,,Abia_UMUAHIA-N.S.-IKWUANO.pdf
Abia,UMUAHIA NORTH/SOUTH/IKWUANO,FC/007/AB,11,OKEZIE MIKE OBINNA,M,YPP,138,,Abia_UMUAHIA-N.S.-IKWUANO.pdf
Abia,UMUAHIA NORTH/SOUTH/IKWUANO,FC/007/AB,12,AMUZIE AMADI,M,ZLP,12,,Abia_UMUAHIA-N.S.-IKWUANO.pdf
Adamawa,DEMSA/NUMAN/LAMURDE,FC/009/AD,1,SUNDAY DUDARI,MALE,ABP,501,,Adamawa_DEMSA-NUMAN-LAMURDE.pdf
Adamawa,DEMSA/NUMAN/LAMURDE,FC/009/AD,2,ABUBAKAR SALIHU,MALE,ACD,104,,Adamawa_DEMSA-NUMAN-LAMURDE.pdf
Adamawa,DEMSA/NUMAN/LAMURDE,FC/009/AD,3,SIMON TOMPEYO,MALE,ADC,1833,,Adamawa_DEMSA-NUMAN-LAMURDE.pdf
Adamawa,DEMSA/NUMAN/LAMURDE,FC/009/AD,4,JONATHAN POOPE,MALE,ANP,127,,Adamawa_DEMSA-NUMAN-LAMURDE.pdf
Adamawa,DEMSA/NUMAN/LAMURDE,FC/009/AD,5,OLVADI BEMA MADAYI,MALE,APC,28546,,Adamawa_DEMSA-NUMAN-LAMURDE.pdf
Adamawa,DEMSA/NUMAN/LAMURDE,FC/009/AD,6,UENFA GAMA,MALE,GPN,17,,Adamawa_DEMSA-NUMAN-LAMURDE.pdf
Adamawa,DEMSA/NUMAN/LAMURDE,FC/009/AD,7,KWAMOTI BITRUS LAORI,MALE,PDP,69580,DECLARED ELECTED,Adamawa_DEMSA-NUMAN-LAMURDE.pdf
Adamawa,DEMSA/NUMAN/LAMURDE,FC/009/AD,8,AITIYA ABEL,FEMALE,PPN,416,,Adamawa_DEMSA-NUMAN-LAMURDE.pdf
Adamawa,DEMSA/NUMAN/LAMURDE,FC/009/AD,9,MAISANU MUSA ALI,MALE,PRP,298,,Adamawa_DEMSA-NUMAN-LAMURDE.pdf
Adamawa,DEMSA/NUMAN/LAMURDE,FC/009/AD,10,PHANUEL FAITH,FEMALE,PT,82,,Adamawa_DEMSA-NUMAN-LAMURDE.pdf
Adamawa,DEMSA/NUMAN/LAMURDE,FC/009/AD,11,JALO JESON JOHNSLEY,MALE,SDP,541,,Adamawa_DEMSA-NUMAN-LAMURDE.pdf
Adamawa,DEMSA/NUMAN/LAMURDE,FC/009/AD,12,LADI SHUAIBU JOSEPH,FEMALE,UPP,6,,Adamawa_DEMSA-NUMAN-LAMURDE.pdf
Adamawa,DEMSA/NUMAN/LAMURDE,FC/009/AD,13,TIMOTHY D. MAJORS,MALE,YPP,57,,Adamawa_DEMSA-NUMAN-LAMURDE.pdf
Adamawa,FUFORE/SONG,FC/010/AD,1,GOKIR JUSTINA ALI,FEMALE,ACD,176,,Adamawa_FUFORE-SONG.pdf
Adamawa,FUFORE/SONG,FC/010/AD,2,MUHAMMED ABUBAKAR AHIJO,MALE,ADC,12273,,Adamawa_FUFORE-SONG.pdf
Adamawa,FUFORE/SONG,FC/010/AD,3,SADIQ IBRAHIM,MALE,APC,34379,,Adamawa_FUFORE-SONG.pdf
Adamawa,FUFORE/SONG,FC/010/AD,4,MOHAMMED MAHMUD,MALE,APDA,109,,Adamawa_FUFORE-SONG.pdf
Adamawa,FUFORE/SONG,FC/010/AD,5,ALIYU ILIYASU,MALE,DA,12,,Adamawa_FUFORE-SONG.pdf
Adamawa,FUFORE/SONG,FC/010/AD,6,MOHAMMED M.SAIDU,MALE,PDP,36769,,Adamawa_FUFORE-SONG.pdf
Adamawa,FUFORE/SONG,FC/010/AD,7,BELLO BEMIP,MALE,PPC,127,,Adamawa_FUFORE-SONG.pdf
Adamawa,FUFORE/SONG,FC/010/AD,8,PARDON NELSON,MALE,PPN,95,,Adamawa_FUFORE-SONG.pdf
Adamawa,FUFORE/SONG,FC/010/AD,9,BABAJO UMAR,MALE,PT,21,,Adamawa_FUFORE-SONG.pdf
Adamawa,FUFORE/SONG,FC/010/AD,10,ADUMUN YOHANA,MALE,SDP,2358,,Adamawa_FUFORE-SONG.pdf
Adamawa,GOMBI/HONG,FC/012/AD,1,RAYMOND AYUBA SHALL,MALE,ABP,253,,Adamawa_GOMBI-HONG.pdf
Adamawa,GOMBI/HONG,FC/012/AD,2,FAKUTA HYELLAZIYA NAINA,FEMALE,ACD,323,,Adamawa_GOMBI-HONG.pdf
Adamawa,GOMBI/HONG,FC/012/AD,3,AMINU AARON YADUNA,MALE,ADC,13013,,Adamawa_GOMBI-HONG.pdf
Adamawa,GOMBI/HONG,FC/012/AD,4,BALA DZARMA MINRAIL,MALE,AGA,61,,Adamawa_GOMBI-HONG.pdf
Adamawa,GOMBI/HONG,FC/012/AD,5,SULEIMA ILIYASU,MALE,DA,22,,Adamawa_GOMBI-HONG.pdf
Adamawa,GOMBI/HONG,FC/012/AD,6,HELLDENDU HENRY ABEWS,MALE,FJP,6,,Adamawa_GOMBI-HONG.pdf
Adamawa,GOMBI/HONG,FC/012/AD,7,DANDONALD ALAHIRAH,MALE,GPN,25,,Adamawa_GOMBI-HONG.pdf
Adamawa,GOMBI/HONG,FC/012/AD,8,BALA JACON DAKWALI,MALE,NPM,217,,Adamawa_GOMBI-HONG.pdf
Adamawa,GOMBI/HONG,FC/012/AD,9,PUKUMA JAMES TARTUS,MALE,PDP,27922,DECLARED ELECTED,Adamawa_GOMBI-HONG.pdf
Adamawa,GOMBI/HONG,FC/012/AD,10,ROSELINE SALIHU,FEMALE,PPN,77,,Adamawa_GOMBI-HONG.pdf
Adamawa,GOMBI/HONG,FC/012/AD,11,BITRUS OGA,MALE,PT,31,,Adamawa_GOMBI-HONG.pdf
Adamawa,GOMBI/HONG,FC/012/AD,12,ISA AHMED YERIMA,MALE,SDP,4117,,Adamawa_GOMBI-HONG.pdf
Adamawa,GOMBI/HONG,FC/012/AD,13,YUSUF BUBA YAKUBU,MALE,APC,30424,,Adamawa_GOMBI-HONG.pdf
Adamawa,GUYUK/SHELLENG,FC/013/AD,1,GIDEON GOROKI,MALE,PDP,32688,DECLARED ELECTED,Adamawa_GUYUK-SHELLENG.pdf
Adamawa,GUYUK/SHELLENG,FC/013/AD,2,AHMAOU PHILIP GUTUWA,MALE,APC,20988,,Adamawa_GUYUK-SHELLENG.pdf
Adamawa,GUYUK/SHELLENG,FC/013/AD,3,GAKNUNG PIUS GUTUWA,MALE,ACD,30,,Adamawa_GUYUK-SHELLENG.pdf
Adamawa,GUYUK/SHELLENG,FC/013/AD,4,KWAWO JIM AUDU,MALE,ADC,889,,Adamawa_GUYUK-SHELLENG.pdf
Adamawa,GUYUK/SHELLENG,FC/013/AD,5,HASSAN ALIYU,MALE,KP,4531,,Adamawa_GUYUK-SHELLENG.pdf
Adamawa,GUYUK/SHELLENG,FC/013/AD,6,ZAROS SANGLAMS,MALE,PPN,13,,Adamawa_GUYUK-SHELLENG.pdf
Adamawa,GUYUK/SHELLENG,FC/013/AD,7,DUNGUS SAFRAT,FEMALE,SDP,1101,,Adamawa_GUYUK-SHELLENG.pdf
Adamawa,GUYUK/SHELLENG,FC/013/AD,8,SANI IBRAHIM,MALE,YPP,26,,Adamawa_GUYUK-SHELLENG.pdf
Adamawa,MADAGALI/MICHICA,FC/014/AD,1,YENTOH ZAINAB DAHIRU,FEMAL,ACP,298,,Adamawa_MADAGALI-MICHICA.pdf
Adamawa,MADAGALI/MICHICA,FC/014/AD,2,GAMACHE TITUS,MALE,ADC,5445,,Adamawa_MADAGALI-MICHICA.pdf
Adamawa,MADAGALI/MICHICA,FC/014/AD,3,ADAMUS DALI USMAN,MALE,APC,19317,,Adamawa_MADAGALI-MICHICA.pdf
Adamawa,MADAGALI/MICHICA,FC/014/AD,4,SANUSI ZAILNI YAHYA,MALE,ASO,1833,,Adamawa_MADAGALI-MICHICA.pdf
Adamawa,MADAGALI/MICHICA,FC/014/AD,5,BILYA MOHAMMED,MALE,DA,32,,Adamawa_MADAGALI-MICHICA.pdf
Adamawa,MADAGALI/MICHICA,FC/014/AD,7,ZAKARIA DAUDA NYAMPA,MALE,PDP,40332,DECLARED ELECTED,Adamawa_MADAGALI-MICHICA.pdf
Adamawa,MADAGALI/MICHICA,FC/014/AD,8,KWACHIE ILIYA YAME,MALE,SDP,1174,,Adamawa_MADAGALI-MICHICA.pdf
Adamawa,MAIHA/MUBI NORTH/MUBI/SOUTH,FC/015/AD,1,ABDULRAHMAM MARAS,MALE,APP,66,,Adamawa_MAIHA-MUBI-NORTH-MUBI-SOUTH.pdf
Adamawa,MAIHA/MUBI NORTH/MUBI/SOUTH,FC/015/AD,2,SANI ISRAEL ONIMIISI,MALE,ACD,191,,Adamawa_MAIHA-MUBI-NORTH-MUBI-SOUTH.pdf
Adamawa,MAIHA/MUBI NORTH/MUBI/SOUTH,FC/015/AD,3,UMAR ALFABELEL,MALE,ADC,11298,,Adamawa_MAIHA-MUBI-NORTH-MUBI-SOUTH.pdf
Adamawa,MAIHA/MUBI NORTH/MUBI/SOUTH,FC/015/AD,4,AHMED MAMMUR,MALE,AGA,86,,Adamawa_MAIHA-MUBI-NORTH-MUBI-SOUTH.pdf
Adamawa,MAIHA/MUBI NORTH/MUBI/SOUTH,FC/015/AD,5,"JA""AFAR ABUBAKA MAGAJI",MALE,APC,43117,DECLARED ELECTED,Adamawa_MAIHA-MUBI-NORTH-MUBI-SOUTH.pdf
Adamawa,MAIHA/MUBI NORTH/MUBI/SOUTH,FC/015/AD,6,UMAR BABANGIDA MAINA,MALE,PDP,31677,,Adamawa_MAIHA-MUBI-NORTH-MUBI-SOUTH.pdf
Adamawa,MAIHA/MUBI NORTH/MUBI/SOUTH,FC/015/AD,7,DAUDA SIMON,MALE,PT,82,,Adamawa_MAIHA-MUBI-NORTH-MUBI-SOUTH.pdf
Adamawa,MAYO BELWA/AGANYE/JADA/TOUNGO,FC/011/AD,1,SALISU ALIYU BABA,M,ABP,61,,Adamawa_MAYO-BELWA-AGANYE-JADA-TOUNGO.pdf
Adamawa,MAYO BELWA/AGANYE/JADA/TOUNGO,FC/011/AD,2,ZANKAYA HARUNA,M,ACD,544,,Adamawa_MAYO-BELWA-AGANYE-JADA-TOUNGO.pdf
Adamawa,MAYO BELWA/AGANYE/JADA/TOUNGO,FC/011/AD,3,NJIDDA ABUBAKA GAGARA,M,ADC,1743,,Adamawa_MAYO-BELWA-AGANYE-JADA-TOUNGO.pdf
Adamawa,MAYO BELWA/AGANYE/JADA/TOUNGO,FC/011/AD,4,SAMBA ABDULKADIR,M,ANP,259,,Adamawa_MAYO-BELWA-AGANYE-JADA-TOUNGO.pdf
Adamawa,MAYO BELWA/AGANYE/JADA/TOUNGO,FC/011/AD,5,ABDULRAZAK S.NALDAS,M,APC,62374,DECLARED ELECTED,Adamawa_MAYO-BELWA-AGANYE-JADA-TOUNGO.pdf
Adamawa,MAYO BELWA/AGANYE/JADA/TOUNGO,FC/011/AD,6,KABIRU MUKTAR,M,PDP,61436,,Adamawa_MAYO-BELWA-AGANYE-JADA-TOUNGO.pdf
Adamawa,MAYO BELWA/AGANYE/JADA/TOUNGO,FC/011/AD,7,ANGELINA AUGUSTINE,F,PPN,109,,Adamawa_MAYO-BELWA-AGANYE-JADA-TOUNGO.pdf
Adamawa,MAYO BELWA/AGANYE/JADA/TOUNGO,FC/011/AD,8,ALEX BENNYI,M,PT,138,,Adamawa_MAYO-BELWA-AGANYE-JADA-TOUNGO.pdf
Adamawa,MAYO BELWA/AGANYE/JADA/TOUNGO,FC/011/AD,9,GABSISO ESTHER,F,SDP,2341,,Adamawa_MAYO-BELWA-AGANYE-JADA-TOUNGO.pdf
Adamawa,Yola/North/Yola/South/Gire,FC/016/AD,1,ABDULNASIR HAMMAN UMAR,MALE,AA,91,,Adamawa_YOLA-NORTH-YOLA-SOUTH-GIRE.pdf
Adamawa,Yola/North/Yola/South/Gire,FC/016/AD,2,MUHAMMADU BUHARI BUGEMA,MALE,ABP,92,,Adamawa_YOLA-NORTH-YOLA-SOUTH-GIRE.pdf
Adamawa,Yola/North/Yola/South/Gire,FC/016/AD,3,STEPHEN CAROLINE,FEMALE,ACD,533,,Adamawa_YOLA-NORTH-YOLA-SOUTH-GIRE.pdf
Adamawa,Yola/North/Yola/South/Gire,FC/016/AD,4,MUSTAPHA IBRAHIM,MALE,ADC,29222,,Adamawa_YOLA-NORTH-YOLA-SOUTH-GIRE.pdf
Adamawa,Yola/North/Yola/South/Gire,FC/016/AD,5,MISA MUHAMMAMAD,MALE,ANP,509,,Adamawa_YOLA-NORTH-YOLA-SOUTH-GIRE.pdf
Adamawa,Yola/North/Yola/South/Gire,FC/016/AD,6,ABDULRAUF ABDUL KABIR MODDIBO,MALE,APC,80453,,Adamawa_YOLA-NORTH-YOLA-SOUTH-GIRE.pdf
Adamawa,Yola/North/Yola/South/Gire,FC/016/AD,7,SADIQ MUSA KHALID,MALE,FJP,98,,Adamawa_YOLA-NORTH-YOLA-SOUTH-GIRE.pdf
Adamawa,Yola/North/Yola/South/Gire,FC/016/AD,8,MAMMAN INUWA,MALE,PDM,1415,,Adamawa_YOLA-NORTH-YOLA-SOUTH-GIRE.pdf
Adamawa,Yola/North/Yola/South/Gire,FC/016/AD,9,JAFARU SULEIMAN RIBADU,MALE,PDP,48476,DECLARED ELECTED,Adamawa_YOLA-NORTH-YOLA-SOUTH-GIRE.pdf
Adamawa,Yola/North/Yola/South/Gire,FC/016/AD,10,DOGO VICTOR,MALE,PPC,832,,Adamawa_YOLA-NORTH-YOLA-SOUTH-GIRE.pdf
Adamawa,Yola/North/Yola/South/Gire,FC/016/AD,11,GIWA HARUNA JACOB,MALE,PPN,234,,Adamawa_YOLA-NORTH-YOLA-SOUTH-GIRE.pdf
Adamawa,Yola/North/Yola/South/Gire,FC/016/AD,12,EDWIN O.JAMES,MALE,YPP,65,,Adamawa_YOLA-NORTH-YOLA-SOUTH-GIRE.pdf
Akwa Ibom,"ABAK/ ETIM EKPO/ IKA AK VOTES S/N NAME OF CANDIDATE GENDER PARTY REMARK RECEIVED 1 EKON EMMANUEL M APC 13,496 DECLARED 2 ANIEKAN JOHN UMANAH M PDP 31,720 ELECTED 3 EMEM ISRAEL UBOH M APP 35 4 STEPHEN HAPPINESS SUNDAY M A 1 5 COMR. MARTIN BRUNO UDOFIA M AD 12 6 IBANGA MARTINS AKPAN M C4C 9 7 AILATA EDIDIONG RAPHEAL DA 2 8 WINNIE SAMUEL ESSIEN JMPP 1 9 EMMANUEL NSIDEBE OKON M LP 19 10 IDIO IDIO BENSON M NFD 0 11 UDO CLEMENT GEORGE M NRM 6 12 TIMOTHY UDUAK MORGAN M PPN 4 13 UDEME UDOFIA ETIM M ZLP 12",FC/017/NAME,1,EKON EMMANUEL,M,APC,13496,,Akwa-Ibom_ABAK-ETIM-EPO-IKA.pdf
Akwa Ibom,"ABAK/ ETIM EKPO/ IKA AK VOTES S/N NAME OF CANDIDATE GENDER PARTY REMARK RECEIVED 1 EKON EMMANUEL M APC 13,496 DECLARED 2 ANIEKAN JOHN UMANAH M PDP 31,720 ELECTED 3 EMEM ISRAEL UBOH M APP 35 4 STEPHEN HAPPINESS SUNDAY M A 1 5 COMR. MARTIN BRUNO UDOFIA M AD 12 6 IBANGA MARTINS AKPAN M C4C 9 7 AILATA EDIDIONG RAPHEAL DA 2 8 WINNIE SAMUEL ESSIEN JMPP 1 9 EMMANUEL NSIDEBE OKON M LP 19 10 IDIO IDIO BENSON M NFD 0 11 UDO CLEMENT GEORGE M NRM 6 12 TIMOTHY UDUAK MORGAN M PPN 4 13 UDEME UDOFIA ETIM M ZLP 12",FC/017/NAME,2,ANIEKAN JOHN UMANAH,M,PDP,31720,,Akwa-Ibom_ABAK-ETIM-EPO-IKA.pdf
Akwa Ibom,"ABAK/ ETIM EKPO/ IKA AK VOTES S/N NAME OF CANDIDATE GENDER PARTY REMARK RECEIVED 1 EKON EMMANUEL M APC 13,496 DECLARED 2 ANIEKAN JOHN UMANAH M PDP 31,720 ELECTED 3 EMEM ISRAEL UBOH M APP 35 4 STEPHEN HAPPINESS SUNDAY M A 1 5 COMR. MARTIN BRUNO UDOFIA M AD 12 6 IBANGA MARTINS AKPAN M C4C 9 7 AILATA EDIDIONG RAPHEAL DA 2 8 WINNIE SAMUEL ESSIEN JMPP 1 9 EMMANUEL NSIDEBE OKON M LP 19 10 IDIO IDIO BENSON M NFD 0 11 UDO CLEMENT GEORGE M NRM 6 12 TIMOTHY UDUAK MORGAN M PPN 4 13 UDEME UDOFIA ETIM M ZLP 12",FC/017/NAME,3,EMEM ISRAEL UBOH,M,APP,35,,Akwa-Ibom_ABAK-ETIM-EPO-IKA.pdf
Akwa Ibom,"ABAK/ ETIM EKPO/ IKA AK VOTES S/N NAME OF CANDIDATE GENDER PARTY REMARK RECEIVED 1 EKON EMMANUEL M APC 13,496 DECLARED 2 ANIEKAN JOHN UMANAH M PDP 31,720 ELECTED 3 EMEM ISRAEL UBOH M APP 35 4 STEPHEN HAPPINESS SUNDAY M A 1 5 COMR. MARTIN BRUNO UDOFIA M AD 12 6 IBANGA MARTINS AKPAN M C4C 9 7 AILATA EDIDIONG RAPHEAL DA 2 8 WINNIE SAMUEL ESSIEN JMPP 1 9 EMMANUEL NSIDEBE OKON M LP 19 10 IDIO IDIO BENSON M NFD 0 11 UDO CLEMENT GEORGE M NRM 6 12 TIMOTHY UDUAK MORGAN M PPN 4 13 UDEME UDOFIA ETIM M ZLP 12",FC/017/NAME,4,STEPHEN HAPPINESS SUNDAY,M,A,1,,Akwa-Ibom_ABAK-ETIM-EPO-IKA.pdf
Akwa Ibom,"ABAK/ ETIM EKPO/ IKA AK VOTES S/N NAME OF CANDIDATE GENDER PARTY REMARK RECEIVED 1 EKON EMMANUEL M APC 13,496 DECLARED 2 ANIEKAN JOHN UMANAH M PDP 31,720 ELECTED 3 EMEM ISRAEL UBOH M APP 35 4 STEPHEN HAPPINESS SUNDAY M A 1 5 COMR. MARTIN BRUNO UDOFIA M AD 12 6 IBANGA MARTINS AKPAN M C4C 9 7 AILATA EDIDIONG RAPHEAL DA 2 8 WINNIE SAMUEL ESSIEN JMPP 1 9 EMMANUEL NSIDEBE OKON M LP 19 10 IDIO IDIO BENSON M NFD 0 11 UDO CLEMENT GEORGE M NRM 6 12 TIMOTHY UDUAK MORGAN M PPN 4 13 UDEME UDOFIA ETIM M ZLP 12",FC/017/NAME,5,COMR. MARTIN BRUNO UDOFIA,M,AD,12,,Akwa-Ibom_ABAK-ETIM-EPO-IKA.pdf
Akwa Ibom,"ABAK/ ETIM EKPO/ IKA AK VOTES S/N NAME OF CANDIDATE GENDER PARTY REMARK RECEIVED 1 EKON EMMANUEL M APC 13,496 DECLARED 2 ANIEKAN JOHN UMANAH M PDP 31,720 ELECTED 3 EMEM ISRAEL UBOH M APP 35 4 STEPHEN HAPPINESS SUNDAY M A 1 5 COMR. MARTIN BRUNO UDOFIA M AD 12 6 IBANGA MARTINS AKPAN M C4C 9 7 AILATA EDIDIONG RAPHEAL DA 2 8 WINNIE SAMUEL ESSIEN JMPP 1 9 EMMANUEL NSIDEBE OKON M LP 19 10 IDIO IDIO BENSON M NFD 0 11 UDO CLEMENT GEORGE M NRM 6 12 TIMOTHY UDUAK MORGAN M PPN 4 13 UDEME UDOFIA ETIM M ZLP 12",FC/017/NAME,6,IBANGA MARTINS AKPAN,M,C4C,9,,Akwa-Ibom_ABAK-ETIM-EPO-IKA.pdf
Akwa Ibom,"ABAK/ ETIM EKPO/ IKA AK VOTES S/N NAME OF CANDIDATE GENDER PARTY REMARK RECEIVED 1 EKON EMMANUEL M APC 13,496 DECLARED 2 ANIEKAN JOHN UMANAH M PDP 31,720 ELECTED 3 EMEM ISRAEL UBOH M APP 35 4 STEPHEN HAPPINESS SUNDAY M A 1 5 COMR. MARTIN BRUNO UDOFIA M AD 12 6 IBANGA MARTINS AKPAN M C4C 9 7 AILATA EDIDIONG RAPHEAL DA 2 8 WINNIE SAMUEL ESSIEN JMPP 1 9 EMMANUEL NSIDEBE OKON M LP 19 10 IDIO IDIO BENSON M NFD 0 11 UDO CLEMENT GEORGE M NRM 6 12 TIMOTHY UDUAK MORGAN M PPN 4 13 UDEME UDOFIA ETIM M ZLP 12",FC/017/NAME,7,AILATA EDIDIONG RAPHEAL,,DA,2,,Akwa-Ibom_ABAK-ETIM-EPO-IKA.pdf
Akwa Ibom,"ABAK/ ETIM EKPO/ IKA AK VOTES S/N NAME OF CANDIDATE GENDER PARTY REMARK RECEIVED 1 EKON EMMANUEL M APC 13,496 DECLARED 2 ANIEKAN JOHN UMANAH M PDP 31,720 ELECTED 3 EMEM ISRAEL UBOH M APP 35 4 STEPHEN HAPPINESS SUNDAY M A 1 5 COMR. MARTIN BRUNO UDOFIA M AD 12 6 IBANGA MARTINS AKPAN M C4C 9 7 AILATA EDIDIONG RAPHEAL DA 2 8 WINNIE SAMUEL ESSIEN JMPP 1 9 EMMANUEL NSIDEBE OKON M LP 19 10 IDIO IDIO BENSON M NFD 0 11 UDO CLEMENT GEORGE M NRM 6 12 TIMOTHY UDUAK MORGAN M PPN 4 13 UDEME UDOFIA ETIM M ZLP 12",FC/017/NAME,8,WINNIE SAMUEL ESSIEN,,JMPP,1,,Akwa-Ibom_ABAK-ETIM-EPO-IKA.pdf
Akwa Ibom,"ABAK/ ETIM EKPO/ IKA AK VOTES S/N NAME OF CANDIDATE GENDER PARTY REMARK RECEIVED 1 EKON EMMANUEL M APC 13,496 DECLARED 2 ANIEKAN JOHN UMANAH M PDP 31,720 ELECTED 3 EMEM ISRAEL UBOH M APP 35 4 STEPHEN HAPPINESS SUNDAY M A 1 5 COMR. MARTIN BRUNO UDOFIA M AD 12 6 IBANGA MARTINS AKPAN M C4C 9 7 AILATA EDIDIONG RAPHEAL DA 2 8 WINNIE SAMUEL ESSIEN JMPP 1 9 EMMANUEL NSIDEBE OKON M LP 19 10 IDIO IDIO BENSON M NFD 0 11 UDO CLEMENT GEORGE M NRM 6 12 TIMOTHY UDUAK MORGAN M PPN 4 13 UDEME UDOFIA ETIM M ZLP 12",FC/017/NAME,9,EMMANUEL NSIDEBE OKON,M,LP,19,,Akwa-Ibom_ABAK-ETIM-EPO-IKA.pdf
Akwa Ibom,"ABAK/ ETIM EKPO/ IKA AK VOTES S/N NAME OF CANDIDATE GENDER PARTY REMARK RECEIVED 1 EKON EMMANUEL M APC 13,496 DECLARED 2 ANIEKAN JOHN UMANAH M PDP 31,720 ELECTED 3 EMEM ISRAEL UBOH M APP 35 4 STEPHEN HAPPINESS SUNDAY M A 1 5 COMR. MARTIN BRUNO UDOFIA M AD 12 6 IBANGA MARTINS AKPAN M C4C 9 7 AILATA EDIDIONG RAPHEAL DA 2 8 WINNIE SAMUEL ESSIEN JMPP 1 9 EMMANUEL NSIDEBE OKON M LP 19 10 IDIO IDIO BENSON M NFD 0 11 UDO CLEMENT GEORGE M NRM 6 12 TIMOTHY UDUAK MORGAN M PPN 4 13 UDEME UDOFIA ETIM M ZLP 12",FC/017/NAME,10,IDIO IDIO BENSON,M,NFD,0,,Akwa-Ibom_ABAK-ETIM-EPO-IKA.pdf
Akwa Ibom,"ABAK/ ETIM EKPO/ IKA AK VOTES S/N NAME OF CANDIDATE GENDER PARTY REMARK RECEIVED 1 EKON EMMANUEL M APC 13,496 DECLARED 2 ANIEKAN JOHN UMANAH M PDP 31,720 ELECTED 3 EMEM ISRAEL UBOH M APP 35 4 STEPHEN HAPPINESS SUNDAY M A 1 5 COMR. MARTIN BRUNO UDOFIA M AD 12 6 IBANGA MARTINS AKPAN M C4C 9 7 AILATA EDIDIONG RAPHEAL DA 2 8 WINNIE SAMUEL ESSIEN JMPP 1 9 EMMANUEL NSIDEBE OKON M LP 19 10 IDIO IDIO BENSON M NFD 0 11 UDO CLEMENT GEORGE M NRM 6 12 TIMOTHY UDUAK MORGAN M PPN 4 13 UDEME UDOFIA ETIM M ZLP 12",FC/017/NAME,11,UDO CLEMENT GEORGE,M,NRM,6,,Akwa-Ibom_ABAK-ETIM-EPO-IKA.pdf
Akwa Ibom,"ABAK/ ETIM EKPO/ IKA AK VOTES S/N NAME OF CANDIDATE GENDER PARTY REMARK RECEIVED 1 EKON EMMANUEL M APC 13,496 DECLARED 2 ANIEKAN JOHN UMANAH M PDP 31,720 ELECTED 3 EMEM ISRAEL UBOH M APP 35 4 STEPHEN HAPPINESS SUNDAY M A 1 5 COMR. MARTIN BRUNO UDOFIA M AD 12 6 IBANGA MARTINS AKPAN M C4C 9 7 AILATA EDIDIONG RAPHEAL DA 2 8 WINNIE SAMUEL ESSIEN JMPP 1 9 EMMANUEL NSIDEBE OKON M LP 19 10 IDIO IDIO BENSON M NFD 0 11 UDO CLEMENT GEORGE M NRM 6 12 TIMOTHY UDUAK MORGAN M PPN 4 13 UDEME UDOFIA ETIM M ZLP 12",FC/017/NAME,12,TIMOTHY UDUAK MORGAN,M,PPN,4,,Akwa-Ibom_ABAK-ETIM-EPO-IKA.pdf
Akwa Ibom,"ABAK/ ETIM EKPO/ IKA AK VOTES S/N NAME OF CANDIDATE GENDER PARTY REMARK RECEIVED 1 EKON EMMANUEL M APC 13,496 DECLARED 2 ANIEKAN JOHN UMANAH M PDP 31,720 ELECTED 3 EMEM ISRAEL UBOH M APP 35 4 STEPHEN HAPPINESS SUNDAY M A 1 5 COMR. MARTIN BRUNO UDOFIA M AD 12 6 IBANGA MARTINS AKPAN M C4C 9 7 AILATA EDIDIONG RAPHEAL DA 2 8 WINNIE SAMUEL ESSIEN JMPP 1 9 EMMANUEL NSIDEBE OKON M LP 19 10 IDIO IDIO BENSON M NFD 0 11 UDO CLEMENT GEORGE M NRM 6 12 TIMOTHY UDUAK MORGAN M PPN 4 13 UDEME UDOFIA ETIM M ZLP 12",FC/017/NAME,13,UDEME UDOFIA ETIM,M,ZLP,12,,Akwa-Ibom_ABAK-ETIM-EPO-IKA.pdf
Akwa Ibom,"EKET ONNA ESIT EKET IBENO K VOTES S/N NAME OF CANDIDATE GENDER PARTY REMARK RECEIVED 1 AKPABIO ALEX KUFRE M APC 11,263 2 GODWIN DORATHY EDOHO F CC 4 3 MARY UMOH UMOH F DA 7 4 UFOKIKO JOHN EDET M DPP 36 5 ALICE EDWARD THOMPSON F JMPP 18 DECLARED 6 IFON PATRICK NATHAN M PDP 61,580 ELECTED 7 JAMES BASSEY SUNDAY M UPC 5 8 ADIAKPAN AKWAOWO SAMUEL M YDP 24",FC/018/A,1,AKPABIO ALEX KUFRE,M,APC,11263,,Akwa-Ibom_AKWA-IBOM-FC.pdf
Akwa Ibom,"EKET ONNA ESIT EKET IBENO K VOTES S/N NAME OF CANDIDATE GENDER PARTY REMARK RECEIVED 1 AKPABIO ALEX KUFRE M APC 11,263 2 GODWIN DORATHY EDOHO F CC 4 3 MARY UMOH UMOH F DA 7 4 UFOKIKO JOHN EDET M DPP 36 5 ALICE EDWARD THOMPSON F JMPP 18 DECLARED 6 IFON PATRICK NATHAN M PDP 61,580 ELECTED 7 JAMES BASSEY SUNDAY M UPC 5 8 ADIAKPAN AKWAOWO SAMUEL M YDP 24",FC/018/A,2,GODWIN DORATHY EDOHO,F,CC,4,,Akwa-Ibom_AKWA-IBOM-FC.pdf
Akwa Ibom,"EKET ONNA ESIT EKET IBENO K VOTES S/N NAME OF CANDIDATE GENDER PARTY REMARK RECEIVED 1 AKPABIO ALEX KUFRE M APC 11,263 2 GODWIN DORATHY EDOHO F CC 4 3 MARY UMOH UMOH F DA 7 4 UFOKIKO JOHN EDET M DPP 36 5 ALICE EDWARD THOMPSON F JMPP 18 DECLARED 6 IFON PATRICK NATHAN M PDP 61,580 ELECTED 7 JAMES BASSEY SUNDAY M UPC 5 8 ADIAKPAN AKWAOWO SAMUEL M YDP 24",FC/018/A,3,MARY UMOH UMOH,F,DA,7,,Akwa-Ibom_AKWA-IBOM-FC.pdf
Akwa Ibom,"EKET ONNA ESIT EKET IBENO K VOTES S/N NAME OF CANDIDATE GENDER PARTY REMARK RECEIVED 1 AKPABIO ALEX KUFRE M APC 11,263 2 GODWIN DORATHY EDOHO F CC 4 3 MARY UMOH UMOH F DA 7 4 UFOKIKO JOHN EDET M DPP 36 5 ALICE EDWARD THOMPSON F JMPP 18 DECLARED 6 IFON PATRICK NATHAN M PDP 61,580 ELECTED 7 JAMES BASSEY SUNDAY M UPC 5 8 ADIAKPAN AKWAOWO SAMUEL M YDP 24",FC/018/A,4,UFOKIKO JOHN EDET,M,DPP,36,,Akwa-Ibom_AKWA-IBOM-FC.pdf
Akwa Ibom,"EKET ONNA ESIT EKET IBENO K VOTES S/N NAME OF CANDIDATE GENDER PARTY REMARK RECEIVED 1 AKPABIO ALEX KUFRE M APC 11,263 2 GODWIN DORATHY EDOHO F CC 4 3 MARY UMOH UMOH F DA 7 4 UFOKIKO JOHN EDET M DPP 36 5 ALICE EDWARD THOMPSON F JMPP 18 DECLARED 6 IFON PATRICK NATHAN M PDP 61,580 ELECTED 7 JAMES BASSEY SUNDAY M UPC 5 8 ADIAKPAN AKWAOWO SAMUEL M YDP 24",FC/018/A,5,ALICE EDWARD THOMPSON,F,JMPP,18,,Akwa-Ibom_AKWA-IBOM-FC.pdf
Akwa Ibom,"EKET ONNA ESIT EKET IBENO K VOTES S/N NAME OF CANDIDATE GENDER PARTY REMARK RECEIVED 1 AKPABIO ALEX KUFRE M APC 11,263 2 GODWIN DORATHY EDOHO F CC 4 3 MARY UMOH UMOH F DA 7 4 UFOKIKO JOHN EDET M DPP 36 5 ALICE EDWARD THOMPSON F JMPP 18 DECLARED 6 IFON PATRICK NATHAN M PDP 61,580 ELECTED 7 JAMES BASSEY SUNDAY M UPC 5 8 ADIAKPAN AKWAOWO SAMUEL M YDP 24",FC/018/A,6,IFON PATRICK NATHAN,M,PDP,61580,,Akwa-Ibom_AKWA-IBOM-FC.pdf
Akwa Ibom,"EKET ONNA ESIT EKET IBENO K VOTES S/N NAME OF CANDIDATE GENDER PARTY REMARK RECEIVED 1 AKPABIO ALEX KUFRE M APC 11,263 2 GODWIN DORATHY EDOHO F CC 4 3 MARY UMOH UMOH F DA 7 4 UFOKIKO JOHN EDET M DPP 36 5 ALICE EDWARD THOMPSON F JMPP 18 DECLARED 6 IFON PATRICK NATHAN M PDP 61,580 ELECTED 7 JAMES BASSEY SUNDAY M UPC 5 8 ADIAKPAN AKWAOWO SAMUEL M YDP 24",FC/018/A,7,JAMES BASSEY SUNDAY,M,UPC,5,,Akwa-Ibom_AKWA-IBOM-FC.pdf
Akwa Ibom,"EKET ONNA ESIT EKET IBENO K VOTES S/N NAME OF CANDIDATE GENDER PARTY REMARK RECEIVED 1 AKPABIO ALEX KUFRE M APC 11,263 2 GODWIN DORATHY EDOHO F CC 4 3 MARY UMOH UMOH F DA 7 4 UFOKIKO JOHN EDET M DPP 36 5 ALICE EDWARD THOMPSON F JMPP 18 DECLARED 6 IFON PATRICK NATHAN M PDP 61,580 ELECTED 7 JAMES BASSEY SUNDAY M UPC 5 8 ADIAKPAN AKWAOWO SAMUEL M YDP 24",FC/018/A,8,ADIAKPAN AKWAOWO SAMUEL,M,YDP,24,,Akwa-Ibom_AKWA-IBOM-FC.pdf
Akwa Ibom,"EKET ONNA ESIT EKET IBENO K VOTES S/N NAME OF CANDIDATE GENDER PARTY REMARK RECEIVED 1 AKPABIO ALEX KUFRE M APC 11,263 2 GODWIN DORATHY EDOHO F CC 4 3 MARY UMOH UMOH F DA 7 4 UFOKIKO JOHN EDET M DPP 36 5 ALICE EDWARD THOMPSON F JMPP 18 DECLARED 6 IFON PATRICK NATHAN M PDP 61,580 ELECTED 7 JAMES BASSEY SUNDAY M UPC 5 8 ADIAKPAN AKWAOWO SAMUEL M YDP 24",FC/018/A,1,AKPABIO ALEX KUFRE,M,APC,11263,,Akwa-Ibom_EKET-ONNA-ESIT-EKET-IBENO.pdf
Akwa Ibom,"EKET ONNA ESIT EKET IBENO K VOTES S/N NAME OF CANDIDATE GENDER PARTY REMARK RECEIVED 1 AKPABIO ALEX KUFRE M APC 11,263 2 GODWIN DORATHY EDOHO F CC 4 3 MARY UMOH UMOH F DA 7 4 UFOKIKO JOHN EDET M DPP 36 5 ALICE EDWARD THOMPSON F JMPP 18 DECLARED 6 IFON PATRICK NATHAN M PDP 61,580 ELECTED 7 JAMES BASSEY SUNDAY M UPC 5 8 ADIAKPAN AKWAOWO SAMUEL M YDP 24",FC/018/A,2,GODWIN DORATHY EDOHO,F,CC,4,,Akwa-Ibom_EKET-ONNA-ESIT-EKET-IBENO.pdf
Akwa Ibom,"EKET ONNA ESIT EKET IBENO K VOTES S/N NAME OF CANDIDATE GENDER PARTY REMARK RECEIVED 1 AKPABIO ALEX KUFRE M APC 11,263 2 GODWIN DORATHY EDOHO F CC 4 3 MARY UMOH UMOH F DA 7 4 UFOKIKO JOHN EDET M DPP 36 5 ALICE EDWARD THOMPSON F JMPP 18 DECLARED 6 IFON PATRICK NATHAN M PDP 61,580 ELECTED 7 JAMES BASSEY SUNDAY M UPC 5 8 ADIAKPAN AKWAOWO SAMUEL M YDP 24",FC/018/A,3,MARY UMOH UMOH,F,DA,7,,Akwa-Ibom_EKET-ONNA-ESIT-EKET-IBENO.pdf
Akwa Ibom,"EKET ONNA ESIT EKET IBENO K VOTES S/N NAME OF CANDIDATE GENDER PARTY REMARK RECEIVED 1 AKPABIO ALEX KUFRE M APC 11,263 2 GODWIN DORATHY EDOHO F CC 4 3 MARY UMOH UMOH F DA 7 4 UFOKIKO JOHN EDET M DPP 36 5 ALICE EDWARD THOMPSON F JMPP 18 DECLARED 6 IFON PATRICK NATHAN M PDP 61,580 ELECTED 7 JAMES BASSEY SUNDAY M UPC 5 8 ADIAKPAN AKWAOWO SAMUEL M YDP 24",FC/018/A,4,UFOKIKO JOHN EDET,M,DPP,36,,Akwa-Ibom_EKET-ONNA-ESIT-EKET-IBENO.pdf
Akwa Ibom,"EKET ONNA ESIT EKET IBENO K VOTES S/N NAME OF CANDIDATE GENDER PARTY REMARK RECEIVED 1 AKPABIO ALEX KUFRE M APC 11,263 2 GODWIN DORATHY EDOHO F CC 4 3 MARY UMOH UMOH F DA 7 4 UFOKIKO JOHN EDET M DPP 36 5 ALICE EDWARD THOMPSON F JMPP 18 DECLARED 6 IFON PATRICK NATHAN M PDP 61,580 ELECTED 7 JAMES BASSEY SUNDAY M UPC 5 8 ADIAKPAN AKWAOWO SAMUEL M YDP 24",FC/018/A,5,ALICE EDWARD THOMPSON,F,JMPP,18,,Akwa-Ibom_EKET-ONNA-ESIT-EKET-IBENO.pdf
Akwa Ibom,"EKET ONNA ESIT EKET IBENO K VOTES S/N NAME OF CANDIDATE GENDER PARTY REMARK RECEIVED 1 AKPABIO ALEX KUFRE M APC 11,263 2 GODWIN DORATHY EDOHO F CC 4 3 MARY UMOH UMOH F DA 7 4 UFOKIKO JOHN EDET M DPP 36 5 ALICE EDWARD THOMPSON F JMPP 18 DECLARED 6 IFON PATRICK NATHAN M PDP 61,580 ELECTED 7 JAMES BASSEY SUNDAY M UPC 5 8 ADIAKPAN AKWAOWO SAMUEL M YDP 24",FC/018/A,6,IFON PATRICK NATHAN,M,PDP,61580,,Akwa-Ibom_EKET-ONNA-ESIT-EKET-IBENO.pdf
Akwa Ibom,"EKET ONNA ESIT EKET IBENO K VOTES S/N NAME OF CANDIDATE GENDER PARTY REMARK RECEIVED 1 AKPABIO ALEX KUFRE M APC 11,263 2 GODWIN DORATHY EDOHO F CC 4 3 MARY UMOH UMOH F DA 7 4 UFOKIKO JOHN EDET M DPP 36 5 ALICE EDWARD THOMPSON F JMPP 18 DECLARED 6 IFON PATRICK NATHAN M PDP 61,580 ELECTED 7 JAMES BASSEY SUNDAY M UPC 5 8 ADIAKPAN AKWAOWO SAMUEL M YDP 24",FC/018/A,7,JAMES BASSEY SUNDAY,M,UPC,5,,Akwa-Ibom_EKET-ONNA-ESIT-EKET-IBENO.pdf
Akwa Ibom,"EKET ONNA ESIT EKET IBENO K VOTES S/N NAME OF CANDIDATE GENDER PARTY REMARK RECEIVED 1 AKPABIO ALEX KUFRE M APC 11,263 2 GODWIN DORATHY EDOHO F CC 4 3 MARY UMOH UMOH F DA 7 4 UFOKIKO JOHN EDET M DPP 36 5 ALICE EDWARD THOMPSON F JMPP 18 DECLARED 6 IFON PATRICK NATHAN M PDP 61,580 ELECTED 7 JAMES BASSEY SUNDAY M UPC 5 8 ADIAKPAN AKWAOWO SAMUEL M YDP 24",FC/018/A,8,ADIAKPAN AKWAOWO SAMUEL,M,YDP,24,,Akwa-Ibom_EKET-ONNA-ESIT-EKET-IBENO.pdf
Akwa Ibom,"ETINAN/NSIT IBOM/NSIT UBIUM /AK VOTES S/N NAME OF CANDIDATE GENDER PARTY REMARK RECEIVED 1 SAMPSON DAVID ELIZABETH UPOME F A 8 2 INWANG- KUFRE UYOATA AAP 38 3 ITA ETIM ITA M ADC 18 4 AKPAN DANIEL EFFIONG M APC 15,800 5 SUPREME OKON OKPON M DA 5 6 EKPEYONG IDOPICE WALTER DPP 46 7 OBOT WILSON WILLE M NFD 4 8 UDOFIA MBOREKEABASI IME NRM 46 DECLARED 9 ONOFIOK LUKE M PDP 44,833 ELECTED 10 EMMANUEL ANIEBIET IME PRP 6",,1,SAMPSON DAVID ELIZABETH UPOME,F,A,8,,Akwa-Ibom_ETINAN-NSIT-IBOM-NSIT-UBIUM.pdf
Akwa Ibom,"ETINAN/NSIT IBOM/NSIT UBIUM /AK VOTES S/N NAME OF CANDIDATE GENDER PARTY REMARK RECEIVED 1 SAMPSON DAVID ELIZABETH UPOME F A 8 2 INWANG- KUFRE UYOATA AAP 38 3 ITA ETIM ITA M ADC 18 4 AKPAN DANIEL EFFIONG M APC 15,800 5 SUPREME OKON OKPON M DA 5 6 EKPEYONG IDOPICE WALTER DPP 46 7 OBOT WILSON WILLE M NFD 4 8 UDOFIA MBOREKEABASI IME NRM 46 DECLARED 9 ONOFIOK LUKE M PDP 44,833 ELECTED 10 EMMANUEL ANIEBIET IME PRP 6",,2,INWANG- KUFRE UYOATA,,AAP,38,,Akwa-Ibom_ETINAN-NSIT-IBOM-NSIT-UBIUM.pdf
Akwa Ibom,"ETINAN/NSIT IBOM/NSIT UBIUM /AK VOTES S/N NAME OF CANDIDATE GENDER PARTY REMARK RECEIVED 1 SAMPSON DAVID ELIZABETH UPOME F A 8 2 INWANG- KUFRE UYOATA AAP 38 3 ITA ETIM ITA M ADC 18 4 AKPAN DANIEL EFFIONG M APC 15,800 5 SUPREME OKON OKPON M DA 5 6 EKPEYONG IDOPICE WALTER DPP 46 7 OBOT WILSON WILLE M NFD 4 8 UDOFIA MBOREKEABASI IME NRM 46 DECLARED 9 ONOFIOK LUKE M PDP 44,833 ELECTED 10 EMMANUEL ANIEBIET IME PRP 6",,3,ITA ETIM ITA,M,ADC,18,,Akwa-Ibom_ETINAN-NSIT-IBOM-NSIT-UBIUM.pdf
Akwa Ibom,"ETINAN/NSIT IBOM/NSIT UBIUM /AK VOTES S/N NAME OF CANDIDATE GENDER PARTY REMARK RECEIVED 1 SAMPSON DAVID ELIZABETH UPOME F A 8 2 INWANG- KUFRE UYOATA AAP 38 3 ITA ETIM ITA M ADC 18 4 AKPAN DANIEL EFFIONG M APC 15,800 5 SUPREME OKON OKPON M DA 5 6 EKPEYONG IDOPICE WALTER DPP 46 7 OBOT WILSON WILLE M NFD 4 8 UDOFIA MBOREKEABASI IME NRM 46 DECLARED 9 ONOFIOK LUKE M PDP 44,833 ELECTED 10 EMMANUEL ANIEBIET IME PRP 6",,4,AKPAN DANIEL EFFIONG,M,APC,15800,,Akwa-Ibom_ETINAN-NSIT-IBOM-NSIT-UBIUM.pdf
Akwa Ibom,"ETINAN/NSIT IBOM/NSIT UBIUM /AK VOTES S/N NAME OF CANDIDATE GENDER PARTY REMARK RECEIVED 1 SAMPSON DAVID ELIZABETH UPOME F A 8 2 INWANG- KUFRE UYOATA AAP 38 3 ITA ETIM ITA M ADC 18 4 AKPAN DANIEL EFFIONG M APC 15,800 5 SUPREME OKON OKPON M DA 5 6 EKPEYONG IDOPICE WALTER DPP 46 7 OBOT WILSON WILLE M NFD 4 8 UDOFIA MBOREKEABASI IME NRM 46 DECLARED 9 ONOFIOK LUKE M PDP 44,833 ELECTED 10 EMMANUEL ANIEBIET IME PRP 6",,5,SUPREME OKON OKPON,M,DA,5,,Akwa-Ibom_ETINAN-NSIT-IBOM-NSIT-UBIUM.pdf
Akwa Ibom,"ETINAN/NSIT IBOM/NSIT UBIUM /AK VOTES S/N NAME OF CANDIDATE GENDER PARTY REMARK RECEIVED 1 SAMPSON DAVID ELIZABETH UPOME F A 8 2 INWANG- KUFRE UYOATA AAP 38 3 ITA ETIM ITA M ADC 18 4 AKPAN DANIEL EFFIONG M APC 15,800 5 SUPREME OKON OKPON M DA 5 6 EKPEYONG IDOPICE WALTER DPP 46 7 OBOT WILSON WILLE M NFD 4 8 UDOFIA MBOREKEABASI IME NRM 46 DECLARED 9 ONOFIOK LUKE M PDP 44,833 ELECTED 10 EMMANUEL ANIEBIET IME PRP 6",,6,EKPEYONG IDOPICE WALTER,,DPP,46,,Akwa-Ibom_ETINAN-NSIT-IBOM-NSIT-UBIUM.pdf
Akwa Ibom,"ETINAN/NSIT IBOM/NSIT UBIUM /AK VOTES S/N NAME OF CANDIDATE GENDER PARTY REMARK RECEIVED 1 SAMPSON DAVID ELIZABETH UPOME F A 8 2 INWANG- KUFRE UYOATA AAP 38 3 ITA ETIM ITA M ADC 18 4 AKPAN DANIEL EFFIONG M APC 15,800 5 SUPREME OKON OKPON M DA 5 6 EKPEYONG IDOPICE WALTER DPP 46 7 OBOT WILSON WILLE M NFD 4 8 UDOFIA MBOREKEABASI IME NRM 46 DECLARED 9 ONOFIOK LUKE M PDP 44,833 ELECTED 10 EMMANUEL ANIEBIET IME PRP 6",,7,OBOT WILSON WILLE,M,NFD,4,,Akwa-Ibom_ETINAN-NSIT-IBOM-NSIT-UBIUM.pdf
Akwa Ibom,"ETINAN/NSIT IBOM/NSIT UBIUM /AK VOTES S/N NAME OF CANDIDATE GENDER PARTY REMARK RECEIVED 1 SAMPSON DAVID ELIZABETH UPOME F A 8 2 INWANG- KUFRE UYOATA AAP 38 3 ITA ETIM ITA M ADC 18 4 AKPAN DANIEL EFFIONG M APC 15,800 5 SUPREME OKON OKPON M DA 5 6 EKPEYONG IDOPICE WALTER DPP 46 7 OBOT WILSON WILLE M NFD 4 8 UDOFIA MBOREKEABASI IME NRM 46 DECLARED 9 ONOFIOK LUKE M PDP 44,833 ELECTED 10 EMMANUEL ANIEBIET IME PRP 6",,8,UDOFIA MBOREKEABASI IME,,NRM,46,,Akwa-Ibom_ETINAN-NSIT-IBOM-NSIT-UBIUM.pdf
Akwa Ibom,"ETINAN/NSIT IBOM/NSIT UBIUM /AK VOTES S/N NAME OF CANDIDATE GENDER PARTY REMARK RECEIVED 1 SAMPSON DAVID ELIZABETH UPOME F A 8 2 INWANG- KUFRE UYOATA AAP 38 3 ITA ETIM ITA M ADC 18 4 AKPAN DANIEL EFFIONG M APC 15,800 5 SUPREME OKON OKPON M DA 5 6 EKPEYONG IDOPICE WALTER DPP 46 7 OBOT WILSON WILLE M NFD 4 8 UDOFIA MBOREKEABASI IME NRM 46 DECLARED 9 ONOFIOK LUKE M PDP 44,833 ELECTED 10 EMMANUEL ANIEBIET IME PRP 6",,9,ONOFIOK LUKE,M,PDP,44833,,Akwa-Ibom_ETINAN-NSIT-IBOM-NSIT-UBIUM.pdf
Akwa Ibom,"ETINAN/NSIT IBOM/NSIT UBIUM /AK VOTES S/N NAME OF CANDIDATE GENDER PARTY REMARK RECEIVED 1 SAMPSON DAVID ELIZABETH UPOME F A 8 2 INWANG- KUFRE UYOATA AAP 38 3 ITA ETIM ITA M ADC 18 4 AKPAN DANIEL EFFIONG M APC 15,800 5 SUPREME OKON OKPON M DA 5 6 EKPEYONG IDOPICE WALTER DPP 46 7 OBOT WILSON WILLE M NFD 4 8 UDOFIA MBOREKEABASI IME NRM 46 DECLARED 9 ONOFIOK LUKE M PDP 44,833 ELECTED 10 EMMANUEL ANIEBIET IME PRP 6",,10,EMMANUEL ANIEBIET IME,,PRP,6,,Akwa-Ibom_ETINAN-NSIT-IBOM-NSIT-UBIUM.pdf
Akwa Ibom,"IKONO/INI AK VOTES S/N NAME OF CANDIDATE GENDER PARTY REMARK RECEIVED 1 OBOT ANIEBIET EMMANUEL M AAP 10 2 IDIONG EFFIONG EDIDIONG M APC 7,997 3 UDOMA EPHRAIM EDET M C4C 1 DECLARED 4 EMMANUEL E. UKPONGUDO M PDP 21,622 ELECTED 5 AKPAN-OKON VICTORIA F PPA 10 6 WILSON EFFIONG AKPAN M PT 1 7 UMOH EKAETE JONATHAN ZLP 1",FC/020/NAME,1,OBOT ANIEBIET EMMANUEL,M,AAP,10,,Akwa-Ibom_IKONO-INI.pdf
Akwa Ibom,"IKONO/INI AK VOTES S/N NAME OF CANDIDATE GENDER PARTY REMARK RECEIVED 1 OBOT ANIEBIET EMMANUEL M AAP 10 2 IDIONG EFFIONG EDIDIONG M APC 7,997 3 UDOMA EPHRAIM EDET M C4C 1 DECLARED 4 EMMANUEL E. UKPONGUDO M PDP 21,622 ELECTED 5 AKPAN-OKON VICTORIA F PPA 10 6 WILSON EFFIONG AKPAN M PT 1 7 UMOH EKAETE JONATHAN ZLP 1",FC/020/NAME,2,IDIONG EFFIONG EDIDIONG,M,APC,7997,,Akwa-Ibom_IKONO-INI.pdf
Akwa Ibom,"IKONO/INI AK VOTES S/N NAME OF CANDIDATE GENDER PARTY REMARK RECEIVED 1 OBOT ANIEBIET EMMANUEL M AAP 10 2 IDIONG EFFIONG EDIDIONG M APC 7,997 3 UDOMA EPHRAIM EDET M C4C 1 DECLARED 4 EMMANUEL E. UKPONGUDO M PDP 21,622 ELECTED 5 AKPAN-OKON VICTORIA F PPA 10 6 WILSON EFFIONG AKPAN M PT 1 7 UMOH EKAETE JONATHAN ZLP 1",FC/020/NAME,3,UDOMA EPHRAIM EDET,M,C4C,1,,Akwa-Ibom_IKONO-INI.pdf
Akwa Ibom,"IKONO/INI AK VOTES S/N NAME OF CANDIDATE GENDER PARTY REMARK RECEIVED 1 OBOT ANIEBIET EMMANUEL M AAP 10 2 IDIONG EFFIONG EDIDIONG M APC 7,997 3 UDOMA EPHRAIM EDET M C4C 1 DECLARED 4 EMMANUEL E. UKPONGUDO M PDP 21,622 ELECTED 5 AKPAN-OKON VICTORIA F PPA 10 6 WILSON EFFIONG AKPAN M PT 1 7 UMOH EKAETE JONATHAN ZLP 1",FC/020/NAME,4,EMMANUEL E. UKPONGUDO,M,PDP,21622,,Akwa-Ibom_IKONO-INI.pdf
Akwa Ibom,"IKONO/INI AK VOTES S/N NAME OF CANDIDATE GENDER PARTY REMARK RECEIVED 1 OBOT ANIEBIET EMMANUEL M AAP 10 2 IDIONG EFFIONG EDIDIONG M APC 7,997 3 UDOMA EPHRAIM EDET M C4C 1 DECLARED 4 EMMANUEL E. UKPONGUDO M PDP 21,622 ELECTED 5 AKPAN-OKON VICTORIA F PPA 10 6 WILSON EFFIONG AKPAN M PT 1 7 UMOH EKAETE JONATHAN ZLP 1",FC/020/NAME,5,AKPAN-OKON VICTORIA,F,PPA,10,,Akwa-Ibom_IKONO-INI.pdf
Akwa Ibom,"IKONO/INI AK VOTES S/N NAME OF CANDIDATE GENDER PARTY REMARK RECEIVED 1 OBOT ANIEBIET EMMANUEL M AAP 10 2 IDIONG EFFIONG EDIDIONG M APC 7,997 3 UDOMA EPHRAIM EDET M C4C 1 DECLARED 4 EMMANUEL E. UKPONGUDO M PDP 21,622 ELECTED 5 AKPAN-OKON VICTORIA F PPA 10 6 WILSON EFFIONG AKPAN M PT 1 7 UMOH EKAETE JONATHAN ZLP 1",FC/020/NAME,6,WILSON EFFIONG AKPAN,M,PT,1,,Akwa-Ibom_IKONO-INI.pdf
Akwa Ibom,"IKONO/INI AK VOTES S/N NAME OF CANDIDATE GENDER PARTY REMARK RECEIVED 1 OBOT ANIEBIET EMMANUEL M AAP 10 2 IDIONG EFFIONG EDIDIONG M APC 7,997 3 UDOMA EPHRAIM EDET M C4C 1 DECLARED 4 EMMANUEL E. UKPONGUDO M PDP 21,622 ELECTED 5 AKPAN-OKON VICTORIA F PPA 10 6 WILSON EFFIONG AKPAN M PT 1 7 UMOH EKAETE JONATHAN ZLP 1",FC/020/NAME,7,UMOH EKAETE JONATHAN,,ZLP,1,,Akwa-Ibom_IKONO-INI.pdf
Akwa Ibom,"IKOT ABASI/ MKPAT ENIN/ EASTERN OBOLO 1/AK VOTES S/N NAME OF CANDIDATE GENDER PARTY REMARK RECEIVED 1 UDIA ADIAHA BONG INUAONO M A 6 2 ESSIEN UBONG DOMINIC M ADC 7 3 UDO BERNARD AMBROSE M APC 11,026 4 ETUKUDAH VICTOR BASSEY M DA 5 5 ESSIEN NYAKNNO EMMANUEL M JMPP 3 6 EMEM FRIDAY NKINE M NFD 0 DECLARED 7 FRANCIS CHARLES UDUYOK M PDP 31,465 ELECTED 8 ESTHER ABRAHAM UDO F PPN 0 9 EKAETE ROBERT UMOREM F ZLP 5",,1,UDIA ADIAHA BONG INUAONO,M,A,6,,Akwa-Ibom_IKOT-ABASI-MKPAT-ENIN-EASTERN-O.pdf
Akwa Ibom,"IKOT ABASI/ MKPAT ENIN/ EASTERN OBOLO 1/AK VOTES S/N NAME OF CANDIDATE GENDER PARTY REMARK RECEIVED 1 UDIA ADIAHA BONG INUAONO M A 6 2 ESSIEN UBONG DOMINIC M ADC 7 3 UDO BERNARD AMBROSE M APC 11,026 4 ETUKUDAH VICTOR BASSEY M DA 5 5 ESSIEN NYAKNNO EMMANUEL M JMPP 3 6 EMEM FRIDAY NKINE M NFD 0 DECLARED 7 FRANCIS CHARLES UDUYOK M PDP 31,465 ELECTED 8 ESTHER ABRAHAM UDO F PPN 0 9 EKAETE ROBERT UMOREM F ZLP 5",,2,ESSIEN UBONG DOMINIC,M,ADC,7,,Akwa-Ibom_IKOT-ABASI-MKPAT-ENIN-EASTERN-O.pdf
Akwa Ibom,"IKOT ABASI/ MKPAT ENIN/ EASTERN OBOLO 1/AK VOTES S/N NAME OF CANDIDATE GENDER PARTY REMARK RECEIVED 1 UDIA ADIAHA BONG INUAONO M A 6 2 ESSIEN UBONG DOMINIC M ADC 7 3 UDO BERNARD AMBROSE M APC 11,026 4 ETUKUDAH VICTOR BASSEY M DA 5 5 ESSIEN NYAKNNO EMMANUEL M JMPP 3 6 EMEM FRIDAY NKINE M NFD 0 DECLARED 7 FRANCIS CHARLES UDUYOK M PDP 31,465 ELECTED 8 ESTHER ABRAHAM UDO F PPN 0 9 EKAETE ROBERT UMOREM F ZLP 5",,3,UDO BERNARD AMBROSE,M,APC,11026,,Akwa-Ibom_IKOT-ABASI-MKPAT-ENIN-EASTERN-O.pdf
Akwa Ibom,"IKOT ABASI/ MKPAT ENIN/ EASTERN OBOLO 1/AK VOTES S/N NAME OF CANDIDATE GENDER PARTY REMARK RECEIVED 1 UDIA ADIAHA BONG INUAONO M A 6 2 ESSIEN UBONG DOMINIC M ADC 7 3 UDO BERNARD AMBROSE M APC 11,026 4 ETUKUDAH VICTOR BASSEY M DA 5 5 ESSIEN NYAKNNO EMMANUEL M JMPP 3 6 EMEM FRIDAY NKINE M NFD 0 DECLARED 7 FRANCIS CHARLES UDUYOK M PDP 31,465 ELECTED 8 ESTHER ABRAHAM UDO F PPN 0 9 EKAETE ROBERT UMOREM F ZLP 5",,4,ETUKUDAH VICTOR BASSEY,M,DA,5,,Akwa-Ibom_IKOT-ABASI-MKPAT-ENIN-EASTERN-O.pdf
Akwa Ibom,"IKOT ABASI/ MKPAT ENIN/ EASTERN OBOLO 1/AK VOTES S/N NAME OF CANDIDATE GENDER PARTY REMARK RECEIVED 1 UDIA ADIAHA BONG INUAONO M A 6 2 ESSIEN UBONG DOMINIC M ADC 7 3 UDO BERNARD AMBROSE M APC 11,026 4 ETUKUDAH VICTOR BASSEY M DA 5 5 ESSIEN NYAKNNO EMMANUEL M JMPP 3 6 EMEM FRIDAY NKINE M NFD 0 DECLARED 7 FRANCIS CHARLES UDUYOK M PDP 31,465 ELECTED 8 ESTHER ABRAHAM UDO F PPN 0 9 EKAETE ROBERT UMOREM F ZLP 5",,5,ESSIEN NYAKNNO EMMANUEL,M,JMPP,3,,Akwa-Ibom_IKOT-ABASI-MKPAT-ENIN-EASTERN-O.pdf
Akwa Ibom,"IKOT ABASI/ MKPAT ENIN/ EASTERN OBOLO 1/AK VOTES S/N NAME OF CANDIDATE GENDER PARTY REMARK RECEIVED 1 UDIA ADIAHA BONG INUAONO M A 6 2 ESSIEN UBONG DOMINIC M ADC 7 3 UDO BERNARD AMBROSE M APC 11,026 4 ETUKUDAH VICTOR BASSEY M DA 5 5 ESSIEN NYAKNNO EMMANUEL M JMPP 3 6 EMEM FRIDAY NKINE M NFD 0 DECLARED 7 FRANCIS CHARLES UDUYOK M PDP 31,465 ELECTED 8 ESTHER ABRAHAM UDO F PPN 0 9 EKAETE ROBERT UMOREM F ZLP 5",,6,EMEM FRIDAY NKINE,M,NFD,0,,Akwa-Ibom_IKOT-ABASI-MKPAT-ENIN-EASTERN-O.pdf
Akwa Ibom,"IKOT ABASI/ MKPAT ENIN/ EASTERN OBOLO 1/AK VOTES S/N NAME OF CANDIDATE GENDER PARTY REMARK RECEIVED 1 UDIA ADIAHA BONG INUAONO M A 6 2 ESSIEN UBONG DOMINIC M ADC 7 3 UDO BERNARD AMBROSE M APC 11,026 4 ETUKUDAH VICTOR BASSEY M DA 5 5 ESSIEN NYAKNNO EMMANUEL M JMPP 3 6 EMEM FRIDAY NKINE M NFD 0 DECLARED 7 FRANCIS CHARLES UDUYOK M PDP 31,465 ELECTED 8 ESTHER ABRAHAM UDO F PPN 0 9 EKAETE ROBERT UMOREM F ZLP 5",,7,FRANCIS CHARLES UDUYOK,M,PDP,31465,DECLARED ELECTED,Akwa-Ibom_IKOT-ABASI-MKPAT-ENIN-EASTERN-O.pdf
Akwa Ibom,"IKOT ABASI/ MKPAT ENIN/ EASTERN OBOLO 1/AK VOTES S/N NAME OF CANDIDATE GENDER PARTY REMARK RECEIVED 1 UDIA ADIAHA BONG INUAONO M A 6 2 ESSIEN UBONG DOMINIC M ADC 7 3 UDO BERNARD AMBROSE M APC 11,026 4 ETUKUDAH VICTOR BASSEY M DA 5 5 ESSIEN NYAKNNO EMMANUEL M JMPP 3 6 EMEM FRIDAY NKINE M NFD 0 DECLARED 7 FRANCIS CHARLES UDUYOK M PDP 31,465 ELECTED 8 ESTHER ABRAHAM UDO F PPN 0 9 EKAETE ROBERT UMOREM F ZLP 5",,8,ESTHER ABRAHAM UDO,F,PPN,0,,Akwa-Ibom_IKOT-ABASI-MKPAT-ENIN-EASTERN-O.pdf
Akwa Ibom,"IKOT ABASI/ MKPAT ENIN/ EASTERN OBOLO 1/AK VOTES S/N NAME OF CANDIDATE GENDER PARTY REMARK RECEIVED 1 UDIA ADIAHA BONG INUAONO M A 6 2 ESSIEN UBONG DOMINIC M ADC 7 3 UDO BERNARD AMBROSE M APC 11,026 4 ETUKUDAH VICTOR BASSEY M DA 5 5 ESSIEN NYAKNNO EMMANUEL M JMPP 3 6 EMEM FRIDAY NKINE M NFD 0 DECLARED 7 FRANCIS CHARLES UDUYOK M PDP 31,465 ELECTED 8 ESTHER ABRAHAM UDO F PPN 0 9 EKAETE ROBERT UMOREM F ZLP 5",,9,EKAETE ROBERT UMOREM,F,ZLP,5,,Akwa-Ibom_IKOT-ABASI-MKPAT-ENIN-EASTERN-O.pdf
Akwa Ibom,"IKOT EKPENE/ESSIEN UDIM/OBOT AKARA AK VOTES S/N NAME OF CANDIDATE GENDER PARTY REMARK RECEIVED 1 IDONGESIT GODFREY UBONG M ACD 16 2 EBIENANG UDO BASSEY M ADC 36 3 AKPAN EMMANUEL SUNDAY M APC 22,052 4 OBOT UFOKOBONG EPHRAIM M C4C 2 5 METIMUOMONANNAMSO ESSIET M DA 6 6 UKPONG INI-OBONG UDEME M FJP 42 7 GIFT JEREMIAH F JMPP 3 8 UDO SMAUEL OKON M NRM 30 DECLARED 9 EKONG NSIKAK O. M PDP 29,849 ELECTED",FC/022/NAME,1,IDONGESIT GODFREY UBONG,M,ACD,16,,Akwa-Ibom_IKOT-EKPENE-ESSIEN-UDIM-OBOT-AK.pdf
Akwa Ibom,"IKOT EKPENE/ESSIEN UDIM/OBOT AKARA AK VOTES S/N NAME OF CANDIDATE GENDER PARTY REMARK RECEIVED 1 IDONGESIT GODFREY UBONG M ACD 16 2 EBIENANG UDO BASSEY M ADC 36 3 AKPAN EMMANUEL SUNDAY M APC 22,052 4 OBOT UFOKOBONG EPHRAIM M C4C 2 5 METIMUOMONANNAMSO ESSIET M DA 6 6 UKPONG INI-OBONG UDEME M FJP 42 7 GIFT JEREMIAH F JMPP 3 8 UDO SMAUEL OKON M NRM 30 DECLARED 9 EKONG NSIKAK O. M PDP 29,849 ELECTED",FC/022/NAME,2,EBIENANG UDO BASSEY,M,ADC,36,,Akwa-Ibom_IKOT-EKPENE-ESSIEN-UDIM-OBOT-AK.pdf
Akwa Ibom,"IKOT EKPENE/ESSIEN UDIM/OBOT AKARA AK VOTES S/N NAME OF CANDIDATE GENDER PARTY REMARK RECEIVED 1 IDONGESIT GODFREY UBONG M ACD 16 2 EBIENANG UDO BASSEY M ADC 36 3 AKPAN EMMANUEL SUNDAY M APC 22,052 4 OBOT UFOKOBONG EPHRAIM M C4C 2 5 METIMUOMONANNAMSO ESSIET M DA 6 6 UKPONG INI-OBONG UDEME M FJP 42 7 GIFT JEREMIAH F JMPP 3 8 UDO SMAUEL OKON M NRM 30 DECLARED 9 EKONG NSIKAK O. M PDP 29,849 ELECTED",FC/022/NAME,3,AKPAN EMMANUEL SUNDAY,M,APC,22052,,Akwa-Ibom_IKOT-EKPENE-ESSIEN-UDIM-OBOT-AK.pdf
Akwa Ibom,"IKOT EKPENE/ESSIEN UDIM/OBOT AKARA AK VOTES S/N NAME OF CANDIDATE GENDER PARTY REMARK RECEIVED 1 IDONGESIT GODFREY UBONG M ACD 16 2 EBIENANG UDO BASSEY M ADC 36 3 AKPAN EMMANUEL SUNDAY M APC 22,052 4 OBOT UFOKOBONG EPHRAIM M C4C 2 5 METIMUOMONANNAMSO ESSIET M DA 6 6 UKPONG INI-OBONG UDEME M FJP 42 7 GIFT JEREMIAH F JMPP 3 8 UDO SMAUEL OKON M NRM 30 DECLARED 9 EKONG NSIKAK O. M PDP 29,849 ELECTED",FC/022/NAME,4,OBOT UFOKOBONG EPHRAIM,M,C4C,2,,Akwa-Ibom_IKOT-EKPENE-ESSIEN-UDIM-OBOT-AK.pdf
Akwa Ibom,"IKOT EKPENE/ESSIEN UDIM/OBOT AKARA AK VOTES S/N NAME OF CANDIDATE GENDER PARTY REMARK RECEIVED 1 IDONGESIT GODFREY UBONG M ACD 16 2 EBIENANG UDO BASSEY M ADC 36 3 AKPAN EMMANUEL SUNDAY M APC 22,052 4 OBOT UFOKOBONG EPHRAIM M C4C 2 5 METIMUOMONANNAMSO ESSIET M DA 6 6 UKPONG INI-OBONG UDEME M FJP 42 7 GIFT JEREMIAH F JMPP 3 8 UDO SMAUEL OKON M NRM 30 DECLARED 9 EKONG NSIKAK O. M PDP 29,849 ELECTED",FC/022/NAME,5,METIMUOMONANNAMSO ESSIET,M,DA,6,,Akwa-Ibom_IKOT-EKPENE-ESSIEN-UDIM-OBOT-AK.pdf
Akwa Ibom,"IKOT EKPENE/ESSIEN UDIM/OBOT AKARA AK VOTES S/N NAME OF CANDIDATE GENDER PARTY REMARK RECEIVED 1 IDONGESIT GODFREY UBONG M ACD 16 2 EBIENANG UDO BASSEY M ADC 36 3 AKPAN EMMANUEL SUNDAY M APC 22,052 4 OBOT UFOKOBONG EPHRAIM M C4C 2 5 METIMUOMONANNAMSO ESSIET M DA 6 6 UKPONG INI-OBONG UDEME M FJP 42 7 GIFT JEREMIAH F JMPP 3 8 UDO SMAUEL OKON M NRM 30 DECLARED 9 EKONG NSIKAK O. M PDP 29,849 ELECTED",FC/022/NAME,6,UKPONG INI-OBONG UDEME,M,FJP,42,,Akwa-Ibom_IKOT-EKPENE-ESSIEN-UDIM-OBOT-AK.pdf
Akwa Ibom,"IKOT EKPENE/ESSIEN UDIM/OBOT AKARA AK VOTES S/N NAME OF CANDIDATE GENDER PARTY REMARK RECEIVED 1 IDONGESIT GODFREY UBONG M ACD 16 2 EBIENANG UDO BASSEY M ADC 36 3 AKPAN EMMANUEL SUNDAY M APC 22,052 4 OBOT UFOKOBONG EPHRAIM M C4C 2 5 METIMUOMONANNAMSO ESSIET M DA 6 6 UKPONG INI-OBONG UDEME M FJP 42 7 GIFT JEREMIAH F JMPP 3 8 UDO SMAUEL OKON M NRM 30 DECLARED 9 EKONG NSIKAK O. M PDP 29,849 ELECTED",FC/022/NAME,7,GIFT JEREMIAH,F,JMPP,3,,Akwa-Ibom_IKOT-EKPENE-ESSIEN-UDIM-OBOT-AK.pdf
Akwa Ibom,"IKOT EKPENE/ESSIEN UDIM/OBOT AKARA AK VOTES S/N NAME OF CANDIDATE GENDER PARTY REMARK RECEIVED 1 IDONGESIT GODFREY UBONG M ACD 16 2 EBIENANG UDO BASSEY M ADC 36 3 AKPAN EMMANUEL SUNDAY M APC 22,052 4 OBOT UFOKOBONG EPHRAIM M C4C 2 5 METIMUOMONANNAMSO ESSIET M DA 6 6 UKPONG INI-OBONG UDEME M FJP 42 7 GIFT JEREMIAH F JMPP 3 8 UDO SMAUEL OKON M NRM 30 DECLARED 9 EKONG NSIKAK O. M PDP 29,849 ELECTED",FC/022/NAME,8,UDO SMAUEL OKON,M,NRM,30,,Akwa-Ibom_IKOT-EKPENE-ESSIEN-UDIM-OBOT-AK.pdf
Akwa Ibom,"IKOT EKPENE/ESSIEN UDIM/OBOT AKARA AK VOTES S/N NAME OF CANDIDATE GENDER PARTY REMARK RECEIVED 1 IDONGESIT GODFREY UBONG M ACD 16 2 EBIENANG UDO BASSEY M ADC 36 3 AKPAN EMMANUEL SUNDAY M APC 22,052 4 OBOT UFOKOBONG EPHRAIM M C4C 2 5 METIMUOMONANNAMSO ESSIET M DA 6 6 UKPONG INI-OBONG UDEME M FJP 42 7 GIFT JEREMIAH F JMPP 3 8 UDO SMAUEL OKON M NRM 30 DECLARED 9 EKONG NSIKAK O. M PDP 29,849 ELECTED",FC/022/NAME,9,EKONG NSIKAK O.,M,PDP,29849,,Akwa-Ibom_IKOT-EKPENE-ESSIEN-UDIM-OBOT-AK.pdf
Akwa Ibom,ITU/ IBIONO IBOM,FC/023/AK,1,ARCHIBONG HENRY,M,PDP,41459,,Akwa-Ibom_ITU-IBIONO-IBOM.pdf
Akwa Ibom,ITU/ IBIONO IBOM,FC/023/AK,2,IKOTIDEM EDEM SUNDAY,M,APC,18638,,Akwa-Ibom_ITU-IBIONO-IBOM.pdf
Akwa Ibom,ITU/ IBIONO IBOM,FC/023/AK,3,ETIM ROSEMARY ANTHONY,F,AAP,34,,Akwa-Ibom_ITU-IBIONO-IBOM.pdf
Akwa Ibom,ITU/ IBIONO IBOM,FC/023/AK,4,EKPENE UKEME PETER,M,ADC,19,,Akwa-Ibom_ITU-IBIONO-IBOM.pdf
Akwa Ibom,ITU/ IBIONO IBOM,FC/023/AK,5,PAUL ETIM INUA,M,DA,7,,Akwa-Ibom_ITU-IBIONO-IBOM.pdf
Akwa Ibom,ITU/ IBIONO IBOM,FC/023/AK,6,ESARA OFONIME EDDY,,NFD,0,,Akwa-Ibom_ITU-IBIONO-IBOM.pdf
Akwa Ibom,ITU/ IBIONO IBOM,FC/023/AK,7,EKONG-UDEME EYIBIO,M,PPN,0,,Akwa-Ibom_ITU-IBIONO-IBOM.pdf
Akwa Ibom,ITU/ IBIONO IBOM,FC/023/AK,8,ETIM ABASI -IFERE AKAN,M,UPC,0,,Akwa-Ibom_ITU-IBIONO-IBOM.pdf
Akwa Ibom,ITU/ IBIONO IBOM,FC/023/AK,9,JONATHAN E. UMOH,M,ZLP,0,,Akwa-Ibom_ITU-IBIONO-IBOM.pdf
Akwa Ibom,"ORON /MBO/OKOBO/UDUNG UKO/URUE OFFONG/ORUKO AK VOTES S/N NAME OF CANDIDATE GENDER PARTY REMARK RECEIVED 1 BASSEY OKON W. M ADC 29 2 ANTAI VICTOR ETIM M APC 27,477 3 ATANANG DAVID EDET M C4C 29 4 VICTOR EDUT ASUQUO M DA 3 5 EDET ETIM NDUOYO M NFD 3 DECLARED 6 EKPENYONG NSE M PDP 30,878 ELECTED 7 HARRY FAVOUR OKON M UPC 0 8 EFFIONG ANIEBET SILAS M ZLP 3",FC/024/NAME,1,BASSEY OKON W.,M,ADC,29,,Akwa-Ibom_ORON-MBO-OKOBO-UDUNG-UKO-URUE-O.pdf
Akwa Ibom,"ORON /MBO/OKOBO/UDUNG UKO/URUE OFFONG/ORUKO AK VOTES S/N NAME OF CANDIDATE GENDER PARTY REMARK RECEIVED 1 BASSEY OKON W. M ADC 29 2 ANTAI VICTOR ETIM M APC 27,477 3 ATANANG DAVID EDET M C4C 29 4 VICTOR EDUT ASUQUO M DA 3 5 EDET ETIM NDUOYO M NFD 3 DECLARED 6 EKPENYONG NSE M PDP 30,878 ELECTED 7 HARRY FAVOUR OKON M UPC 0 8 EFFIONG ANIEBET SILAS M ZLP 3",FC/024/NAME,2,ANTAI VICTOR ETIM,M,APC,27477,,Akwa-Ibom_ORON-MBO-OKOBO-UDUNG-UKO-URUE-O.pdf
Akwa Ibom,"ORON /MBO/OKOBO/UDUNG UKO/URUE OFFONG/ORUKO AK VOTES S/N NAME OF CANDIDATE GENDER PARTY REMARK RECEIVED 1 BASSEY OKON W. M ADC 29 2 ANTAI VICTOR ETIM M APC 27,477 3 ATANANG DAVID EDET M C4C 29 4 VICTOR EDUT ASUQUO M DA 3 5 EDET ETIM NDUOYO M NFD 3 DECLARED 6 EKPENYONG NSE M PDP 30,878 ELECTED 7 HARRY FAVOUR OKON M UPC 0 8 EFFIONG ANIEBET SILAS M ZLP 3",FC/024/NAME,3,ATANANG DAVID EDET,M,C4C,29,,Akwa-Ibom_ORON-MBO-OKOBO-UDUNG-UKO-URUE-O.pdf
Akwa Ibom,"ORON /MBO/OKOBO/UDUNG UKO/URUE OFFONG/ORUKO AK VOTES S/N NAME OF CANDIDATE GENDER PARTY REMARK RECEIVED 1 BASSEY OKON W. M ADC 29 2 ANTAI VICTOR ETIM M APC 27,477 3 ATANANG DAVID EDET M C4C 29 4 VICTOR EDUT ASUQUO M DA 3 5 EDET ETIM NDUOYO M NFD 3 DECLARED 6 EKPENYONG NSE M PDP 30,878 ELECTED 7 HARRY FAVOUR OKON M UPC 0 8 EFFIONG ANIEBET SILAS M ZLP 3",FC/024/NAME,4,VICTOR EDUT ASUQUO,M,DA,3,,Akwa-Ibom_ORON-MBO-OKOBO-UDUNG-UKO-URUE-O.pdf
Akwa Ibom,"ORON /MBO/OKOBO/UDUNG UKO/URUE OFFONG/ORUKO AK VOTES S/N NAME OF CANDIDATE GENDER PARTY REMARK RECEIVED 1 BASSEY OKON W. M ADC 29 2 ANTAI VICTOR ETIM M APC 27,477 3 ATANANG DAVID EDET M C4C 29 4 VICTOR EDUT ASUQUO M DA 3 5 EDET ETIM NDUOYO M NFD 3 DECLARED 6 EKPENYONG NSE M PDP 30,878 ELECTED 7 HARRY FAVOUR OKON M UPC 0 8 EFFIONG ANIEBET SILAS M ZLP 3",FC/024/NAME,5,EDET ETIM NDUOYO,M,NFD,3,,Akwa-Ibom_ORON-MBO-OKOBO-UDUNG-UKO-URUE-O.pdf
Akwa Ibom,"ORON /MBO/OKOBO/UDUNG UKO/URUE OFFONG/ORUKO AK VOTES S/N NAME OF CANDIDATE GENDER PARTY REMARK RECEIVED 1 BASSEY OKON W. M ADC 29 2 ANTAI VICTOR ETIM M APC 27,477 3 ATANANG DAVID EDET M C4C 29 4 VICTOR EDUT ASUQUO M DA 3 5 EDET ETIM NDUOYO M NFD 3 DECLARED 6 EKPENYONG NSE M PDP 30,878 ELECTED 7 HARRY FAVOUR OKON M UPC 0 8 EFFIONG ANIEBET SILAS M ZLP 3",FC/024/NAME,6,EKPENYONG NSE,M,PDP,30878,,Akwa-Ibom_ORON-MBO-OKOBO-UDUNG-UKO-URUE-O.pdf
Akwa Ibom,"ORON /MBO/OKOBO/UDUNG UKO/URUE OFFONG/ORUKO AK VOTES S/N NAME OF CANDIDATE GENDER PARTY REMARK RECEIVED 1 BASSEY OKON W. M ADC 29 2 ANTAI VICTOR ETIM M APC 27,477 3 ATANANG DAVID EDET M C4C 29 4 VICTOR EDUT ASUQUO M DA 3 5 EDET ETIM NDUOYO M NFD 3 DECLARED 6 EKPENYONG NSE M PDP 30,878 ELECTED 7 HARRY FAVOUR OKON M UPC 0 8 EFFIONG ANIEBET SILAS M ZLP 3",FC/024/NAME,7,HARRY FAVOUR OKON,M,UPC,0,,Akwa-Ibom_ORON-MBO-OKOBO-UDUNG-UKO-URUE-O.pdf
Akwa Ibom,"ORON /MBO/OKOBO/UDUNG UKO/URUE OFFONG/ORUKO AK VOTES S/N NAME OF CANDIDATE GENDER PARTY REMARK RECEIVED 1 BASSEY OKON W. M ADC 29 2 ANTAI VICTOR ETIM M APC 27,477 3 ATANANG DAVID EDET M C4C 29 4 VICTOR EDUT ASUQUO M DA 3 5 EDET ETIM NDUOYO M NFD 3 DECLARED 6 EKPENYONG NSE M PDP 30,878 ELECTED 7 HARRY FAVOUR OKON M UPC 0 8 EFFIONG ANIEBET SILAS M ZLP 3",FC/024/NAME,8,EFFIONG ANIEBET SILAS,M,ZLP,3,,Akwa-Ibom_ORON-MBO-OKOBO-UDUNG-UKO-URUE-O.pdf
Akwa Ibom,"UKANAFUN/ ORUK ANAM /AK S/N NAME OF CANDIDATE GENDER PARTY VOTES RECEIVED REMARK 1 NSIKAK E. EKEKERE M AAP 117 2 OFONIME S. UDOUDO M AD 10 3 OKORO I. SAMUEL M ADC 72 4 EMMANUEL I. UKOETTE M APC 17,190 5 NDIANABASI I. UDO M DA 8 6 EMMANUEL I. SAMPSON M LP 7 DECLARED 7 UNYIME JOSIAH IDEM M PDP 57,443 ELECTED",,1,NSIKAK E. EKEKERE,M,AAP,117,,Akwa-Ibom_UKANAFUN-ORUK-ANAM.pdf
Akwa Ibom,"UKANAFUN/ ORUK ANAM /AK S/N NAME OF CANDIDATE GENDER PARTY VOTES RECEIVED REMARK 1 NSIKAK E. EKEKERE M AAP 117 2 OFONIME S. UDOUDO M AD 10 3 OKORO I. SAMUEL M ADC 72 4 EMMANUEL I. UKOETTE M APC 17,190 5 NDIANABASI I. UDO M DA 8 6 EMMANUEL I. SAMPSON M LP 7 DECLARED 7 UNYIME JOSIAH IDEM M PDP 57,443 ELECTED",,2,OFONIME S. UDOUDO,M,AD,10,,Akwa-Ibom_UKANAFUN-ORUK-ANAM.pdf
Akwa Ibom,"UKANAFUN/ ORUK ANAM /AK S/N NAME OF CANDIDATE GENDER PARTY VOTES RECEIVED REMARK 1 NSIKAK E. EKEKERE M AAP 117 2 OFONIME S. UDOUDO M AD 10 3 OKORO I. SAMUEL M ADC 72 4 EMMANUEL I. UKOETTE M APC 17,190 5 NDIANABASI I. UDO M DA 8 6 EMMANUEL I. SAMPSON M LP 7 DECLARED 7 UNYIME JOSIAH IDEM M PDP 57,443 ELECTED",,3,OKORO I. SAMUEL,M,ADC,72,,Akwa-Ibom_UKANAFUN-ORUK-ANAM.pdf
Akwa Ibom,"UKANAFUN/ ORUK ANAM /AK S/N NAME OF CANDIDATE GENDER PARTY VOTES RECEIVED REMARK 1 NSIKAK E. EKEKERE M AAP 117 2 OFONIME S. UDOUDO M AD 10 3 OKORO I. SAMUEL M ADC 72 4 EMMANUEL I. UKOETTE M APC 17,190 5 NDIANABASI I. UDO M DA 8 6 EMMANUEL I. SAMPSON M LP 7 DECLARED 7 UNYIME JOSIAH IDEM M PDP 57,443 ELECTED",,4,EMMANUEL I. UKOETTE,M,APC,17190,,Akwa-Ibom_UKANAFUN-ORUK-ANAM.pdf
Akwa Ibom,"UKANAFUN/ ORUK ANAM /AK S/N NAME OF CANDIDATE GENDER PARTY VOTES RECEIVED REMARK 1 NSIKAK E. EKEKERE M AAP 117 2 OFONIME S. UDOUDO M AD 10 3 OKORO I. SAMUEL M ADC 72 4 EMMANUEL I. UKOETTE M APC 17,190 5 NDIANABASI I. UDO M DA 8 6 EMMANUEL I. SAMPSON M LP 7 DECLARED 7 UNYIME JOSIAH IDEM M PDP 57,443 ELECTED",,5,NDIANABASI I. UDO,M,DA,8,,Akwa-Ibom_UKANAFUN-ORUK-ANAM.pdf
Akwa Ibom,"UKANAFUN/ ORUK ANAM /AK S/N NAME OF CANDIDATE GENDER PARTY VOTES RECEIVED REMARK 1 NSIKAK E. EKEKERE M AAP 117 2 OFONIME S. UDOUDO M AD 10 3 OKORO I. SAMUEL M ADC 72 4 EMMANUEL I. UKOETTE M APC 17,190 5 NDIANABASI I. UDO M DA 8 6 EMMANUEL I. SAMPSON M LP 7 DECLARED 7 UNYIME JOSIAH IDEM M PDP 57,443 ELECTED",,6,EMMANUEL I. SAMPSON,M,LP,7,,Akwa-Ibom_UKANAFUN-ORUK-ANAM.pdf
Akwa Ibom,"UKANAFUN/ ORUK ANAM /AK S/N NAME OF CANDIDATE GENDER PARTY VOTES RECEIVED REMARK 1 NSIKAK E. EKEKERE M AAP 117 2 OFONIME S. UDOUDO M AD 10 3 OKORO I. SAMUEL M ADC 72 4 EMMANUEL I. UKOETTE M APC 17,190 5 NDIANABASI I. UDO M DA 8 6 EMMANUEL I. SAMPSON M LP 7 DECLARED 7 UNYIME JOSIAH IDEM M PDP 57,443 ELECTED",,7,UNYIME JOSIAH IDEM,M,PDP,57443,,Akwa-Ibom_UKANAFUN-ORUK-ANAM.pdf
Akwa Ibom,"UYO/URUAN/NSIT ATAI/IBESIKPO ASUTAN /AK VOTES S/N NAME OF CANDIDATE GENDER PARTY REMARK RECEIVED 1 OBONG UNTIME EFFIONG A 10 2 CELESTINE ENEFIOR EDEM AAP 33 3 NDIFREKE EFFIONG EKPO AD 13 4 AINA EDIDIONG JOHN ADC 131 5 COMRADE NKEREUWEM ETEFIA AGAP 17 6 EKPENYONG EKERETTE EDEM APC 10,995 7 GODHELP EDEM NKENANG BNPP 18 8 EQUEREH ANIETTE IMEH DPC 8 9 ANIETE EDEDET ONYONG FJP 3 10 EDOUK EDET JMPP 7 11 SAVIOUR OKON AKPAN KP 1 12 EFIONG EDEM BASSEY LP 20 DECLARED 13 ENYONG HON. MICHEAL OKON PDP 57,712 ELECTED 14 EFANGA UDEME OKON PPN 60 15 IYAK BLESSING KINGSLEY UPC 6",,1,OBONG UNTIME EFFIONG,,A,10,,Akwa-Ibom_UYO-IBESIKPO-ASUTAN-URUAN-NSIT.pdf
Akwa Ibom,"UYO/URUAN/NSIT ATAI/IBESIKPO ASUTAN /AK VOTES S/N NAME OF CANDIDATE GENDER PARTY REMARK RECEIVED 1 OBONG UNTIME EFFIONG A 10 2 CELESTINE ENEFIOR EDEM AAP 33 3 NDIFREKE EFFIONG EKPO AD 13 4 AINA EDIDIONG JOHN ADC 131 5 COMRADE NKEREUWEM ETEFIA AGAP 17 6 EKPENYONG EKERETTE EDEM APC 10,995 7 GODHELP EDEM NKENANG BNPP 18 8 EQUEREH ANIETTE IMEH DPC 8 9 ANIETE EDEDET ONYONG FJP 3 10 EDOUK EDET JMPP 7 11 SAVIOUR OKON AKPAN KP 1 12 EFIONG EDEM BASSEY LP 20 DECLARED 13 ENYONG HON. MICHEAL OKON PDP 57,712 ELECTED 14 EFANGA UDEME OKON PPN 60 15 IYAK BLESSING KINGSLEY UPC 6",,2,CELESTINE ENEFIOR EDEM,,AAP,33,,Akwa-Ibom_UYO-IBESIKPO-ASUTAN-URUAN-NSIT.pdf
Akwa Ibom,"UYO/URUAN/NSIT ATAI/IBESIKPO ASUTAN /AK VOTES S/N NAME OF CANDIDATE GENDER PARTY REMARK RECEIVED 1 OBONG UNTIME EFFIONG A 10 2 CELESTINE ENEFIOR EDEM AAP 33 3 NDIFREKE EFFIONG EKPO AD 13 4 AINA EDIDIONG JOHN ADC 131 5 COMRADE NKEREUWEM ETEFIA AGAP 17 6 EKPENYONG EKERETTE EDEM APC 10,995 7 GODHELP EDEM NKENANG BNPP 18 8 EQUEREH ANIETTE IMEH DPC 8 9 ANIETE EDEDET ONYONG FJP 3 10 EDOUK EDET JMPP 7 11 SAVIOUR OKON AKPAN KP 1 12 EFIONG EDEM BASSEY LP 20 DECLARED 13 ENYONG HON. MICHEAL OKON PDP 57,712 ELECTED 14 EFANGA UDEME OKON PPN 60 15 IYAK BLESSING KINGSLEY UPC 6",,3,NDIFREKE EFFIONG EKPO,,AD,13,,Akwa-Ibom_UYO-IBESIKPO-ASUTAN-URUAN-NSIT.pdf
Akwa Ibom,"UYO/URUAN/NSIT ATAI/IBESIKPO ASUTAN /AK VOTES S/N NAME OF CANDIDATE GENDER PARTY REMARK RECEIVED 1 OBONG UNTIME EFFIONG A 10 2 CELESTINE ENEFIOR EDEM AAP 33 3 NDIFREKE EFFIONG EKPO AD 13 4 AINA EDIDIONG JOHN ADC 131 5 COMRADE NKEREUWEM ETEFIA AGAP 17 6 EKPENYONG EKERETTE EDEM APC 10,995 7 GODHELP EDEM NKENANG BNPP 18 8 EQUEREH ANIETTE IMEH DPC 8 9 ANIETE EDEDET ONYONG FJP 3 10 EDOUK EDET JMPP 7 11 SAVIOUR OKON AKPAN KP 1 12 EFIONG EDEM BASSEY LP 20 DECLARED 13 ENYONG HON. MICHEAL OKON PDP 57,712 ELECTED 14 EFANGA UDEME OKON PPN 60 15 IYAK BLESSING KINGSLEY UPC 6",,4,AINA EDIDIONG JOHN,,ADC,131,,Akwa-Ibom_UYO-IBESIKPO-ASUTAN-URUAN-NSIT.pdf
Akwa Ibom,"UYO/URUAN/NSIT ATAI/IBESIKPO ASUTAN /AK VOTES S/N NAME OF CANDIDATE GENDER PARTY REMARK RECEIVED 1 OBONG UNTIME EFFIONG A 10 2 CELESTINE ENEFIOR EDEM AAP 33 3 NDIFREKE EFFIONG EKPO AD 13 4 AINA EDIDIONG JOHN ADC 131 5 COMRADE NKEREUWEM ETEFIA AGAP 17 6 EKPENYONG EKERETTE EDEM APC 10,995 7 GODHELP EDEM NKENANG BNPP 18 8 EQUEREH ANIETTE IMEH DPC 8 9 ANIETE EDEDET ONYONG FJP 3 10 EDOUK EDET JMPP 7 11 SAVIOUR OKON AKPAN KP 1 12 EFIONG EDEM BASSEY LP 20 DECLARED 13 ENYONG HON. MICHEAL OKON PDP 57,712 ELECTED 14 EFANGA UDEME OKON PPN 60 15 IYAK BLESSING KINGSLEY UPC 6",,5,COMRADE NKEREUWEM ETEFIA,,AGAP,17,,Akwa-Ibom_UYO-IBESIKPO-ASUTAN-URUAN-NSIT.pdf
Akwa Ibom,"UYO/URUAN/NSIT ATAI/IBESIKPO ASUTAN /AK VOTES S/N NAME OF CANDIDATE GENDER PARTY REMARK RECEIVED 1 OBONG UNTIME EFFIONG A 10 2 CELESTINE ENEFIOR EDEM AAP 33 3 NDIFREKE EFFIONG EKPO AD 13 4 AINA EDIDIONG JOHN ADC 131 5 COMRADE NKEREUWEM ETEFIA AGAP 17 6 EKPENYONG EKERETTE EDEM APC 10,995 7 GODHELP EDEM NKENANG BNPP 18 8 EQUEREH ANIETTE IMEH DPC 8 9 ANIETE EDEDET ONYONG FJP 3 10 EDOUK EDET JMPP 7 11 SAVIOUR OKON AKPAN KP 1 12 EFIONG EDEM BASSEY LP 20 DECLARED 13 ENYONG HON. MICHEAL OKON PDP 57,712 ELECTED 14 EFANGA UDEME OKON PPN 60 15 IYAK BLESSING KINGSLEY UPC 6",,6,EKPENYONG EKERETTE EDEM,,APC,10995,,Akwa-Ibom_UYO-IBESIKPO-ASUTAN-URUAN-NSIT.pdf
Akwa Ibom,"UYO/URUAN/NSIT ATAI/IBESIKPO ASUTAN /AK VOTES S/N NAME OF CANDIDATE GENDER PARTY REMARK RECEIVED 1 OBONG UNTIME EFFIONG A 10 2 CELESTINE ENEFIOR EDEM AAP 33 3 NDIFREKE EFFIONG EKPO AD 13 4 AINA EDIDIONG JOHN ADC 131 5 COMRADE NKEREUWEM ETEFIA AGAP 17 6 EKPENYONG EKERETTE EDEM APC 10,995 7 GODHELP EDEM NKENANG BNPP 18 8 EQUEREH ANIETTE IMEH DPC 8 9 ANIETE EDEDET ONYONG FJP 3 10 EDOUK EDET JMPP 7 11 SAVIOUR OKON AKPAN KP 1 12 EFIONG EDEM BASSEY LP 20 DECLARED 13 ENYONG HON. MICHEAL OKON PDP 57,712 ELECTED 14 EFANGA UDEME OKON PPN 60 15 IYAK BLESSING KINGSLEY UPC 6",,7,GODHELP EDEM NKENANG,,BNPP,18,,Akwa-Ibom_UYO-IBESIKPO-ASUTAN-URUAN-NSIT.pdf
Akwa Ibom,"UYO/URUAN/NSIT ATAI/IBESIKPO ASUTAN /AK VOTES S/N NAME OF CANDIDATE GENDER PARTY REMARK RECEIVED 1 OBONG UNTIME EFFIONG A 10 2 CELESTINE ENEFIOR EDEM AAP 33 3 NDIFREKE EFFIONG EKPO AD 13 4 AINA EDIDIONG JOHN ADC 131 5 COMRADE NKEREUWEM ETEFIA AGAP 17 6 EKPENYONG EKERETTE EDEM APC 10,995 7 GODHELP EDEM NKENANG BNPP 18 8 EQUEREH ANIETTE IMEH DPC 8 9 ANIETE EDEDET ONYONG FJP 3 10 EDOUK EDET JMPP 7 11 SAVIOUR OKON AKPAN KP 1 12 EFIONG EDEM BASSEY LP 20 DECLARED 13 ENYONG HON. MICHEAL OKON PDP 57,712 ELECTED 14 EFANGA UDEME OKON PPN 60 15 IYAK BLESSING KINGSLEY UPC 6",,8,EQUEREH ANIETTE IMEH,,DPC,8,,Akwa-Ibom_UYO-IBESIKPO-ASUTAN-URUAN-NSIT.pdf
Akwa Ibom,"UYO/URUAN/NSIT ATAI/IBESIKPO ASUTAN /AK VOTES S/N NAME OF CANDIDATE GENDER PARTY REMARK RECEIVED 1 OBONG UNTIME EFFIONG A 10 2 CELESTINE ENEFIOR EDEM AAP 33 3 NDIFREKE EFFIONG EKPO AD 13 4 AINA EDIDIONG JOHN ADC 131 5 COMRADE NKEREUWEM ETEFIA AGAP 17 6 EKPENYONG EKERETTE EDEM APC 10,995 7 GODHELP EDEM NKENANG BNPP 18 8 EQUEREH ANIETTE IMEH DPC 8 9 ANIETE EDEDET ONYONG FJP 3 10 EDOUK EDET JMPP 7 11 SAVIOUR OKON AKPAN KP 1 12 EFIONG EDEM BASSEY LP 20 DECLARED 13 ENYONG HON. MICHEAL OKON PDP 57,712 ELECTED 14 EFANGA UDEME OKON PPN 60 15 IYAK BLESSING KINGSLEY UPC 6",,9,ANIETE EDEDET ONYONG,,FJP,3,,Akwa-Ibom_UYO-IBESIKPO-ASUTAN-URUAN-NSIT.pdf
Akwa Ibom,"UYO/URUAN/NSIT ATAI/IBESIKPO ASUTAN /AK VOTES S/N NAME OF CANDIDATE GENDER PARTY REMARK RECEIVED 1 OBONG UNTIME EFFIONG A 10 2 CELESTINE ENEFIOR EDEM AAP 33 3 NDIFREKE EFFIONG EKPO AD 13 4 AINA EDIDIONG JOHN ADC 131 5 COMRADE NKEREUWEM ETEFIA AGAP 17 6 EKPENYONG EKERETTE EDEM APC 10,995 7 GODHELP EDEM NKENANG BNPP 18 8 EQUEREH ANIETTE IMEH DPC 8 9 ANIETE EDEDET ONYONG FJP 3 10 EDOUK EDET JMPP 7 11 SAVIOUR OKON AKPAN KP 1 12 EFIONG EDEM BASSEY LP 20 DECLARED 13 ENYONG HON. MICHEAL OKON PDP 57,712 ELECTED 14 EFANGA UDEME OKON PPN 60 15 IYAK BLESSING KINGSLEY UPC 6",,10,EDOUK EDET,,JMPP,7,,Akwa-Ibom_UYO-IBESIKPO-ASUTAN-URUAN-NSIT.pdf
Akwa Ibom,"UYO/URUAN/NSIT ATAI/IBESIKPO ASUTAN /AK VOTES S/N NAME OF CANDIDATE GENDER PARTY REMARK RECEIVED 1 OBONG UNTIME EFFIONG A 10 2 CELESTINE ENEFIOR EDEM AAP 33 3 NDIFREKE EFFIONG EKPO AD 13 4 AINA EDIDIONG JOHN ADC 131 5 COMRADE NKEREUWEM ETEFIA AGAP 17 6 EKPENYONG EKERETTE EDEM APC 10,995 7 GODHELP EDEM NKENANG BNPP 18 8 EQUEREH ANIETTE IMEH DPC 8 9 ANIETE EDEDET ONYONG FJP 3 10 EDOUK EDET JMPP 7 11 SAVIOUR OKON AKPAN KP 1 12 EFIONG EDEM BASSEY LP 20 DECLARED 13 ENYONG HON. MICHEAL OKON PDP 57,712 ELECTED 14 EFANGA UDEME OKON PPN 60 15 IYAK BLESSING KINGSLEY UPC 6",,11,SAVIOUR OKON AKPAN,,KP,1,,Akwa-Ibom_UYO-IBESIKPO-ASUTAN-URUAN-NSIT.pdf
Akwa Ibom,"UYO/URUAN/NSIT ATAI/IBESIKPO ASUTAN /AK VOTES S/N NAME OF CANDIDATE GENDER PARTY REMARK RECEIVED 1 OBONG UNTIME EFFIONG A 10 2 CELESTINE ENEFIOR EDEM AAP 33 3 NDIFREKE EFFIONG EKPO AD 13 4 AINA EDIDIONG JOHN ADC 131 5 COMRADE NKEREUWEM ETEFIA AGAP 17 6 EKPENYONG EKERETTE EDEM APC 10,995 7 GODHELP EDEM NKENANG BNPP 18 8 EQUEREH ANIETTE IMEH DPC 8 9 ANIETE EDEDET ONYONG FJP 3 10 EDOUK EDET JMPP 7 11 SAVIOUR OKON AKPAN KP 1 12 EFIONG EDEM BASSEY LP 20 DECLARED 13 ENYONG HON. MICHEAL OKON PDP 57,712 ELECTED 14 EFANGA UDEME OKON PPN 60 15 IYAK BLESSING KINGSLEY UPC 6",,12,EFIONG EDEM BASSEY,,LP,20,,Akwa-Ibom_UYO-IBESIKPO-ASUTAN-URUAN-NSIT.pdf
Akwa Ibom,"UYO/URUAN/NSIT ATAI/IBESIKPO ASUTAN /AK VOTES S/N NAME OF CANDIDATE GENDER PARTY REMARK RECEIVED 1 OBONG UNTIME EFFIONG A 10 2 CELESTINE ENEFIOR EDEM AAP 33 3 NDIFREKE EFFIONG EKPO AD 13 4 AINA EDIDIONG JOHN ADC 131 5 COMRADE NKEREUWEM ETEFIA AGAP 17 6 EKPENYONG EKERETTE EDEM APC 10,995 7 GODHELP EDEM NKENANG BNPP 18 8 EQUEREH ANIETTE IMEH DPC 8 9 ANIETE EDEDET ONYONG FJP 3 10 EDOUK EDET JMPP 7 11 SAVIOUR OKON AKPAN KP 1 12 EFIONG EDEM BASSEY LP 20 DECLARED 13 ENYONG HON. MICHEAL OKON PDP 57,712 ELECTED 14 EFANGA UDEME OKON PPN 60 15 IYAK BLESSING KINGSLEY UPC 6",,13,ENYONG HON. MICHEAL OKON,,PDP,57712,,Akwa-Ibom_UYO-IBESIKPO-ASUTAN-URUAN-NSIT.pdf
Akwa Ibom,"UYO/URUAN/NSIT ATAI/IBESIKPO ASUTAN /AK VOTES S/N NAME OF CANDIDATE GENDER PARTY REMARK RECEIVED 1 OBONG UNTIME EFFIONG A 10 2 CELESTINE ENEFIOR EDEM AAP 33 3 NDIFREKE EFFIONG EKPO AD 13 4 AINA EDIDIONG JOHN ADC 131 5 COMRADE NKEREUWEM ETEFIA AGAP 17 6 EKPENYONG EKERETTE EDEM APC 10,995 7 GODHELP EDEM NKENANG BNPP 18 8 EQUEREH ANIETTE IMEH DPC 8 9 ANIETE EDEDET ONYONG FJP 3 10 EDOUK EDET JMPP 7 11 SAVIOUR OKON AKPAN KP 1 12 EFIONG EDEM BASSEY LP 20 DECLARED 13 ENYONG HON. MICHEAL OKON PDP 57,712 ELECTED 14 EFANGA UDEME OKON PPN 60 15 IYAK BLESSING KINGSLEY UPC 6",,14,EFANGA UDEME OKON,,PPN,60,,Akwa-Ibom_UYO-IBESIKPO-ASUTAN-URUAN-NSIT.pdf
Akwa Ibom,"UYO/URUAN/NSIT ATAI/IBESIKPO ASUTAN /AK VOTES S/N NAME OF CANDIDATE GENDER PARTY REMARK RECEIVED 1 OBONG UNTIME EFFIONG A 10 2 CELESTINE ENEFIOR EDEM AAP 33 3 NDIFREKE EFFIONG EKPO AD 13 4 AINA EDIDIONG JOHN ADC 131 5 COMRADE NKEREUWEM ETEFIA AGAP 17 6 EKPENYONG EKERETTE EDEM APC 10,995 7 GODHELP EDEM NKENANG BNPP 18 8 EQUEREH ANIETTE IMEH DPC 8 9 ANIETE EDEDET ONYONG FJP 3 10 EDOUK EDET JMPP 7 11 SAVIOUR OKON AKPAN KP 1 12 EFIONG EDEM BASSEY LP 20 DECLARED 13 ENYONG HON. MICHEAL OKON PDP 57,712 ELECTED 14 EFANGA UDEME OKON PPN 60 15 IYAK BLESSING KINGSLEY UPC 6",,15,IYAK BLESSING KINGSLEY,,UPC,6,,Akwa-Ibom_UYO-IBESIKPO-ASUTAN-URUAN-NSIT.pdf
Anambra,AGUATA,FC/030/AN,1,UMENNADI PATRICK UGOCHUKWU 0,M,A,9,,Anambra_AGUATA.pdf
Anambra,AGUATA,FC/030/AN,2,ISRAEL BENARD ONYEKA,M,ACD,9,,Anambra_AGUATA.pdf
Anambra,AGUATA,FC/030/AN,3,IZUNDU LINUS,M,ADC,44,,Anambra_AGUATA.pdf
Anambra,AGUATA,FC/030/AN,4,UGOCHUKWU ROMANUS,M,AGAP,53,,Anambra_AGUATA.pdf
Anambra,AGUATA,FC/030/AN,5,EZEANDIKWA CLIFFORD C,M,APA,485,,Anambra_AGUATA.pdf
Anambra,AGUATA,FC/030/AN,6,CHIDI DURU OKECHUKWU,M,APC,2758,,Anambra_AGUATA.pdf
Anambra,AGUATA,FC/030/AN,7,UMEOJI CHUKWUMA MICHAEL,M,APGA,15942,DECLARED ELECTED,Anambra_AGUATA.pdf
Anambra,AGUATA,FC/030/AN,8,OKONKWO UCHENNA MNEAMAKA,M,APP,21,,Anambra_AGUATA.pdf
Anambra,AGUATA,FC/030/AN,9,UKATU NONSO,M,ID,16,,Anambra_AGUATA.pdf
Anambra,AGUATA,FC/030/AN,10,PROF.HERBERT EZE.M,M,JMPP,5,,Anambra_AGUATA.pdf
Anambra,AGUATA,FC/030/AN,11,EJIDIKE IFEYINWA PATRICIA,F,MPN,22,,Anambra_AGUATA.pdf
Anambra,AGUATA,FC/030/AN,12,UMEJIBURU CHINEDU SHEDRACK,M,NRM,9,,Anambra_AGUATA.pdf
Anambra,AGUATA,FC/030/AN,13,MADU OBY BIDDY,F,PDC,77,,Anambra_AGUATA.pdf
Anambra,AGUATA,FC/030/AN,14,AZODO EUCHARIA,F,PDP,12440,,Anambra_AGUATA.pdf
Anambra,AGUATA,FC/030/AN,15,EZE CHINEDU JOSEPH,M,PPP,15,,Anambra_AGUATA.pdf
Anambra,AGUATA,FC/030/AN,16,UMENNAIIKE NKECHI,F,RP,8,,Anambra_AGUATA.pdf
Anambra,AGUATA,FC/030/AN,17,OGBUJI NNAMDI IKECHUKWU,M,SDP,11,,Anambra_AGUATA.pdf
Anambra,AGUATA,FC/030/AN,18,NWOKAFOR CHINWUDE,F,SNP,25,,Anambra_AGUATA.pdf
Anambra,AGUATA,FC/030/AN,19,UDEGBE OKWUCHUKWU KENNETH,M,UPP,231,,Anambra_AGUATA.pdf
Anambra,AGUATA,FC/030/AN,20,THEOPHINE OKWUDILI OBIORA,M,YPP,4606,,Anambra_AGUATA.pdf
Anambra,ANAMBRA EAST/ANAMBRA WEST,FC/027/AN,1,IGWEDIBIA FELICIA EWUMU,F,A,1,,Anambra_ANAMBRA-EAST-ANAMBRA-WEST.pdf
Anambra,ANAMBRA EAST/ANAMBRA WEST,FC/027/AN,2,EMEKA IFEANYI DAVID,M,ACD,6,,Anambra_ANAMBRA-EAST-ANAMBRA-WEST.pdf
Anambra,ANAMBRA EAST/ANAMBRA WEST,FC/027/AN,3,SUNDAY OKONKWO IGBOANUGO,M,ADC,8,,Anambra_ANAMBRA-EAST-ANAMBRA-WEST.pdf
Anambra,ANAMBRA EAST/ANAMBRA WEST,FC/027/AN,4,LAWRENCE ONYIBOR,M,AGAP,82,,Anambra_ANAMBRA-EAST-ANAMBRA-WEST.pdf
Anambra,ANAMBRA EAST/ANAMBRA WEST,FC/027/AN,5,CHUKWUMA PAUL CHUKWUMA,M,APC,4926,,Anambra_ANAMBRA-EAST-ANAMBRA-WEST.pdf
Anambra,ANAMBRA EAST/ANAMBRA WEST,FC/027/AN,6,OBIDIGWE CHINEDU BENJAMIN,M,APGA,28657,DECLARED ELECTED,Anambra_ANAMBRA-EAST-ANAMBRA-WEST.pdf
Anambra,ANAMBRA EAST/ANAMBRA WEST,FC/027/AN,7,NWEKE CHRISTOPHER CHUKWUDUBEM,M,APP,24,,Anambra_ANAMBRA-EAST-ANAMBRA-WEST.pdf
Anambra,ANAMBRA EAST/ANAMBRA WEST,FC/027/AN,8,ONUORAH CHUKWUDI ANSELM,M,ASD,182,,Anambra_ANAMBRA-EAST-ANAMBRA-WEST.pdf
Anambra,ANAMBRA EAST/ANAMBRA WEST,FC/027/AN,9,OKORE ELEKWACHI,M,ID,6,,Anambra_ANAMBRA-EAST-ANAMBRA-WEST.pdf
Anambra,ANAMBRA EAST/ANAMBRA WEST,FC/027/AN,10,EMENIKE PROSPER IKENNA,M,JMPP,9,,Anambra_ANAMBRA-EAST-ANAMBRA-WEST.pdf
Anambra,ANAMBRA EAST/ANAMBRA WEST,FC/027/AN,11,AGAPITUS ONYEKWELU C.,M,MPN,12,,Anambra_ANAMBRA-EAST-ANAMBRA-WEST.pdf
Anambra,ANAMBRA EAST/ANAMBRA WEST,FC/027/AN,12,NDIFE OBIDIKE JUDE,M,NDLP,3,,Anambra_ANAMBRA-EAST-ANAMBRA-WEST.pdf
Anambra,ANAMBRA EAST/ANAMBRA WEST,FC/027/AN,13,EZECHUKWU KINGSLEY CHUKWUMA,M,PDC,78,,Anambra_ANAMBRA-EAST-ANAMBRA-WEST.pdf
Anambra,ANAMBRA EAST/ANAMBRA WEST,FC/027/AN,14,NWOYE ERNEST ANICHEBE,M,PDP,9574,,Anambra_ANAMBRA-EAST-ANAMBRA-WEST.pdf
Anambra,ANAMBRA EAST/ANAMBRA WEST,FC/027/AN,15,IWUNOR JOSEPH AZUBUIKE,M,PPP,15,,Anambra_ANAMBRA-EAST-ANAMBRA-WEST.pdf
Anambra,ANAMBRA EAST/ANAMBRA WEST,FC/027/AN,16,UGOCHUKWU IZUOBA ROSEMARY,F,RP,4,,Anambra_ANAMBRA-EAST-ANAMBRA-WEST.pdf
Anambra,ANAMBRA EAST/ANAMBRA WEST,FC/027/AN,17,ONWUJEKWE JOSEPH N.,M,SDP,42,,Anambra_ANAMBRA-EAST-ANAMBRA-WEST.pdf
Anambra,ANAMBRA EAST/ANAMBRA WEST,FC/027/AN,18,UDEALOR PATRICK,M,UPP,27,,Anambra_ANAMBRA-EAST-ANAMBRA-WEST.pdf
Anambra,ANAMBRA EAST/ANAMBRA WEST,FC/027/AN,19,SUNDAY CHIBUBE,M,YPP,234,,Anambra_ANAMBRA-EAST-ANAMBRA-WEST.pdf
Anambra,AWKA NORTH/AWKA SOUTH,FC/032/AN,1,DIBOR GODSON CHEKWUBE,M,A,11,,Anambra_AWKA-NORTH-AWKA-SOUTH.pdf
Anambra,AWKA NORTH/AWKA SOUTH,FC/032/AN,2,OKAFOR CHINWE H,F,ACD,3,,Anambra_AWKA-NORTH-AWKA-SOUTH.pdf
Anambra,AWKA NORTH/AWKA SOUTH,FC/032/AN,3,OROGBU LOUIS E,M,ADC,40,,Anambra_AWKA-NORTH-AWKA-SOUTH.pdf
Anambra,AWKA NORTH/AWKA SOUTH,FC/032/AN,4,BENETH ANIEZE OFOR,M,AGAP,83,,Anambra_AWKA-NORTH-AWKA-SOUTH.pdf
Anambra,AWKA NORTH/AWKA SOUTH,FC/032/AN,5,EMMANUEL NWEKE,M,APC,2469,,Anambra_AWKA-NORTH-AWKA-SOUTH.pdf
Anambra,AWKA NORTH/AWKA SOUTH,FC/032/AN,6,NNEBE ANAYO,M,APGA,16317,,Anambra_AWKA-NORTH-AWKA-SOUTH.pdf
Anambra,AWKA NORTH/AWKA SOUTH,FC/032/AN,7,NMA AZUBUIKE,M,APP,51,,Anambra_AWKA-NORTH-AWKA-SOUTH.pdf
Anambra,AWKA NORTH/AWKA SOUTH,FC/032/AN,8,OKAFOR IKECHUKWU I,M,BNPP,26,,Anambra_AWKA-NORTH-AWKA-SOUTH.pdf
Anambra,AWKA NORTH/AWKA SOUTH,FC/032/AN,9,EZEDIGBO ALEXANDER,M,DA,1,,Anambra_AWKA-NORTH-AWKA-SOUTH.pdf
Anambra,AWKA NORTH/AWKA SOUTH,FC/032/AN,10,IBEKWE C. EKENE,M,DPP,11,,Anambra_AWKA-NORTH-AWKA-SOUTH.pdf
Anambra,AWKA NORTH/AWKA SOUTH,FC/032/AN,11,ANASO ALEXANDER CHIZOBA,M,GPN,24,,Anambra_AWKA-NORTH-AWKA-SOUTH.pdf
Anambra,AWKA NORTH/AWKA SOUTH,FC/032/AN,12,NWABUDE STEPHEN JACHIKE,M,ID,14,,Anambra_AWKA-NORTH-AWKA-SOUTH.pdf
Anambra,AWKA NORTH/AWKA SOUTH,FC/032/AN,13,PRINCE CHARLES NNAMDI OKWUEGO,M,JMPP,5,,Anambra_AWKA-NORTH-AWKA-SOUTH.pdf
Anambra,AWKA NORTH/AWKA SOUTH,FC/032/AN,14,CHINWUKA FRANCISCA ADAOBI,F,MPN,23,,Anambra_AWKA-NORTH-AWKA-SOUTH.pdf
Anambra,AWKA NORTH/AWKA SOUTH,FC/032/AN,15,EZEH ANTHONY EMEKA,M,NDLP,2,,Anambra_AWKA-NORTH-AWKA-SOUTH.pdf
Anambra,AWKA NORTH/AWKA SOUTH,FC/032/AN,16,EKWUEME CHARLES ONYEKACHI,M,PDC,53,,Anambra_AWKA-NORTH-AWKA-SOUTH.pdf
Anambra,AWKA NORTH/AWKA SOUTH,FC/032/AN,17,ONWUASO CHINEDU,M,PDP,32579,DECLARED ELECTED,Anambra_AWKA-NORTH-AWKA-SOUTH.pdf
Anambra,AWKA NORTH/AWKA SOUTH,FC/032/AN,18,JUDE OSITA NWOKIKE,M,PPC,212,,Anambra_AWKA-NORTH-AWKA-SOUTH.pdf
Anambra,AWKA NORTH/AWKA SOUTH,FC/032/AN,19,CHINWEZE OGECHUKWU,F,PPP,22,,Anambra_AWKA-NORTH-AWKA-SOUTH.pdf
Anambra,AWKA NORTH/AWKA SOUTH,FC/032/AN,20,CHUKWUMA EZENAGU GODSON,M,SDP,4721,,Anambra_AWKA-NORTH-AWKA-SOUTH.pdf
Anambra,AWKA NORTH/AWKA SOUTH,FC/032/AN,21,,M,UPP,1,,Anambra_AWKA-NORTH-AWKA-SOUTH.pdf
Anambra,IDEMILI NORTH AND SOUTH,FC/034/AN,1,EZE EVARISTUS OGOCHUKWU,M,ACD,17,,Anambra_IDEMILI-NORTH-SOUTH.pdf
Anambra,IDEMILI NORTH AND SOUTH,FC/034/AN,2,FREDRICK UDUEZUO OBINNA,M,ADC,56,,Anambra_IDEMILI-NORTH-SOUTH.pdf
Anambra,IDEMILI NORTH AND SOUTH,FC/034/AN,3,CHUMA CHUKWUDRAH,M,AGAP,90,,Anambra_IDEMILI-NORTH-SOUTH.pdf
Anambra,IDEMILI NORTH AND SOUTH,FC/034/AN,4,CHARLES CHINWENDU ODEDO,M,APC,3449,,Anambra_IDEMILI-NORTH-SOUTH.pdf
Anambra,IDEMILI NORTH AND SOUTH,FC/034/AN,5,IBEZI IFEANYI ANTHONY,M,APGA,29566,DECLARED ELECTED,Anambra_IDEMILI-NORTH-SOUTH.pdf
Anambra,IDEMILI NORTH AND SOUTH,FC/034/AN,6,"ODUCHE OBINNA KENNETH, OKENKWO",M,CAP,5,,Anambra_IDEMILI-NORTH-SOUTH.pdf
Anambra,IDEMILI NORTH AND SOUTH,FC/034/AN,7,OKAFOR KENNETH EMEKA,M,DA,0,,Anambra_IDEMILI-NORTH-SOUTH.pdf
Anambra,IDEMILI NORTH AND SOUTH,FC/034/AN,8,OJIAKOR DONATUS NNAEMEKA,M,DPP,20,,Anambra_IDEMILI-NORTH-SOUTH.pdf
Anambra,IDEMILI NORTH AND SOUTH,FC/034/AN,9,MBANUGO STANLY O.,M,ID,5,,Anambra_IDEMILI-NORTH-SOUTH.pdf
Anambra,IDEMILI NORTH AND SOUTH,FC/034/AN,10,OKEKE GEORGINA NGOZI,F,JMPP,45,,Anambra_IDEMILI-NORTH-SOUTH.pdf
Anambra,IDEMILI NORTH AND SOUTH,FC/034/AN,11,ENWEDO EZIATA CHARISMA SAMUEL,M,KP,5,,Anambra_IDEMILI-NORTH-SOUTH.pdf
Anambra,IDEMILI NORTH AND SOUTH,FC/034/AN,12,EGBUDI CLARA UJU,F,MPN,45,,Anambra_IDEMILI-NORTH-SOUTH.pdf
Anambra,IDEMILI NORTH AND SOUTH,FC/034/AN,13,OCHIAGHA CHINO S,M,NDLP,21,,Anambra_IDEMILI-NORTH-SOUTH.pdf
Anambra,IDEMILI NORTH AND SOUTH,FC/034/AN,14,OBI CHARLES N.,M,NRM,45,,Anambra_IDEMILI-NORTH-SOUTH.pdf
Anambra,IDEMILI NORTH AND SOUTH,FC/034/AN,15,OBUNADIKE JOSEPH CHINENYE,M,PDC,0,,Anambra_IDEMILI-NORTH-SOUTH.pdf
Anambra,IDEMILI NORTH AND SOUTH,FC/034/AN,16,OBINNA CHIDOKA,M,PDP,26026,,Anambra_IDEMILI-NORTH-SOUTH.pdf
Anambra,IDEMILI NORTH AND SOUTH,FC/034/AN,17,NGOZI UBAH,F,PPC,225,,Anambra_IDEMILI-NORTH-SOUTH.pdf
Anambra,IDEMILI NORTH AND SOUTH,FC/034/AN,18,OFORTUBE GODWIN OKWUNNA,M,PPP,19,,Anambra_IDEMILI-NORTH-SOUTH.pdf
Anambra,IDEMILI NORTH AND SOUTH,FC/034/AN,19,OKONKWO UCHE HARRIS,M,SDP,8601,,Anambra_IDEMILI-NORTH-SOUTH.pdf
Anambra,IDEMILI NORTH AND SOUTH,FC/034/AN,20,OJIBE GABRIEL IKECHUKWU,M,UDP,10,,Anambra_IDEMILI-NORTH-SOUTH.pdf
Anambra,IDEMILI NORTH AND SOUTH,FC/034/AN,21,,M,UPP,26,,Anambra_IDEMILI-NORTH-SOUTH.pdf
Anambra,IHIALA,FC/035/AN,1,IFEANYI CHUDY MOMAH,M,APGA,16759,DECLARED ELECTED,Anambra_IHIALA.pdf
Anambra,IHIALA,FC/035/AN,2,EJENOBI UGOCHUKWU VENATUS,M,APP,20,,Anambra_IHIALA.pdf
Anambra,IHIALA,FC/035/AN,3,OGWUAWA ONYEDIKA N.,M,ID,7,,Anambra_IHIALA.pdf
Anambra,IHIALA,FC/035/AN,4,NJUBIUBO EUNICE N.,F,KP,6,,Anambra_IHIALA.pdf
Anambra,IHIALA,FC/035/AN,5,EMENEKA ONYEMAECHI S. N,M,PDC,75,,Anambra_IHIALA.pdf
Anambra,NJIKOKA/DUNUKOFIA/ANAOCHA,FC/033/AN,1,VALENTINE IYKE OLIOBI,M,ACD,34,,Anambra_NJIKOKA-DUNUKOFIA-ANAOCHA.pdf
Anambra,NJIKOKA/DUNUKOFIA/ANAOCHA,FC/033/AN,2,PETER EZEOBI UGOCHUKWU,M,ADC,51,,Anambra_NJIKOKA-DUNUKOFIA-ANAOCHA.pdf
Anambra,NJIKOKA/DUNUKOFIA/ANAOCHA,FC/033/AN,3,CHINYELU AMECHI CLEMENT,M,AGAP,194,,Anambra_NJIKOKA-DUNUKOFIA-ANAOCHA.pdf
Anambra,NJIKOKA/DUNUKOFIA/ANAOCHA,FC/033/AN,4,ELIJAH CHINEZIM ONYEAGBA,M,APC,7519,,Anambra_NJIKOKA-DUNUKOFIA-ANAOCHA.pdf
Anambra,NJIKOKA/DUNUKOFIA/ANAOCHA,FC/033/AN,5,AKONANYA AFAMEFUNA CHRISTOPHER N.N.,M,APDA,363,,Anambra_NJIKOKA-DUNUKOFIA-ANAOCHA.pdf
Anambra,NJIKOKA/DUNUKOFIA/ANAOCHA,FC/033/AN,6,NWANKWO FERDINAND DOZIE,M,APGA,36355,,Anambra_NJIKOKA-DUNUKOFIA-ANAOCHA.pdf
Anambra,NJIKOKA/DUNUKOFIA/ANAOCHA,FC/033/AN,7,OLISA IGNATIUS CHUCKWUESIUKA,M,DA,35,,Anambra_NJIKOKA-DUNUKOFIA-ANAOCHA.pdf
Anambra,NJIKOKA/DUNUKOFIA/ANAOCHA,FC/033/AN,8,OFIA PERPETUA,F,DPP,110,,Anambra_NJIKOKA-DUNUKOFIA-ANAOCHA.pdf
Anambra,NJIKOKA/DUNUKOFIA/ANAOCHA,FC/033/AN,9,UGODIGWE OKECHUKWU CHIDIMMA,M,ID,34,,Anambra_NJIKOKA-DUNUKOFIA-ANAOCHA.pdf
Anambra,NJIKOKA/DUNUKOFIA/ANAOCHA,FC/033/AN,10,CHARLES IFEANYICHUKWU OTIE,M,JMPP,29,,Anambra_NJIKOKA-DUNUKOFIA-ANAOCHA.pdf
Anambra,NJIKOKA/DUNUKOFIA/ANAOCHA,FC/033/AN,11,SAMUEL OKONKWO CHUKWUEBUKA,M,MPN,59,,Anambra_NJIKOKA-DUNUKOFIA-ANAOCHA.pdf
Anambra,NJIKOKA/DUNUKOFIA/ANAOCHA,FC/033/AN,12,OKEKE JOHN E,M,NDLP,41,,Anambra_NJIKOKA-DUNUKOFIA-ANAOCHA.pdf
Anambra,NJIKOKA/DUNUKOFIA/ANAOCHA,FC/033/AN,13,NWABUNWANNE EMEKA CELESTINE,M,PDC,196,,Anambra_NJIKOKA-DUNUKOFIA-ANAOCHA.pdf
Anambra,NJIKOKA/DUNUKOFIA/ANAOCHA,FC/033/AN,14,,,PDP,41708,DECLARED ELECTED,Anambra_NJIKOKA-DUNUKOFIA-ANAOCHA.pdf
Anambra,NJIKOKA/DUNUKOFIA/ANAOCHA,FC/033/AN,15,AKUDO CHIGOZIE AKUDO,M,PPP,904,,Anambra_NJIKOKA-DUNUKOFIA-ANAOCHA.pdf
Anambra,NJIKOKA/DUNUKOFIA/ANAOCHA,FC/033/AN,16,IGWILO MICHAEL C.,M,SDP,60,,Anambra_NJIKOKA-DUNUKOFIA-ANAOCHA.pdf
Anambra,NJIKOKA/DUNUKOFIA/ANAOCHA,FC/033/AN,17,ANALIKE OKWUCHUKWU CHRISTIAN,M,UPP,100,,Anambra_NJIKOKA-DUNUKOFIA-ANAOCHA.pdf
Anambra,NNEWI NORTH/NNEWI SOUTH/EKWUSIGO,FC/036/AN,1,OKAFOAGU LOVE CHINYERE,F,AAP,108,,Anambra_NNEWI-NORTH-NNEWI-SOUTH.pdf
Anambra,NNEWI NORTH/NNEWI SOUTH/EKWUSIGO,FC/036/AN,2,AGBANUSI CHARLES OBIMMA,M,ADC,21,,Anambra_NNEWI-NORTH-NNEWI-SOUTH.pdf
Anambra,NNEWI NORTH/NNEWI SOUTH/EKWUSIGO,FC/036/AN,3,ARINZE OKOYE,M,AGAP,5,,Anambra_NNEWI-NORTH-NNEWI-SOUTH.pdf
Anambra,NNEWI NORTH/NNEWI SOUTH/EKWUSIGO,FC/036/AN,4,JUDE KINGSLEY U ONYEKA,M,APC,4979,,Anambra_NNEWI-NORTH-NNEWI-SOUTH.pdf
Anambra,NNEWI NORTH/NNEWI SOUTH/EKWUSIGO,FC/036/AN,5,NWABUNIKE ANTHONY IJU,M,APGA,18811,,Anambra_NNEWI-NORTH-NNEWI-SOUTH.pdf
Anambra,NNEWI NORTH/NNEWI SOUTH/EKWUSIGO,FC/036/AN,6,ATUCHUKWU CHIDIMA GOODNESS,F,APP,23,,Anambra_NNEWI-NORTH-NNEWI-SOUTH.pdf
Anambra,NNEWI NORTH/NNEWI SOUTH/EKWUSIGO,FC/036/AN,7,NZEWI DEBORAH NJIDEKA,F,DPP,52,,Anambra_NNEWI-NORTH-NNEWI-SOUTH.pdf
Anambra,NNEWI NORTH/NNEWI SOUTH/EKWUSIGO,FC/036/AN,8,ONYEDIKA OSIGWE MACAULEY,M,ID,26,,Anambra_NNEWI-NORTH-NNEWI-SOUTH.pdf
Anambra,NNEWI NORTH/NNEWI SOUTH/EKWUSIGO,FC/036/AN,9,CHRIS IFEANYICHUKWU OFOJUA,M,JMPP,17,,Anambra_NNEWI-NORTH-NNEWI-SOUTH.pdf
Anambra,NNEWI NORTH/NNEWI SOUTH/EKWUSIGO,FC/036/AN,10,ONYILIOHA ADAOBI A.,F,KP,6,,Anambra_NNEWI-NORTH-NNEWI-SOUTH.pdf
Anambra,NNEWI NORTH/NNEWI SOUTH/EKWUSIGO,FC/036/AN,11,LOUIS OFOEGBU JOHN,M,LM,6,,Anambra_NNEWI-NORTH-NNEWI-SOUTH.pdf
Anambra,NNEWI NORTH/NNEWI SOUTH/EKWUSIGO,FC/036/AN,12,IKEGWUONU ONYEDIKA,M,LP,84,,Anambra_NNEWI-NORTH-NNEWI-SOUTH.pdf
Anambra,NNEWI NORTH/NNEWI SOUTH/EKWUSIGO,FC/036/AN,13,ONONIGBO CYPRIAN,M,NDLP,11,,Anambra_NNEWI-NORTH-NNEWI-SOUTH.pdf
Anambra,NNEWI NORTH/NNEWI SOUTH/EKWUSIGO,FC/036/AN,14,NSOFOR HUMPHREY CHUKWUEMEKA,M,PDC,107,,Anambra_NNEWI-NORTH-NNEWI-SOUTH.pdf
Anambra,NNEWI NORTH/NNEWI SOUTH/EKWUSIGO,FC/036/AN,15,CHRIS EMEKA AZUBOGU,M,PDP,54533,DECLARED ELECTED,Anambra_NNEWI-NORTH-NNEWI-SOUTH.pdf
Anambra,NNEWI NORTH/NNEWI SOUTH/EKWUSIGO,FC/036/AN,16,FRANCES ABADIKE,M,PPC,205,,Anambra_NNEWI-NORTH-NNEWI-SOUTH.pdf
Anambra,NNEWI NORTH/NNEWI SOUTH/EKWUSIGO,FC/036/AN,17,MADU NKIRUKA CONSTANCE,F,PPP,38,,Anambra_NNEWI-NORTH-NNEWI-SOUTH.pdf
Anambra,NNEWI NORTH/NNEWI SOUTH/EKWUSIGO,FC/036/AN,18,SYLVESTER OKAFOR CHUKA,M,SDP,358,,Anambra_NNEWI-NORTH-NNEWI-SOUTH.pdf
Anambra,NNEWI NORTH/NNEWI SOUTH/EKWUSIGO,FC/036/AN,19,UGWUEZUMBA MOSES,M,UDP,8,,Anambra_NNEWI-NORTH-NNEWI-SOUTH.pdf
Anambra,NNEWI NORTH/NNEWI SOUTH/EKWUSIGO,FC/036/AN,20,DIKE ERIC ONYEBUCHI,M,UPP,180,,Anambra_NNEWI-NORTH-NNEWI-SOUTH.pdf
Anambra,NNEWI NORTH/NNEWI SOUTH/EKWUSIGO,FC/036/AN,21,ASOEGWU NONSO STEPHEN,M,YPP,3394,,Anambra_NNEWI-NORTH-NNEWI-SOUTH.pdf
Anambra,OGBARU,FC/029/AN,1,CHUKWUMA GODSWILL NDUBUISI,M,ACD,4,,Anambra_OGBARU.pdf
Anambra,OGBARU,FC/029/AN,2,NWACHUKWU VICTOR,M,ADC,799,,Anambra_OGBARU.pdf
Anambra,OGBARU,FC/029/AN,3,NWANKWO IJEOMA BLESSING,F,AGAP,1826,,Anambra_OGBARU.pdf
Anambra,OGBARU,FC/029/AN,4,CALISTA C NWACHUKWU,F,APC,1327,,Anambra_OGBARU.pdf
Anambra,OGBARU,FC/029/AN,5,NWAEBILI CHINWE CLARE,F,APGA,4551,,Anambra_OGBARU.pdf
Anambra,OGBARU,FC/029/AN,6,IHESI EVANS ONYEANWUNA,M,ID,0,,Anambra_OGBARU.pdf
Anambra,OGBARU,FC/029/AN,7,OPARA KELECHI MAXIMUS,M,JMPP,0,,Anambra_OGBARU.pdf
Anambra,OGBARU,FC/029/AN,8,NWAFILI OKWUOSA MARK,M,MPN,4,,Anambra_OGBARU.pdf
Anambra,OGBARU,FC/029/AN,9,ELOCHUKWU NNAWULU CHUKWUEMEKA,M,PDC,219,,Anambra_OGBARU.pdf
Anambra,OGBARU,FC/029/AN,10,ONYEMA CHUKWUKA WILFRED,M,PDP,21077,DECLARED ELECTED,Anambra_OGBARU.pdf
Anambra,OGBARU,FC/029/AN,11,ALFRED CHUKWUNONSO MICHAEL,M,PPP,14,,Anambra_OGBARU.pdf
Anambra,OGBARU,FC/029/AN,12,OGBONNA MARY EBELE,F,SDP,4,,Anambra_OGBARU.pdf
Anambra,OGBARU,FC/029/AN,13,ONWUEME AMARACHI GLORIA,F,UPP,5,,Anambra_OGBARU.pdf
Anambra,OGBARU,FC/029/AN,14,DANIEL OBI ONYEKA,M,YPP,36,,Anambra_OGBARU.pdf
Anambra,ONITSHA NORTH/ONISHA SOUTH,FC/028/AN,1,OTIMKPU PASCHAL CHIZOBA,M,ACD,6,,Anambra_ONITSHA-NORTH-ONISHA-SOUTH.pdf
Anambra,ONITSHA NORTH/ONISHA SOUTH,FC/028/AN,2,OFOJEBE AUGUSTINA UDEGO,F,ADC,19,,Anambra_ONITSHA-NORTH-ONISHA-SOUTH.pdf
Anambra,ONITSHA NORTH/ONISHA SOUTH,FC/028/AN,3,ELDER SAMUEL EKWREAKU,M,AGAP,43,,Anambra_ONITSHA-NORTH-ONISHA-SOUTH.pdf
Anambra,ONITSHA NORTH/ONISHA SOUTH,FC/028/AN,4,MBANEFO MICHAEL AZUBUIKE NCHEKWUBE,M,APC,1258,,Anambra_ONITSHA-NORTH-ONISHA-SOUTH.pdf
Anambra,ONITSHA NORTH/ONISHA SOUTH,FC/028/AN,5,PATRICK OBIANWU NWACHI,M,APGA,12145,,Anambra_ONITSHA-NORTH-ONISHA-SOUTH.pdf
Anambra,ONITSHA NORTH/ONISHA SOUTH,FC/028/AN,6,CHINELO M. OJEKWE,F,DPP,31,,Anambra_ONITSHA-NORTH-ONISHA-SOUTH.pdf
Anambra,ONITSHA NORTH/ONISHA SOUTH,FC/028/AN,7,SUNDAY IGWEBUIKE,M,ID,2,,Anambra_ONITSHA-NORTH-ONISHA-SOUTH.pdf
Anambra,ONITSHA NORTH/ONISHA SOUTH,FC/028/AN,8,OBIAJULU BENEDICT IZUCHUKWU,M,JMPP,2,,Anambra_ONITSHA-NORTH-ONISHA-SOUTH.pdf
Anambra,ONITSHA NORTH/ONISHA SOUTH,FC/028/AN,9,EMMANUEL CHUKWUNONYE UCHE,M,KP,2,,Anambra_ONITSHA-NORTH-ONISHA-SOUTH.pdf
Anambra,ONITSHA NORTH/ONISHA SOUTH,FC/028/AN,10,NWACHUKWU EBO BENJAMIN,M,MPN,9,,Anambra_ONITSHA-NORTH-ONISHA-SOUTH.pdf
Anambra,ONITSHA NORTH/ONISHA SOUTH,FC/028/AN,11,EGWUATU EJIOFOR FREDRICK ARINZE,M,PDC,143,,Anambra_ONITSHA-NORTH-ONISHA-SOUTH.pdf
Anambra,ONITSHA NORTH/ONISHA SOUTH,FC/028/AN,12,LYNDA CHUBA IKPEAZU,F,PDP,55103,DECLARED ELECTED,Anambra_ONITSHA-NORTH-ONISHA-SOUTH.pdf
Anambra,ONITSHA NORTH/ONISHA SOUTH,FC/028/AN,13,AKUBUIKE NNAEMEKA,M,PPP,22,,Anambra_ONITSHA-NORTH-ONISHA-SOUTH.pdf
Anambra,ONITSHA NORTH/ONISHA SOUTH,FC/028/AN,14,NWOBODO IFEOMA CHRISTIANA,F,SDP,31,,Anambra_ONITSHA-NORTH-ONISHA-SOUTH.pdf
Anambra,ONITSHA NORTH/ONISHA SOUTH,FC/028/AN,15,NWAFOR ONYEKA YOUNG,M,UPP,485,,Anambra_ONITSHA-NORTH-ONISHA-SOUTH.pdf
Anambra,ORUMBA NORTH/ORUMBA SOUTH,FC/037/AN,1,EZEONWUKA SOPULUCHUKWU ELBERT,M,A,538,,Anambra_ORUMBA-NORTH-ORUMBA-SOUTH-1.pdf
Anambra,ORUMBA NORTH/ORUMBA SOUTH,FC/037/AN,2,UCHENNA LEONARD OKONKWO OKOM,M,APC,2426,,Anambra_ORUMBA-NORTH-ORUMBA-SOUTH-1.pdf
Anambra,ORUMBA NORTH/ORUMBA SOUTH,FC/037/AN,3,EZENWANKWO OKWUDILI CHRISTOPHER,M,APGA,16307,DECLARED ELECTED,Anambra_ORUMBA-NORTH-ORUMBA-SOUTH-1.pdf
Anambra,ORUMBA NORTH/ORUMBA SOUTH,FC/037/AN,4,NWANKWO CHINELO,F,PDP,10540,,Anambra_ORUMBA-NORTH-ORUMBA-SOUTH-1.pdf
Anambra,ORUMBA NORTH/ORUMBA SOUTH,FC/037/AN,5,PRINCESS CHINWE NNABUIFE CLARA,F,YPP,14751,,Anambra_ORUMBA-NORTH-ORUMBA-SOUTH-1.pdf
Anambra,OYI/AYAMELUM,FC/031/AN,1,BAR. VINCENT OFUMELU,M,PDP,26195,DECLARED ELECTED,Anambra_OYI-AYAMELUM.pdf
Anambra,OYI/AYAMELUM,FC/031/AN,2,EKENE ENEFE,M,APGA,17185,,Anambra_OYI-AYAMELUM.pdf
Anambra,OYI/AYAMELUM,FC/031/AN,3,CHINEDU ELUEMUNOH,M,APC,4238,,Anambra_OYI-AYAMELUM.pdf
Bauchi,BAUCHI,FC/039/BA,1,RABIU ADAMU,M,ABP,35,,Bauchi_ALKALERIKIRFI.pdf
Bauchi,BAUCHI,FC/039/BA,2,ABDULLAHI ADAMU,M,ACD,333,,Bauchi_ALKALERIKIRFI.pdf
Bauchi,BAUCHI,FC/039/BA,3,UMAR ABUBAKAR,M,ADC,348,,Bauchi_ALKALERIKIRFI.pdf
Bauchi,BAUCHI,FC/039/BA,4,MUHAMMED SABO .C,M,APC,53470,,Bauchi_ALKALERIKIRFI.pdf
Bauchi,BAUCHI,FC/039/BA,5,ABDULRAHMAN KAWU,M,APM,148,,Bauchi_ALKALERIKIRFI.pdf
Bauchi,BAUCHI,FC/039/BA,6,JIBRIN YAKUBU .H,M,APP,382,,Bauchi_ALKALERIKIRFI.pdf
Bauchi,BAUCHI,FC/039/BA,7,LAWAN SALISU,M,DPC,37,,Bauchi_ALKALERIKIRFI.pdf
Bauchi,BAUCHI,FC/039/BA,8,JIBRIN ADAMU,M,GPN,595,,Bauchi_ALKALERIKIRFI.pdf
Bauchi,BAUCHI,FC/039/BA,9,MUHAMMAD HAMIDU,M,JMPP,26,,Bauchi_ALKALERIKIRFI.pdf
Bauchi,BAUCHI,FC/039/BA,10,EL-MANSUR ISAH,M,MAJA,27,,Bauchi_ALKALERIKIRFI.pdf
Bauchi,BAUCHI,FC/039/BA,11,HABILA ALI,M,MMN,28,,Bauchi_ALKALERIKIRFI.pdf
Bauchi,BAUCHI,FC/039/BA,12,SANI ZUBAIRU,M,NNPP,4266,,Bauchi_ALKALERIKIRFI.pdf
Bauchi,BAUCHI,FC/039/BA,13,AHMAD CAPTAIN .Y,M,NRM,23,,Bauchi_ALKALERIKIRFI.pdf
Bauchi,BAUCHI,FC/039/BA,14,AMINU ALIYU .G,M,PDP,43727,,Bauchi_ALKALERIKIRFI.pdf
Bauchi,BAUCHI,FC/039/BA,15,ABDULLAHI YAKUBU.S,M,PRP,69088,DECLARED ELECTED,Bauchi_ALKALERIKIRFI.pdf
Bauchi,BAUCHI,FC/039/BA,16,FAROUK AHMED .U,M,SDP,133,,Bauchi_ALKALERIKIRFI.pdf
Bauchi,BAUCHI,FC/039/BA,17,DANJUMA AMINU,M,UPC,21,,Bauchi_ALKALERIKIRFI.pdf
Bauchi,DARAZO/ GANJUWA,FC/043/BA,1,SANI MAIKASUWA,M,ACD,30,,Bauchi_DARAZO-GANJUWA.pdf
Bauchi,DARAZO/ GANJUWA,FC/043/BA,2,BABALE SHEHU,M,ADC,176,,Bauchi_DARAZO-GANJUWA.pdf
Bauchi,DARAZO/ GANJUWA,FC/043/BA,3,MANU SORO .M,M,APC,45867,DECLARED ELECTED,Bauchi_DARAZO-GANJUWA.pdf
Bauchi,DARAZO/ GANJUWA,FC/043/BA,4,IDRIS BABAJI .A,M,APM,198,,Bauchi_DARAZO-GANJUWA.pdf
Bauchi,DARAZO/ GANJUWA,FC/043/BA,5,MUSTAPHA IBRAHIM,M,DA,87,,Bauchi_DARAZO-GANJUWA.pdf
Bauchi,DARAZO/ GANJUWA,FC/043/BA,6,ALIYU ABUBAKAR,M,DPC,93,,Bauchi_DARAZO-GANJUWA.pdf
Bauchi,DARAZO/ GANJUWA,FC/043/BA,7,UMARU IBRAHIM .A,M,GPN,1521,,Bauchi_DARAZO-GANJUWA.pdf
Bauchi,DARAZO/ GANJUWA,FC/043/BA,8,SALIU USMAN,M,MAJA,27,,Bauchi_DARAZO-GANJUWA.pdf
Bauchi,DARAZO/ GANJUWA,FC/043/BA,9,ADAMU MAGAJI,M,NNPP,3580,,Bauchi_DARAZO-GANJUWA.pdf
Bauchi,DARAZO/ GANJUWA,FC/043/BA,10,BELLO ABUBAKAR .M,M,NRM,66,,Bauchi_DARAZO-GANJUWA.pdf
Bauchi,DARAZO/ GANJUWA,FC/043/BA,11,ADAMU MUSA .T,M,PDC,202,,Bauchi_DARAZO-GANJUWA.pdf
Bauchi,DARAZO/ GANJUWA,FC/043/BA,12,IBRAHIM HASSAN .G,M,PDP,19897,,Bauchi_DARAZO-GANJUWA.pdf
Bauchi,DARAZO/ GANJUWA,FC/043/BA,13,DAYYABU CHIROMA,M,PRP,20988,,Bauchi_DARAZO-GANJUWA.pdf
Bauchi,DARAZO/ GANJUWA,FC/043/BA,14,ABDULLAHI MILLA,M,SDP,84,,Bauchi_DARAZO-GANJUWA.pdf
Bauchi,DASS/TAFAWA BALEWA/BOGORO,FC/040/BA,1,,,A,7,,Bauchi_DASS-TAFAWA-BALEWA-BOGORO.pdf
Bauchi,DASS/TAFAWA BALEWA/BOGORO,FC/040/BA,2,,,ABP,31,,Bauchi_DASS-TAFAWA-BALEWA-BOGORO.pdf
Bauchi,DASS/TAFAWA BALEWA/BOGORO,FC/040/BA,3,,,ACD,8,,Bauchi_DASS-TAFAWA-BALEWA-BOGORO.pdf
Bauchi,DASS/TAFAWA BALEWA/BOGORO,FC/040/BA,4,,,ADC,118,,Bauchi_DASS-TAFAWA-BALEWA-BOGORO.pdf
Bauchi,DASS/TAFAWA BALEWA/BOGORO,FC/040/BA,5,DALHATU ABUBAKAR .K,M,APC,50078,,Bauchi_DASS-TAFAWA-BALEWA-BOGORO.pdf
Bauchi,DASS/TAFAWA BALEWA/BOGORO,FC/040/BA,6,,,APM,41,,Bauchi_DASS-TAFAWA-BALEWA-BOGORO.pdf
Bauchi,DASS/TAFAWA BALEWA/BOGORO,FC/040/BA,7,,,APP,18,,Bauchi_DASS-TAFAWA-BALEWA-BOGORO.pdf
Bauchi,DASS/TAFAWA BALEWA/BOGORO,FC/040/BA,8,,,DA,35,,Bauchi_DASS-TAFAWA-BALEWA-BOGORO.pdf
Bauchi,DASS/TAFAWA BALEWA/BOGORO,FC/040/BA,9,,,DPC,21,,Bauchi_DASS-TAFAWA-BALEWA-BOGORO.pdf
Bauchi,DASS/TAFAWA BALEWA/BOGORO,FC/040/BA,10,,,GPN,16,,Bauchi_DASS-TAFAWA-BALEWA-BOGORO.pdf
Bauchi,DASS/TAFAWA BALEWA/BOGORO,FC/040/BA,11,,,JMPP,4,,Bauchi_DASS-TAFAWA-BALEWA-BOGORO.pdf
Bauchi,DASS/TAFAWA BALEWA/BOGORO,FC/040/BA,12,,,MAJA,9,,Bauchi_DASS-TAFAWA-BALEWA-BOGORO.pdf
Bauchi,DASS/TAFAWA BALEWA/BOGORO,FC/040/BA,13,,,MMN,22,,Bauchi_DASS-TAFAWA-BALEWA-BOGORO.pdf
Bauchi,DASS/TAFAWA BALEWA/BOGORO,FC/040/BA,14,BARR. SAMAILA IDRIS,M,NNPP,1675,,Bauchi_DASS-TAFAWA-BALEWA-BOGORO.pdf
Bauchi,DASS/TAFAWA BALEWA/BOGORO,FC/040/BA,15,,,NRM,17,,Bauchi_DASS-TAFAWA-BALEWA-BOGORO.pdf
Bauchi,DASS/TAFAWA BALEWA/BOGORO,FC/040/BA,16,,,PDC,289,,Bauchi_DASS-TAFAWA-BALEWA-BOGORO.pdf
Bauchi,DASS/TAFAWA BALEWA/BOGORO,FC/040/BA,17,RT.HON.YAUBU DOGARA,,PDP,73609,DECLARED ELECTED,Bauchi_DASS-TAFAWA-BALEWA-BOGORO.pdf
Bauchi,DASS/TAFAWA BALEWA/BOGORO,FC/040/BA,18,,,PPN,39,,Bauchi_DASS-TAFAWA-BALEWA-BOGORO.pdf
Bauchi,DASS/TAFAWA BALEWA/BOGORO,FC/040/BA,19,,,PRP,388,,Bauchi_DASS-TAFAWA-BALEWA-BOGORO.pdf
Bauchi,DASS/TAFAWA BALEWA/BOGORO,FC/040/BA,20,,,SDP,13,,Bauchi_DASS-TAFAWA-BALEWA-BOGORO.pdf
Bauchi,DASS/TAFAWA BALEWA/BOGORO,FC/040/BA,21,,,UPC,1,,Bauchi_DASS-TAFAWA-BALEWA-BOGORO.pdf
Bauchi,DASS/TAFAWA BALEWA/BOGORO,FC/040/BA,22,,,PPC,4,,Bauchi_DASS-TAFAWA-BALEWA-BOGORO.pdf
Bauchi,DASS/TAFAWA BALEWA/BOGORO,FC/040/BA,23,,,APN,22,,Bauchi_DASS-TAFAWA-BALEWA-BOGORO.pdf
Bauchi,DASS/TAFAWA BALEWA/BOGORO,FC/040/BA,24,,,NPM,2,,Bauchi_DASS-TAFAWA-BALEWA-BOGORO.pdf
Bauchi,DASS/TAFAWA BALEWA/BOGORO,FC/040/BA,25,,,APA,5,,Bauchi_DASS-TAFAWA-BALEWA-BOGORO.pdf
Bauchi,DASS/TAFAWA BALEWA/BOGORO,FC/040/BA,26,,,PPA,1,,Bauchi_DASS-TAFAWA-BALEWA-BOGORO.pdf
Bauchi,DASS/TAFAWA BALEWA/BOGORO,FC/040/BA,27,,,RPN,2,,Bauchi_DASS-TAFAWA-BALEWA-BOGORO.pdf
Bauchi,DASS/TAFAWA BALEWA/BOGORO,FC/040/BA,28,,,PDM,1,,Bauchi_DASS-TAFAWA-BALEWA-BOGORO.pdf
Bauchi,DASS/TAFAWA BALEWA/BOGORO,FC/040/BA,29,,,NPC,2,,Bauchi_DASS-TAFAWA-BALEWA-BOGORO.pdf
Bauchi,DASS/TAFAWA BALEWA/BOGORO,FC/040/BA,30,,,NPC,21,,Bauchi_DASS-TAFAWA-BALEWA-BOGORO.pdf
Bauchi,DASS/TAFAWA BALEWA/BOGORO,FC/040/BA,31,,,PCP,4,,Bauchi_DASS-TAFAWA-BALEWA-BOGORO.pdf
Bauchi,DASS/TAFAWA BALEWA/BOGORO,FC/040/BA,32,,,NPP,1,,Bauchi_DASS-TAFAWA-BALEWA-BOGORO.pdf
Bauchi,DASS/TAFAWA BALEWA/BOGORO,FC/040/BA,33,,,GNPP,9,,Bauchi_DASS-TAFAWA-BALEWA-BOGORO.pdf
Bauchi,DASS/TAFAWA BALEWA/BOGORO,FC/040/BA,34,,,ANPP,33,,Bauchi_DASS-TAFAWA-BALEWA-BOGORO.pdf
Bauchi,DASS/TAFAWA BALEWA/BOGORO,FC/040/BA,35,,,AMP,1,,Bauchi_DASS-TAFAWA-BALEWA-BOGORO.pdf
Bauchi,DASS/TAFAWA BALEWA/BOGORO,FC/040/BA,36,,,ADC,1,,Bauchi_DASS-TAFAWA-BALEWA-BOGORO.pdf
Bauchi,DASS/TAFAWA BALEWA/BOGORO,FC/040/BA,37,,,APD,1,,Bauchi_DASS-TAFAWA-BALEWA-BOGORO.pdf
Bauchi,DASS/TAFAWA BALEWA/BOGORO,FC/040/BA,38,,,ABP,10,,Bauchi_DASS-TAFAWA-BALEWA-BOGORO.pdf
Bauchi,DASS/TAFAWA BALEWA/BOGORO,FC/040/BA,39,,,JNP,14,,Bauchi_DASS-TAFAWA-BALEWA-BOGORO.pdf
Bauchi,DASS/TAFAWA BALEWA/BOGORO,FC/040/BA,40,,,PPM,1,,Bauchi_DASS-TAFAWA-BALEWA-BOGORO.pdf
Bauchi,DASS/TAFAWA BALEWA/BOGORO,FC/040/BA,41,,,P.PARTY,1,,Bauchi_DASS-TAFAWA-BALEWA-BOGORO.pdf
Bauchi,DASS/TAFAWA BALEWA/BOGORO,FC/040/BA,42,,,URM,10,,Bauchi_DASS-TAFAWA-BALEWA-BOGORO.pdf
Bauchi,DASS/TAFAWA BALEWA/BOGORO,FC/040/BA,43,,,DPN,2,,Bauchi_DASS-TAFAWA-BALEWA-BOGORO.pdf
Bauchi,DASS/TAFAWA BALEWA/BOGORO,FC/040/BA,44,,,PDC,3,,Bauchi_DASS-TAFAWA-BALEWA-BOGORO.pdf
Bauchi,DASS/TAFAWA BALEWA/BOGORO,FC/040/BA,45,,,GPC,4,,Bauchi_DASS-TAFAWA-BALEWA-BOGORO.pdf
Bauchi,DASS/TAFAWA BALEWA/BOGORO,FC/040/BA,46,,,DCP,8,,Bauchi_DASS-TAFAWA-BALEWA-BOGORO.pdf
Bauchi,DASS/TAFAWA BALEWA/BOGORO,FC/040/BA,47,,,UPC,7,,Bauchi_DASS-TAFAWA-BALEWA-BOGORO.pdf
Bauchi,DASS/TAFAWA BALEWA/BOGORO,FC/040/BA,48,,,AND,1,,Bauchi_DASS-TAFAWA-BALEWA-BOGORO.pdf
Bauchi,DASS/TAFAWA BALEWA/BOGORO,FC/040/BA,49,,,NRD,2,,Bauchi_DASS-TAFAWA-BALEWA-BOGORO.pdf
Bauchi,DASS/TAFAWA BALEWA/BOGORO,FC/040/BA,50,,,ADP,2,,Bauchi_DASS-TAFAWA-BALEWA-BOGORO.pdf
Bauchi,GAMAWA,FC/046/BA,1,DAHIRU ALHAJI,M,ACD,51,,Bauchi_GAMAWA.pdf
Bauchi,GAMAWA,FC/046/BA,2,BASHIR UMAR .D,M,ADC,64,,Bauchi_GAMAWA.pdf
Bauchi,GAMAWA,FC/046/BA,3,GARBA GOLOLO .M,M,APC,16605,DECLARED ELECTED,Bauchi_GAMAWA.pdf
Bauchi,GAMAWA,FC/046/BA,4,ALHAJI UMAR,M,APP,21,,Bauchi_GAMAWA.pdf
Bauchi,GAMAWA,FC/046/BA,5,UMAR HUSSAINI,M,DPC,17,,Bauchi_GAMAWA.pdf
Bauchi,GAMAWA,FC/046/BA,6,MUSTAPHA ABDUL,M,GPN,233,,Bauchi_GAMAWA.pdf
Bauchi,GAMAWA,FC/046/BA,7,IBRAHIM ALIYU,M,MAJA,5,,Bauchi_GAMAWA.pdf
Bauchi,GAMAWA,FC/046/BA,8,ISA MOHAMMED,M,NNPP,12748,,Bauchi_GAMAWA.pdf
Bauchi,GAMAWA,FC/046/BA,9,AHMED MADAKI,M,PDP,9111,,Bauchi_GAMAWA.pdf
Bauchi,GAMAWA,FC/046/BA,10,WAZIRI ISA,M,PRP,84,,Bauchi_GAMAWA.pdf
Bauchi,GAMAWA,FC/046/BA,11,ALHAJI ISNAIN,M,SDP,6,,Bauchi_GAMAWA.pdf
Bauchi,JAMARE/IFAS GADAM,FC/047/BA,1,IBRAHIM SABO .U,M,A,5025,,Bauchi_JAMARE-IFAS-GADAM.pdf
Bauchi,JAMARE/IFAS GADAM,FC/047/BA,2,UBA BASHIR .M,M,APC,32553,DECLARED ELECTED,Bauchi_JAMARE-IFAS-GADAM.pdf
Bauchi,JAMARE/IFAS GADAM,FC/047/BA,3,AHMED ABDULKADIR /M,M,PDP,13581,,Bauchi_JAMARE-IFAS-GADAM.pdf
Bauchi,JAMARE/IFAS GADAM,FC/047/BA,4,ADAMU GARBA,M,NNPP,10612,,Bauchi_JAMARE-IFAS-GADAM.pdf
Bauchi,JAMARE/IFAS GADAM,FC/047/BA,5,ABDU BAKO,M,SDP,2530,,Bauchi_JAMARE-IFAS-GADAM.pdf
Bauchi,JAMARE/IFAS GADAM,FC/047/BA,6,MAHMOOD ABDULMALIK,M,MAJA,35,,Bauchi_JAMARE-IFAS-GADAM.pdf
Bauchi,JAMARE/IFAS GADAM,FC/047/BA,7,AMINU DAHIRU .A,M,ACD,58,,Bauchi_JAMARE-IFAS-GADAM.pdf
Bauchi,JAMARE/IFAS GADAM,FC/047/BA,8,SALEHI ISA,M,ADC,89,,Bauchi_JAMARE-IFAS-GADAM.pdf
Bauchi,JAMARE/IFAS GADAM,FC/047/BA,9,SANI BALA,M,JMPP,8,,Bauchi_JAMARE-IFAS-GADAM.pdf
Bauchi,KATAGUM,FC/049/BA,1,SALE MALAM .B,M,ACD,63,,Bauchi_KATAGUM.pdf
Bauchi,KATAGUM,FC/049/BA,2,LIMAN HASSAN,M,ADC,70,,Bauchi_KATAGUM.pdf
Bauchi,KATAGUM,FC/049/BA,3,BABA IBRAHIM .M,M,APC,18976,,Bauchi_KATAGUM.pdf
Bauchi,KATAGUM,FC/049/BA,4,MUAZU SULAIMAN,M,DA,105,,Bauchi_KATAGUM.pdf
Bauchi,KATAGUM,FC/049/BA,5,MOHAMMED ABUBAKAR,M,GNP,83,,Bauchi_KATAGUM.pdf
Bauchi,KATAGUM,FC/049/BA,6,ABUBAKAR ADBU,M,MAJA,6,,Bauchi_KATAGUM.pdf
Bauchi,KATAGUM,FC/049/BA,7,GARBA DOGO .M,M,NNPP,8983,,Bauchi_KATAGUM.pdf
Bauchi,KATAGUM,FC/049/BA,8,MAULA ADAMU .A,M,PDP,4867,,Bauchi_KATAGUM.pdf
Bauchi,KATAGUM,FC/049/BA,9,WAZIRI ABUBAKAR,M,PPN,19,,Bauchi_KATAGUM.pdf
Bauchi,KATAGUM,FC/049/BA,10,UMAR ABDULKADIR .S,M,PRP,23680,DECLARED ELECTED,Bauchi_KATAGUM.pdf
Bauchi,KATAGUM,FC/049/BA,11,AWALU AZARE,M,SDP,22,,Bauchi_KATAGUM.pdf
Bauchi,MISAU DABAM,FC/044/BA,1,MOHAMMED BAYI,M,ACD,343,,Bauchi_MISAU-DABAM.pdf
Bauchi,MISAU DABAM,FC/044/BA,2,KAWU MOHAMMED,M,ADC,135,,Bauchi_MISAU-DABAM.pdf
Bauchi,MISAU DABAM,FC/044/BA,3,MAKAMA MISAU,M,APC,24212,DECLARED ELECTED,Bauchi_MISAU-DABAM.pdf
Bauchi,MISAU DABAM,FC/044/BA,4,SADIQ ABUBAKAR,M,APM,182,,Bauchi_MISAU-DABAM.pdf
Bauchi,MISAU DABAM,FC/044/BA,5,IBRAHIM ALIYU,M,DPC,301,,Bauchi_MISAU-DABAM.pdf
Bauchi,MISAU DABAM,FC/044/BA,6,IDRIS ABUBAKAR,M,GPN,454,,Bauchi_MISAU-DABAM.pdf
Bauchi,MISAU DABAM,FC/044/BA,7,MOHAMMED DAI-YABU,M,MAJA,23,,Bauchi_MISAU-DABAM.pdf
Bauchi,MISAU DABAM,FC/044/BA,8,ADAMU UMAR,M,NNPP,6094,,Bauchi_MISAU-DABAM.pdf
Bauchi,MISAU DABAM,FC/044/BA,9,AHMED YARIMA,M,PDP,14594,,Bauchi_MISAU-DABAM.pdf
Bauchi,MISAU DABAM,FC/044/BA,10,BABA ALIYU .G,M,PRP,11092,,Bauchi_MISAU-DABAM.pdf
Bauchi,MISAU DABAM,FC/044/BA,11,ABUBAKAR AHMED,M,SDP,9524,,Bauchi_MISAU-DABAM.pdf
Bauchi,NINJI/WARJI,FC/042/BA,1,SANI HALADU .J,M,ACD,24,,Bauchi_NINJI-WARJI.pdf
Bauchi,NINJI/WARJI,FC/042/BA,2,UMAR ISAH .N,M,ADC,119,,Bauchi_NINJI-WARJI.pdf
Bauchi,NINJI/WARJI,FC/042/BA,3,ABDULKADIR SAAD .A,M,APC,48303,DECLARED ELECTED,Bauchi_NINJI-WARJI.pdf
Bauchi,NINJI/WARJI,FC/042/BA,4,SALISU ABDULHAMID,M,APP,21,,Bauchi_NINJI-WARJI.pdf
Bauchi,NINJI/WARJI,FC/042/BA,5,NURA IDRIS,M,GPN,120,,Bauchi_NINJI-WARJI.pdf
Bauchi,NINJI/WARJI,FC/042/BA,6,YAHAYA NASIR,M,JMPP,7,,Bauchi_NINJI-WARJI.pdf
Bauchi,NINJI/WARJI,FC/042/BA,7,AISHA USMAN,F,MMN,31,,Bauchi_NINJI-WARJI.pdf
Bauchi,NINJI/WARJI,FC/042/BA,8,MOHAMMED SABO .A,M,NNPP,6066,,Bauchi_NINJI-WARJI.pdf
Bauchi,NINJI/WARJI,FC/042/BA,9,NASIRU SALE,M,PDC,202,,Bauchi_NINJI-WARJI.pdf
Bauchi,NINJI/WARJI,FC/042/BA,10,SALISU ZAKARI,M,PDP,20034,,Bauchi_NINJI-WARJI.pdf
Bauchi,NINJI/WARJI,FC/042/BA,11,ANDULMUMINI HASSAN,M,PRP,17242,,Bauchi_NINJI-WARJI.pdf
Bauchi,NINJI/WARJI,FC/042/BA,12,MUSA SHEHU,,SDP,35,,Bauchi_NINJI-WARJI.pdf
Bauchi,SHIRA/GAIDE,FC/048/BA,1,IBRAHIM HASSAN .U,M,ACD,74,,Bauchi_SHIRA-GAIDE.pdf
Bauchi,SHIRA/GAIDE,FC/048/BA,2,BALA SABO,M,ADC,146,,Bauchi_SHIRA-GAIDE.pdf
Bauchi,SHIRA/GAIDE,FC/048/BA,3,ABUBAKAR FAGGO .K,M,APC,25835,DECLARED ELECTED,Bauchi_SHIRA-GAIDE.pdf
Bauchi,SHIRA/GAIDE,FC/048/BA,4,SUPASO SANI,M,DA,45,,Bauchi_SHIRA-GAIDE.pdf
Bauchi,SHIRA/GAIDE,FC/048/BA,5,MUAZU SALIHU .H,M,GPN,3818,,Bauchi_SHIRA-GAIDE.pdf
Bauchi,SHIRA/GAIDE,FC/048/BA,6,MUHAMMED YAHAYA,M,MAJA,271,,Bauchi_SHIRA-GAIDE.pdf
Bauchi,SHIRA/GAIDE,FC/048/BA,7,BABAJI NAZEEF .A,M,NNPP,17372,,Bauchi_SHIRA-GAIDE.pdf
Bauchi,SHIRA/GAIDE,FC/048/BA,8,USMAN MUHAMMAD .S,M,PDP,10916,,Bauchi_SHIRA-GAIDE.pdf
Bauchi,SHIRA/GAIDE,FC/048/BA,9,AUWAL HASSAN,M,PRP,10037,,Bauchi_SHIRA-GAIDE.pdf
Bauchi,SHIRA/GAIDE,FC/048/BA,10,ISAHSUMAILA .M,M,SDP,23,,Bauchi_SHIRA-GAIDE.pdf
Bauchi,TORO,FC/041/BA,1,HAMZA INUWA .B,M,ACD,15,,Bauchi_TORO.pdf
Bauchi,TORO,FC/041/BA,2,KAWU BABALE .Z,M,ADC,107,,Bauchi_TORO.pdf
Bauchi,TORO,FC/041/BA,3,MUDA LAWAL .U,M,APC,66070,DECLARED ELECTED,Bauchi_TORO.pdf
Bauchi,TORO,FC/041/BA,4,TARI DAUDU .L,M,DA,6,,Bauchi_TORO.pdf
Bauchi,TORO,FC/041/BA,5,JIBRIN SHUA'IBU .A,M,GPN,4,,Bauchi_TORO.pdf
Bauchi,TORO,FC/041/BA,6,MAHMOOD HAMIDU,M,MAJA,7,,Bauchi_TORO.pdf
Bauchi,TORO,FC/041/BA,7,ISA MOHAMMED,M,NNPP,3,,Bauchi_TORO.pdf
Bauchi,TORO,FC/041/BA,8,SHEHU BUBA,M,PDP,30256,,Bauchi_TORO.pdf
Bauchi,TORO,FC/041/BA,9,HARUNA IBRAHIM,M,PRP,3042,,Bauchi_TORO.pdf
Bauchi,TORO,FC/041/BA,10,ISMAIL SHUAIBU.A,M,SDP,913,,Bauchi_TORO.pdf
Bauchi,TORO,FC/041/BA,11,YUSUF SULE,M,UPC,3,,Bauchi_TORO.pdf
Bauchi,ZAKI,FC/045/BA,1,TATA (ALH) OMAR,M,APC,15184,DECLARED ELECTED,Bauchi_ZAKI.pdf
Bauchi,ZAKI,FC/045/BA,2,MUHAMMAD AUWAL JATAU,M,PDP,14985,,Bauchi_ZAKI.pdf
Bayelsa,BRASS/NEMBE,FC/050/BY,1,EREFAGHA EBEN - SPIFF,M,ADC,1756,,Bayelsa_BRASS-NEMBE.pdf
Bayelsa,BRASS/NEMBE,FC/050/BY,2,ISRAEL SUNNY GOLI,M,APC,41150,DECLARED ELECTED,Bayelsa_BRASS-NEMBE.pdf
Bayelsa,BRASS/NEMBE,FC/050/BY,3,DEBO SEIGHA,M,APM,0,,Bayelsa_BRASS-NEMBE.pdf
Bayelsa,BRASS/NEMBE,FC/050/BY,4,OGETE NESTOR GILBERT,M,DA,24,,Bayelsa_BRASS-NEMBE.pdf
Bayelsa,BRASS/NEMBE,FC/050/BY,5,CHARLES OKOLO AYIBATARI LELEGITE,M,DPC,23,,Bayelsa_BRASS-NEMBE.pdf
Bayelsa,BRASS/NEMBE,FC/050/BY,6,KOROBO ONTOYE NATHANIEL,M,KP,8,,Bayelsa_BRASS-NEMBE.pdf
Bayelsa,BRASS/NEMBE,FC/050/BY,7,OWI FESTUS LIMAN,M,LP,132,,Bayelsa_BRASS-NEMBE.pdf
Bayelsa,BRASS/NEMBE,FC/050/BY,8,OGBOTOBO OPALI,M,NRM,15,,Bayelsa_BRASS-NEMBE.pdf
Bayelsa,BRASS/NEMBE,FC/050/BY,9,EBIKAKE MARIE ENENIMIETE,F,PDP,19279,,Bayelsa_BRASS-NEMBE.pdf
Bayelsa,BRASS/NEMBE,FC/050/BY,10,WARIMBOYE MICHEAL,M,PPN,8,,Bayelsa_BRASS-NEMBE.pdf
Bayelsa,BRASS/NEMBE,FC/050/BY,11,DOMOTIMI AMADEIN NATHAN,M,SDP,64,,Bayelsa_BRASS-NEMBE.pdf
Bayelsa,BRASS/NEMBE,FC/050/BY,12,TENGI ATONYE FAUSTINAH,F,YDP,0,,Bayelsa_BRASS-NEMBE.pdf
Bayelsa,BRASS/NEMBE,FC/050/BY,13,YOUSUO OKITIMOKO,M,ZLP,0,,Bayelsa_BRASS-NEMBE.pdf
Bayelsa,YENAGOA/KOLOKUMA-OPOKUMA,FC/054/BY,1,SAMUEL PRICILLIA,F,A,13,,Bayelsa_KOLOKUMA-OPOKUMA-YENAGOA.pdf
Bayelsa,YENAGOA/KOLOKUMA-OPOKUMA,FC/054/BY,2,IGOLIKUMO KWOKWO,M,ADC,137,,Bayelsa_KOLOKUMA-OPOKUMA-YENAGOA.pdf
Bayelsa,YENAGOA/KOLOKUMA-OPOKUMA,FC/054/BY,3,OPU-UGE OGIRIKI,M,ADP,215,,Bayelsa_KOLOKUMA-OPOKUMA-YENAGOA.pdf
Bayelsa,YENAGOA/KOLOKUMA-OPOKUMA,FC/054/BY,4,BLANKSON EDWIN OSOMKIME,M,APC,16993,,Bayelsa_KOLOKUMA-OPOKUMA-YENAGOA.pdf
Bayelsa,YENAGOA/KOLOKUMA-OPOKUMA,FC/054/BY,5,ABSON ABALABA,M,APM,77,,Bayelsa_KOLOKUMA-OPOKUMA-YENAGOA.pdf
Bayelsa,YENAGOA/KOLOKUMA-OPOKUMA,FC/054/BY,6,BARRO IDIDADE RAMSON,M,CAP,63,,Bayelsa_KOLOKUMA-OPOKUMA-YENAGOA.pdf
Bayelsa,YENAGOA/KOLOKUMA-OPOKUMA,FC/054/BY,7,GODAY WILSON,M,DA,21,,Bayelsa_KOLOKUMA-OPOKUMA-YENAGOA.pdf
Bayelsa,YENAGOA/KOLOKUMA-OPOKUMA,FC/054/BY,8,GBALIKUMA KEN GBALIGHA,M,FJP,29,,Bayelsa_KOLOKUMA-OPOKUMA-YENAGOA.pdf
Bayelsa,YENAGOA/KOLOKUMA-OPOKUMA,FC/054/BY,9,ZIDOUGHA ENEYI GIDEON ROLAND,M,GPN,19,,Bayelsa_KOLOKUMA-OPOKUMA-YENAGOA.pdf
Bayelsa,YENAGOA/KOLOKUMA-OPOKUMA,FC/054/BY,10,OSUOTO OVUAM LIGHT,M,LP,41,,Bayelsa_KOLOKUMA-OPOKUMA-YENAGOA.pdf
Bayelsa,YENAGOA/KOLOKUMA-OPOKUMA,FC/054/BY,11,JOHN OKUORU EBI IKPOLA,M,MPN,9,,Bayelsa_KOLOKUMA-OPOKUMA-YENAGOA.pdf
Bayelsa,YENAGOA/KOLOKUMA-OPOKUMA,FC/054/BY,12,JOSIAH-WILSON MUNENEZIBE HAROLD,M,NRM,78,,Bayelsa_KOLOKUMA-OPOKUMA-YENAGOA.pdf
Bayelsa,YENAGOA/KOLOKUMA-OPOKUMA,FC/054/BY,13,STEPHEN SINIKIEM AZAIKI,M,PDP,51638,DECLARED ELECTED,Bayelsa_KOLOKUMA-OPOKUMA-YENAGOA.pdf
Bayelsa,YENAGOA/KOLOKUMA-OPOKUMA,FC/054/BY,14,AUGUSTINE TIMINO-ODI,M,PPA,45,,Bayelsa_KOLOKUMA-OPOKUMA-YENAGOA.pdf
Bayelsa,YENAGOA/KOLOKUMA-OPOKUMA,FC/054/BY,15,AMBRUCE EZE,M,PPN,8,,Bayelsa_KOLOKUMA-OPOKUMA-YENAGOA.pdf
Bayelsa,YENAGOA/KOLOKUMA-OPOKUMA,FC/054/BY,16,GEOFFREY BONZEME OTOBO,M,RBNP,32,,Bayelsa_KOLOKUMA-OPOKUMA-YENAGOA.pdf
Bayelsa,YENAGOA/KOLOKUMA-OPOKUMA,FC/054/BY,17,OGBEKE PREYE JEFFREY,M,SDP,35,,Bayelsa_KOLOKUMA-OPOKUMA-YENAGOA.pdf
Bayelsa,YENAGOA/KOLOKUMA-OPOKUMA,FC/054/BY,18,INDIAMAOWEI BOLOUS SYLVIA,M,YDP,128,,Bayelsa_KOLOKUMA-OPOKUMA-YENAGOA.pdf
Bayelsa,YENAGOA/KOLOKUMA-OPOKUMA,FC/054/BY,19,OBESI OTASOME BENJAMIN,M,YPP,2,,Bayelsa_KOLOKUMA-OPOKUMA-YENAGOA.pdf
Bayelsa,YENAGOA/KOLOKUMA-OPOKUMA,FC/054/BY,20,NELSON ZUOBEM,M,ZLP,0,,Bayelsa_KOLOKUMA-OPOKUMA-YENAGOA.pdf
Bayelsa,OGBIA,FC/051/BY,1,SINCLAIR GEORGE ADIONI,F,A,140,,Bayelsa_OGBIA.pdf
Bayelsa,OGBIA,FC/051/BY,2,REX-OGBUKU JUDE AMIDITOR,M,ADC,9805,,Bayelsa_OGBIA.pdf
Bayelsa,OGBIA,FC/051/BY,3,SAMUEL OGBUKU,M,APC,7995,,Bayelsa_OGBIA.pdf
Bayelsa,OGBIA,FC/051/BY,4,YEMOLEIAHA TONYE FELIX,M,DA,37,,Bayelsa_OGBIA.pdf
Bayelsa,OGBIA,FC/051/BY,5,OSOMU AUGUSTUS,M,FJP,2917,,Bayelsa_OGBIA.pdf
Bayelsa,OGBIA,FC/051/BY,6,ITEKESI GOSPEL STAINLESS,M,GDPN,31,,Bayelsa_OGBIA.pdf
Bayelsa,OGBIA,FC/051/BY,7,EMESUA CLINTON NARU,M,LP,44,,Bayelsa_OGBIA.pdf
Bayelsa,OGBIA,FC/051/BY,8,EZE OBENA AZIBOLANARI,M,MMN,196,,Bayelsa_OGBIA.pdf
Bayelsa,OGBIA,FC/051/BY,9,OGOLI JOYFUL RICHARD,M,MPN,,,Bayelsa_OGBIA.pdf
Bayelsa,OGBIA,FC/051/BY,10,ONYE SAMUEL VICTOR,M,NRM,,,Bayelsa_OGBIA.pdf
Bayelsa,OGBIA,FC/051/BY,11,OBUA AZIBAPU FRED,M,PDP,12048,DECLARED ELECTED,Bayelsa_OGBIA.pdf
Bayelsa,OGBIA,FC/051/BY,12,HARCOURT EKPE JOHN,M,PT,,,Bayelsa_OGBIA.pdf
Bayelsa,OGBIA,FC/051/BY,13,ORIBO NAMIE EINSTEIN,M,SDP,10,,Bayelsa_OGBIA.pdf
Bayelsa,OGBIA,FC/051/BY,14,UFOT IBEBIERERE INNOCENT,M,UPN,,,Bayelsa_OGBIA.pdf
Bayelsa,OGBIA,FC/051/BY,15,AGALA COLLINS AZIBABHOM,M,ZLP,1,,Bayelsa_OGBIA.pdf
Bayelsa,SAGBAMA/EKEREMOR,FC/052/BY,1,PATRICK EREKPO EBIEM,F,A,10,,Bayelsa_SAGBAMA-EKEREMOR.pdf
Bayelsa,SAGBAMA/EKEREMOR,FC/052/BY,2,GBOMOR OYABRAMO ROSEMARY,F,AA,4,,Bayelsa_SAGBAMA-EKEREMOR.pdf
Bayelsa,SAGBAMA/EKEREMOR,FC/052/BY,3,OMULALA PIUS,M,ADC,173,,Bayelsa_SAGBAMA-EKEREMOR.pdf
Bayelsa,SAGBAMA/EKEREMOR,FC/052/BY,4,DAUNEMIGHA FAMOUS OROUPAFEBO,M,APC,19159,,Bayelsa_SAGBAMA-EKEREMOR.pdf
Bayelsa,SAGBAMA/EKEREMOR,FC/052/BY,5,SEIFEGHA O. PRONTO,M,APM,37,,Bayelsa_SAGBAMA-EKEREMOR.pdf
Bayelsa,SAGBAMA/EKEREMOR,FC/052/BY,6,MUSI THANKGOD,M,CAP,4,,Bayelsa_SAGBAMA-EKEREMOR.pdf
Bayelsa,SAGBAMA/EKEREMOR,FC/052/BY,7,WHISKY KINGSLEY SELEKEOWE,M,DA,15,,Bayelsa_SAGBAMA-EKEREMOR.pdf
Bayelsa,SAGBAMA/EKEREMOR,FC/052/BY,8,IGO ALFRED LARRY OYINMA,M,GDPN,5,,Bayelsa_SAGBAMA-EKEREMOR.pdf
Bayelsa,SAGBAMA/EKEREMOR,FC/052/BY,9,BOFEDE TORUSOU OKPORU,M,GPN,25,,Bayelsa_SAGBAMA-EKEREMOR.pdf
Bayelsa,SAGBAMA/EKEREMOR,FC/052/BY,10,EBITIMI THANKGOD KOLO,M,KP,3,,Bayelsa_SAGBAMA-EKEREMOR.pdf
Bayelsa,SAGBAMA/EKEREMOR,FC/052/BY,11,JOHN-TOBI SELEKEOWEI PENAOWEI KELVIN,M,LP,6,,Bayelsa_SAGBAMA-EKEREMOR.pdf
Bayelsa,SAGBAMA/EKEREMOR,FC/052/BY,12,EBIKEME KONBOYE INNOCENT,M,NRM,16,,Bayelsa_SAGBAMA-EKEREMOR.pdf
Bayelsa,SAGBAMA/EKEREMOR,FC/052/BY,13,AGBEDI YEITIEMONE FREDERICK,M,PDP,48078,DECLARED ELECTED,Bayelsa_SAGBAMA-EKEREMOR.pdf
Bayelsa,SAGBAMA/EKEREMOR,FC/052/BY,14,PERETU PATIENCE,F,PPA,23,,Bayelsa_SAGBAMA-EKEREMOR.pdf
Bayelsa,SAGBAMA/EKEREMOR,FC/052/BY,15,ISIAYIE JOHN KEMI,M,SDP,24,,Bayelsa_SAGBAMA-EKEREMOR.pdf
Bayelsa,SAGBAMA/EKEREMOR,FC/052/BY,16,EBOMU OYINDEINYIFA JOSEPH,M,UPC,3,,Bayelsa_SAGBAMA-EKEREMOR.pdf
Bayelsa,SAGBAMA/EKEREMOR,FC/052/BY,17,AGUA DIEPREYE,M,UPN,0,,Bayelsa_SAGBAMA-EKEREMOR.pdf
Bayelsa,SAGBAMA/EKEREMOR,FC/052/BY,18,AMGBARE BOMADI,M,YDP,122,,Bayelsa_SAGBAMA-EKEREMOR.pdf
Bayelsa,SAGBAMA/EKEREMOR,FC/052/BY,19,FULUDU EBIKPOLADE VINCENT,M,YPP,0,,Bayelsa_SAGBAMA-EKEREMOR.pdf
Bayelsa,SAGBAMA/EKEREMOR,FC/052/BY,20,ZAUKUMOR FUNGEOWEI SUPREME,M,ZLP,0,,Bayelsa_SAGBAMA-EKEREMOR.pdf
Bayelsa,SOUTHERN IJAW,FC/053/BY,1,MARK ASARI F,M,ADC,1230,,Bayelsa_SOUTHERN-IJAW.pdf
Bayelsa,SOUTHERN IJAW,FC/053/BY,2,JOHNSON A. EDWARD-FIERBAGHA,M,ANDP,12,,Bayelsa_SOUTHERN-IJAW.pdf
Bayelsa,SOUTHERN IJAW,FC/053/BY,3,PREYE INFLUENCE GOODLUCK OSEKE,M,APC,56804,DECLARED ELECTED,Bayelsa_SOUTHERN-IJAW.pdf
Bayelsa,SOUTHERN IJAW,FC/053/BY,4,WARIBELIMO AGALA OPUAKA,M,DA,6,,Bayelsa_SOUTHERN-IJAW.pdf
Bayelsa,SOUTHERN IJAW,FC/053/BY,5,SEGU DOUTUWA GEORGE,M,GDPN,0,,Bayelsa_SOUTHERN-IJAW.pdf
Bayelsa,SOUTHERN IJAW,FC/053/BY,6,EBIFEMOWEI IDUBAMO,M,GPN,1,,Bayelsa_SOUTHERN-IJAW.pdf
Bayelsa,SOUTHERN IJAW,FC/053/BY,7,OPUENE GODFREY FRIDAY,M,LP,22,,Bayelsa_SOUTHERN-IJAW.pdf
Bayelsa,SOUTHERN IJAW,FC/053/BY,8,DICKSON OWEIFIGHE BEINMO,F,MPN,0,,Bayelsa_SOUTHERN-IJAW.pdf
Bayelsa,SOUTHERN IJAW,FC/053/BY,9,FRANK-EKPUKE TIMI ALEX,M,NAC,14,,Bayelsa_SOUTHERN-IJAW.pdf
Bayelsa,SOUTHERN IJAW,FC/053/BY,10,ZIPREBO EMOMOTIMI PIUS,M,NRM,147,,Bayelsa_SOUTHERN-IJAW.pdf
Bayelsa,SOUTHERN IJAW,FC/053/BY,11,BENSON FRIDAY KONBOWEI,M,PDP,34105,,Bayelsa_SOUTHERN-IJAW.pdf
Bayelsa,SOUTHERN IJAW,FC/053/BY,12,ABULE SAVIOUR TARILA,M,PPA,6,,Bayelsa_SOUTHERN-IJAW.pdf
Bayelsa,SOUTHERN IJAW,FC/053/BY,13,BRIGIDI DICKSON BENJAMIN,M,PPN,1,,Bayelsa_SOUTHERN-IJAW.pdf
Bayelsa,SOUTHERN IJAW,FC/053/BY,14,EBIKI SELEMIEYESEICHE FAITHFUL,M,SDP,156,,Bayelsa_SOUTHERN-IJAW.pdf
Bayelsa,SOUTHERN IJAW,FC/053/BY,15,WOLO FELIX BIWORIYE,M,UPN,0,,Bayelsa_SOUTHERN-IJAW.pdf
Bayelsa,SOUTHERN IJAW,FC/053/BY,16,AYAH J. B. ETEIMO,M,YDP,37,,Bayelsa_SOUTHERN-IJAW.pdf
Bayelsa,SOUTHERN IJAW,FC/053/BY,17,NUMONTEI MESHACK SINTEI,M,YPP,0,,Bayelsa_SOUTHERN-IJAW.pdf
Benue,ADO/OBADIGBO/OKPOKWU,FC/055/BN,2,UNOGWU OCHE MICHAEL,M,APC,15371,,Benue_ADO-OBADIGBO-OKPOKWU.pdf
Benue,ADO/OBADIGBO/OKPOKWU,FC/055/BN,3,ADADU OGENYI WILLIAMS,M,APDA,626,,Benue_ADO-OBADIGBO-OKPOKWU.pdf
Benue,ADO/OBADIGBO/OKPOKWU,FC/055/BN,4,OTTAH FRANCIS AGBO,M,PDP,29340,DECLARED ELECTED,Benue_ADO-OBADIGBO-OKPOKWU.pdf
Benue,ADO/OBADIGBO/OKPOKWU,FC/055/BN,5,UJAH ADOYI PAUL,M,SDP,5526,,Benue_ADO-OBADIGBO-OKPOKWU.pdf
Benue,APA/AGATU,FC/056/BN,1,OJOH ANTHONY,M,ADC,43,,Benue_APA-AGATU.pdf
Benue,APA/AGATU,FC/056/BN,2,OGA MATTHEW OMALE,M,APC,6899,,Benue_APA-AGATU.pdf
Benue,APA/AGATU,FC/056/BN,3,ADA AJEIBI GABRIEL,M,JMPP,38,,Benue_APA-AGATU.pdf
Benue,APA/AGATU,FC/056/BN,4,GODDAY SAMUEL ODAGBOYI,M,LP,11109,DECLARED ELECTED,Benue_APA-AGATU.pdf
Benue,APA/AGATU,FC/056/BN,5,MIKE ALIDU MAGAJI,M,NCP,18,,Benue_APA-AGATU.pdf
Benue,APA/AGATU,FC/056/BN,6,JOSEPH ADEJOH,M,NEPP,198,,Benue_APA-AGATU.pdf
Benue,APA/AGATU,FC/056/BN,7,ADAMU OCHEPO ENTONU,M,PDP,10867,,Benue_APA-AGATU.pdf
Benue,APA/AGATU,FC/056/BN,8,ULEH ALICE,F,PPN,14,,Benue_APA-AGATU.pdf
Benue,APA/AGATU,FC/056/BN,9,JAMES EJEH MELVIN,M,SDP,2710,,Benue_APA-AGATU.pdf
Benue,BURUKU,FC/057/BN,1,AHULE JOHN IORHEMBA,M,ADC,25,,Benue_BURUKU.pdf
Benue,BURUKU,FC/057/BN,2,ITYAV JOSEPH TERFA,M,APC,13664,,Benue_BURUKU.pdf
Benue,BURUKU,FC/057/BN,3,JACOB AFATYO,M,DA,3,,Benue_BURUKU.pdf
Benue,BURUKU,FC/057/BN,4,AYANBE GABRIEL,M,JMPP,9,,Benue_BURUKU.pdf
Benue,BURUKU,FC/057/BN,5,DZUNVE JOSEPH ITYOAPINE KPENSALEN,M,LP,3123,,Benue_BURUKU.pdf
Benue,BURUKU,FC/057/BN,6,AGEBA MOSES TERKUMBUR,M,NCP,382,,Benue_BURUKU.pdf
Benue,BURUKU,FC/057/BN,7,KPAM JIMIN SOKPO,M,PDP,20804,DECLARED ELECTED,Benue_BURUKU.pdf
Benue,BURUKU,FC/057/BN,8,APESOUGH ALEXANDER OSCAR,M,PPN,739,,Benue_BURUKU.pdf
Benue,BURUKU,FC/057/BN,9,APKER UVA ELIJAH,M,PRP,107,,Benue_BURUKU.pdf
Benue,BURUKU,FC/057/BN,10,ADIKPO ISAIAH,M,PT,10,,Benue_BURUKU.pdf
Benue,BURUKU,FC/057/BN,11,TERHIDE TOUGH SAMUEL,M,SDP,2198,,Benue_BURUKU.pdf
Benue,BURUKU,FC/057/BN,12,VERSHIMA CLEMENT COLLINS ANYAKPA,M,ZLP,22,,Benue_BURUKU.pdf
Benue,GBOKO/TARKA,FC/058/BN,1,DAVID TERYIMA IORCAHA,M,ADC,95,,Benue_GBOKO-TARKA.pdf
Benue,GBOKO/TARKA,FC/058/BN,2,DYEGH JOHN,M,APC,48239,DECLARED ELECTED,Benue_GBOKO-TARKA.pdf
Benue,GBOKO/TARKA,FC/058/BN,3,SHILE AONDOHEMGI EMMANUEL,M,DA,7,,Benue_GBOKO-TARKA.pdf
Benue,GBOKO/TARKA,FC/058/BN,4,ORHUNGUR MICHAEL IGBAVER,M,JMPP,5,,Benue_GBOKO-TARKA.pdf
Benue,GBOKO/TARKA,FC/058/BN,5,IGBAKURA ORJIME,M,NCP,18,,Benue_GBOKO-TARKA.pdf
Benue,GBOKO/TARKA,FC/058/BN,6,BERNARD BEM NENGER,M,PDP,35916,,Benue_GBOKO-TARKA.pdf
Benue,GBOKO/TARKA,FC/058/BN,7,SAA-ONDO GYUNGU ABRAHAM,M,PRP,90,,Benue_GBOKO-TARKA.pdf
Benue,GBOKO/TARKA,FC/058/BN,8,KUMASHIE JOHN,M,PT,4,,Benue_GBOKO-TARKA.pdf
Benue,GBOKO/TARKA,FC/058/BN,9,NYOR BENEDICT CHIATER,M,SDP,404,,Benue_GBOKO-TARKA.pdf
Benue,GUMA/MAKURDI,FC/059/BN,1,WUAGA ISAAC,M,ADC,163,,Benue_GUMA-MAKURDI.pdf
Benue,GUMA/MAKURDI,FC/059/BN,2,AKPENSONGUN KENNETH IJOH,M,ADP,211,,Benue_GUMA-MAKURDI.pdf
Benue,GUMA/MAKURDI,FC/059/BN,3,UTAAN TERHIDE CONRAD,M,APC,37743,,Benue_GUMA-MAKURDI.pdf
Benue,GUMA/MAKURDI,FC/059/BN,4,ORSHIO DOMINIC SHIMYIMA,M,DA,22,,Benue_GUMA-MAKURDI.pdf
Benue,GUMA/MAKURDI,FC/059/BN,5,ABUKENCHI SULEIMAN A,M,NCP,2567,,Benue_GUMA-MAKURDI.pdf
Benue,GUMA/MAKURDI,FC/059/BN,6,BABA ISHAQ,M,NRM,61,,Benue_GUMA-MAKURDI.pdf
Benue,GUMA/MAKURDI,FC/059/BN,7,BENJAMIN MZONDU BEM,M,PDP,50454,DECLARED ELECTED,Benue_GUMA-MAKURDI.pdf
Benue,GUMA/MAKURDI,FC/059/BN,8,BEETSEH TYOUGH,M,PRP,2463,,Benue_GUMA-MAKURDI.pdf
Benue,GUMA/MAKURDI,FC/059/BN,9,GHAMKURAN RODA,F,PT,10,,Benue_GUMA-MAKURDI.pdf
Benue,GUMA/MAKURDI,FC/059/BN,10,UTOO FRANC F.,M,SDP,5582,,Benue_GUMA-MAKURDI.pdf
Benue,GWER EAST/GWER WEST,FC/060/BN,1,EMMANUEL NAIOR,M,ADC,28,,Benue_GWER-EAST-WEST.pdf
Benue,GWER EAST/GWER WEST,FC/060/BN,2,ORMIN TORSAR VICTOR,M,APC,17298,,Benue_GWER-EAST-WEST.pdf
Benue,GWER EAST/GWER WEST,FC/060/BN,3,TSAVNUM ABAJI SAMUEL,M,APGA,279,,Benue_GWER-EAST-WEST.pdf
Benue,GWER EAST/GWER WEST,FC/060/BN,4,IANNA AONDOAKAA ERNEST,M,DA,2,,Benue_GWER-EAST-WEST.pdf
Benue,GWER EAST/GWER WEST,FC/060/BN,5,ORHENA ISAAC TERHEMBA,M,NCP,73,,Benue_GWER-EAST-WEST.pdf
Benue,GWER EAST/GWER WEST,FC/060/BN,6,MARK TERSEER GBILLAH,M,PDP,32249,DECLARED ELECTED,Benue_GWER-EAST-WEST.pdf
Benue,GWER EAST/GWER WEST,FC/060/BN,7,HYACINTH KWEGI IGBA,M,PRP,731,,Benue_GWER-EAST-WEST.pdf
Benue,GWER EAST/GWER WEST,FC/060/BN,8,NYIESHE PETER,M,PT,2,,Benue_GWER-EAST-WEST.pdf
Benue,GWER EAST/GWER WEST,FC/060/BN,9,DONATUS ASANYI TERFA,M,SDP,1726,,Benue_GWER-EAST-WEST.pdf
Benue,KATSINA ALA/UKUM/LOGO,FC/061/BN,1,MBANAN SYVERSTER,M,AA,304,,Benue_KATSINA-ALA-UKUM-LOGO.pdf
Benue,KATSINA ALA/UKUM/LOGO,FC/061/BN,2,ANNGER SAMUEL AHURA,M,ADC,82,,Benue_KATSINA-ALA-UKUM-LOGO.pdf
Benue,KATSINA ALA/UKUM/LOGO,FC/061/BN,3,GUM TERWASE SAMUEL,M,ADP,240,,Benue_KATSINA-ALA-UKUM-LOGO.pdf
Benue,KATSINA ALA/UKUM/LOGO,FC/061/BN,4,AKUME SESUGH,M,ANRP,102,,Benue_KATSINA-ALA-UKUM-LOGO.pdf
Benue,KATSINA ALA/UKUM/LOGO,FC/061/BN,5,WOMBO SOLOMON,M,APC,25524,,Benue_KATSINA-ALA-UKUM-LOGO.pdf
Benue,KATSINA ALA/UKUM/LOGO,FC/061/BN,6,UDENDE EMMANUEL MENGA,M,APGA,13555,,Benue_KATSINA-ALA-UKUM-LOGO.pdf
Benue,KATSINA ALA/UKUM/LOGO,FC/061/BN,7,GONDO LIAMBEE,M,DA,17,,Benue_KATSINA-ALA-UKUM-LOGO.pdf
Benue,KATSINA ALA/UKUM/LOGO,FC/061/BN,8,AJON FRANCIS UGBOHO,M,GDPN,555,,Benue_KATSINA-ALA-UKUM-LOGO.pdf
Benue,KATSINA ALA/UKUM/LOGO,FC/061/BN,9,ALUGA TERSOO SOLOMON,M,JMPP,65,,Benue_KATSINA-ALA-UKUM-LOGO.pdf
Benue,KATSINA ALA/UKUM/LOGO,FC/061/BN,10,AKENDE DEYOR HENRY,M,LP,615,,Benue_KATSINA-ALA-UKUM-LOGO.pdf
Benue,KATSINA ALA/UKUM/LOGO,FC/061/BN,11,AGBE NANCY NGUNAN,F,MPN,576,,Benue_KATSINA-ALA-UKUM-LOGO.pdf
Benue,KATSINA ALA/UKUM/LOGO,FC/061/BN,12,SHULUWA ELIZABETH-MARY N.,F,NCP,2135,,Benue_KATSINA-ALA-UKUM-LOGO.pdf
Benue,KATSINA ALA/UKUM/LOGO,FC/061/BN,13,IORKYAW RICHARD GBANDE,M,PDP,54573,DECLARED ELECTED,Benue_KATSINA-ALA-UKUM-LOGO.pdf
Benue,KATSINA ALA/UKUM/LOGO,FC/061/BN,14,ICHOLOM JACOB MULYA,M,PRP,13300,,Benue_KATSINA-ALA-UKUM-LOGO.pdf
Benue,KATSINA ALA/UKUM/LOGO,FC/061/BN,15,ABUR NOR T,M,PT,483,,Benue_KATSINA-ALA-UKUM-LOGO.pdf
Benue,KATSINA ALA/UKUM/LOGO,FC/061/BN,16,DICKSON PAWA ORLU,M,SDP,4320,,Benue_KATSINA-ALA-UKUM-LOGO.pdf
Benue,KATSINA ALA/UKUM/LOGO,FC/061/BN,17,TIMSON TERUNGWA KWAGHBEE,M,UPP,11,,Benue_KATSINA-ALA-UKUM-LOGO.pdf
Benue,KATSINA ALA/UKUM/LOGO,FC/061/BN,18,KWAGHKAR TIMOTHY MSUGHTER,M,YPP,45,,Benue_KATSINA-ALA-UKUM-LOGO.pdf
Benue,KATSINA ALA/UKUM/LOGO,FC/061/BN,19,BAKA TERDUE,M,ZLP,615,,Benue_KATSINA-ALA-UKUM-LOGO.pdf
Benue,KONSHISHA/VANDEIKYA,FC/062/BN,1,CHIAKOR ALFRED,M,AA,1563,,Benue_KONSHISHA-VANDEIKYA.pdf
Benue,KONSHISHA/VANDEIKYA,FC/062/BN,2,ABUGH EMMANUEL K,M,ADC,145,,Benue_KONSHISHA-VANDEIKYA.pdf
Benue,KONSHISHA/VANDEIKYA,FC/062/BN,3,MATO KPENTOMUN DORATHY,F,APC,29280,,Benue_KONSHISHA-VANDEIKYA.pdf
Benue,KONSHISHA/VANDEIKYA,FC/062/BN,4,IORWASE HEMBE HERMAN C.,M,APGA,35187,DECLARED ELECTED,Benue_KONSHISHA-VANDEIKYA.pdf
Benue,KONSHISHA/VANDEIKYA,FC/062/BN,5,AGAN AONDOHEMBA,M,DA,2,,Benue_KONSHISHA-VANDEIKYA.pdf
Benue,KONSHISHA/VANDEIKYA,FC/062/BN,6,KYEGH SOLOMON AONDOVER,M,JMPP,12,,Benue_KONSHISHA-VANDEIKYA.pdf
Benue,KONSHISHA/VANDEIKYA,FC/062/BN,7,ABUKU MICHEAL ANUM,M,LP,100,,Benue_KONSHISHA-VANDEIKYA.pdf
Benue,KONSHISHA/VANDEIKYA,FC/062/BN,8,FABIAN MWAR,M,NCP,54,,Benue_KONSHISHA-VANDEIKYA.pdf
Benue,KONSHISHA/VANDEIKYA,FC/062/BN,9,BENEDICT TERVER KUME,M,PDP,19745,,Benue_KONSHISHA-VANDEIKYA.pdf
Benue,KONSHISHA/VANDEIKYA,FC/062/BN,10,NKANAN STEPHEN AWUA,M,PRP,300,,Benue_KONSHISHA-VANDEIKYA.pdf
Benue,KONSHISHA/VANDEIKYA,FC/062/BN,11,TERKURA YAJI,M,PT,14,,Benue_KONSHISHA-VANDEIKYA.pdf
Benue,KONSHISHA/VANDEIKYA,FC/062/BN,12,GARBA KUKASE P.T,F,SDP,2127,,Benue_KONSHISHA-VANDEIKYA.pdf
Benue,KONSHISHA/VANDEIKYA,FC/062/BN,13,ZEGEJIR ISAAC,M,ZLP,12,,Benue_KONSHISHA-VANDEIKYA.pdf
Benue,KWANDE/USHONGO,FC/063/BN,1,BERNARD TORTAVER O,M,ADC,1531,,Benue_KWANDE-USHONGO.pdf
Benue,KWANDE/USHONGO,FC/063/BN,2,THOMPSON IKYUM NANEV,M,ADP,2553,,Benue_KWANDE-USHONGO.pdf
Benue,KWANDE/USHONGO,FC/063/BN,3,WAYO IOREMBER BENJAMIN,M,APC,24306,,Benue_KWANDE-USHONGO.pdf
Benue,KWANDE/USHONGO,FC/063/BN,4,NGUTOR GBANAN DALTON,M,APGA,961,,Benue_KWANDE-USHONGO.pdf
Benue,KWANDE/USHONGO,FC/063/BN,5,AONDOHEMBA ATO,M,APM,317,,Benue_KWANDE-USHONGO.pdf
Benue,KWANDE/USHONGO,FC/063/BN,6,USU AONDOWASE,M,DA,11,,Benue_KWANDE-USHONGO.pdf
Benue,KWANDE/USHONGO,FC/063/BN,7,MVENDAGA YUA LUKE,M,JMPP,11,,Benue_KWANDE-USHONGO.pdf
Benue,KWANDE/USHONGO,FC/063/BN,8,KUMBUR DOOSHYMA GRACE,F,LP,76,,Benue_KWANDE-USHONGO.pdf
Benue,KWANDE/USHONGO,FC/063/BN,9,HUEGH AKUA CYPRIAN,M,NCP,93,,Benue_KWANDE-USHONGO.pdf
Benue,KWANDE/USHONGO,FC/063/BN,10,TYOUGH ROBERT AONDONA,M,PDP,34439,DECLARED ELECTED,Benue_KWANDE-USHONGO.pdf
Benue,KWANDE/USHONGO,FC/063/BN,11,IKYANGE TERKIMBE,M,PRP,18005,,Benue_KWANDE-USHONGO.pdf
Benue,KWANDE/USHONGO,FC/063/BN,12,NDUUL KUMAN ROSELINE,F,PT,61,,Benue_KWANDE-USHONGO.pdf
Benue,KWANDE/USHONGO,FC/063/BN,13,SHAGBAOR THOMAS TERLUMUN,M,SDP,1157,,Benue_KWANDE-USHONGO.pdf
Benue,OJU/OBI,FC/064/BN,1,ENYI SMITH OIBE,M,AA,19,,Benue_OJU-OBI.pdf
Benue,OJU/OBI,FC/064/BN,2,EGBIRI IDAAH,M,ADC,373,,Benue_OJU-OBI.pdf
Benue,OJU/OBI,FC/064/BN,3,EWORO NICK,M,APC,4864,,Benue_OJU-OBI.pdf
Benue,OJU/OBI,FC/064/BN,4,AGADA OGEWU DAVID,M,APGA,12794,DECLARED ELECTED,Benue_OJU-OBI.pdf
Benue,OJU/OBI,FC/064/BN,5,IGODI HELEN OKONU,F,CAP,3,,Benue_OJU-OBI.pdf
Benue,OJU/OBI,FC/064/BN,6,OGA ISAAC ODEH,M,DA,8,,Benue_OJU-OBI.pdf
Benue,OJU/OBI,FC/064/BN,7,OBEGA IKPE BENSON,M,LP,179,,Benue_OJU-OBI.pdf
Benue,OJU/OBI,FC/064/BN,8,OKWE REUBEN OGBAJI,M,NCP,4,,Benue_OJU-OBI.pdf
Benue,OJU/OBI,FC/064/BN,9,SAMSON AJAH OKWU,M,PDP,6759,,Benue_OJU-OBI.pdf
Benue,OJU/OBI,FC/064/BN,10,AGABA B EGO,M,PPC,25,,Benue_OJU-OBI.pdf
Benue,OJU/OBI,FC/064/BN,11,SUNDAY OGAJE U.,M,PPN,1,,Benue_OJU-OBI.pdf
Benue,OJU/OBI,FC/064/BN,12,ABANYE SALISU,M,PT,0,,Benue_OJU-OBI.pdf
Benue,OJU/OBI,FC/064/BN,13,ISEGBE PETER OGBOLE,M,SDP,561,,Benue_OJU-OBI.pdf
Benue,OTUKPO/OHIMINI,FC/065/BN,1,ANYEBE ADOGA EDWIN,M,A,229,,Benue_OTUKPO-OHIMINI.pdf
Benue,OTUKPO/OHIMINI,FC/065/BN,2,ABBAH STEVEN,M,ADC,35,,Benue_OTUKPO-OHIMINI.pdf
Benue,OTUKPO/OHIMINI,FC/065/BN,3,ADAKOLE OKO DANIEL,M,ANN,6,,Benue_OTUKPO-OHIMINI.pdf
Benue,OTUKPO/OHIMINI,FC/065/BN,4,ECHE OCHEJE WILSON,M,APC,7828,,Benue_OTUKPO-OHIMINI.pdf
Benue,OTUKPO/OHIMINI,FC/065/BN,5,ONUH ONYECHE BLESSING,F,APGA,24665,DECLARED ELECTED,Benue_OTUKPO-OHIMINI.pdf
Benue,OTUKPO/OHIMINI,FC/065/BN,6,ABINE RAPHEAL OCHEME,M,DA,14,,Benue_OTUKPO-OHIMINI.pdf
Benue,OTUKPO/OHIMINI,FC/065/BN,7,OCHIHECHE SAMUEL,M,JMPP,16,,Benue_OTUKPO-OHIMINI.pdf
Benue,OTUKPO/OHIMINI,FC/065/BN,8,ETEIKWU JOHN-DAVIDSON ANEBI,M,NCP,69,,Benue_OTUKPO-OHIMINI.pdf
Benue,OTUKPO/OHIMINI,FC/065/BN,9,EGLI JOHNSON AHUBI,M,PDP,16725,,Benue_OTUKPO-OHIMINI.pdf
Benue,OTUKPO/OHIMINI,FC/065/BN,10,CHRISTY ADOKWU,F,PPC,617,,Benue_OTUKPO-OHIMINI.pdf
Benue,OTUKPO/OHIMINI,FC/065/BN,11,ABBAH OHENE JAMES,M,PPN,18,,Benue_OTUKPO-OHIMINI.pdf
Benue,OTUKPO/OHIMINI,FC/065/BN,12,EDWIN GODWIN,M,PT,6,,Benue_OTUKPO-OHIMINI.pdf
Benue,OTUKPO/OHIMINI,FC/065/BN,13,OKPE OGBE LAWRENCE,M,SDP,1950,,Benue_OTUKPO-OHIMINI.pdf
Borno,ASKIRA UBA/HAWUL,FC/066/BO,1,USMAN MUSA,M,ANP,127,,Borno_ASKIRA-UBA-HAWUL.pdf
Borno,ASKIRA UBA/HAWUL,FC/066/BO,2,HARUNA MSHELIA,M,APC,51763,DECLARED ELECTED,Borno_ASKIRA-UBA-HAWUL.pdf
Borno,ASKIRA UBA/HAWUL,FC/066/BO,3,HASSAN MUSA ALKALI,M,C4C,7,,Borno_ASKIRA-UBA-HAWUL.pdf
Borno,ASKIRA UBA/HAWUL,FC/066/BO,4,ALI ABUBAKAR NDIRIM,M,DA,20,,Borno_ASKIRA-UBA-HAWUL.pdf
Borno,ASKIRA UBA/HAWUL,FC/066/BO,5,KYARI JIDAI GADZAMA,M,GPN,3114,,Borno_ASKIRA-UBA-HAWUL.pdf
Borno,ASKIRA UBA/HAWUL,FC/066/BO,6,ADAMU GIDEON DANYA,M,JMPP,13,,Borno_ASKIRA-UBA-HAWUL.pdf
Borno,ASKIRA UBA/HAWUL,FC/066/BO,7,EMMANUEL BASSI USMAN,M,PDP,30560,,Borno_ASKIRA-UBA-HAWUL.pdf
Borno,ASKIRA UBA/HAWUL,FC/066/BO,8,BWALA MOHAMMED SAIDU,M,SDP,55,,Borno_ASKIRA-UBA-HAWUL.pdf
Borno,ASKIRA UBA/HAWUL,FC/066/BO,9,HAMMANI MOSES,M,UPC,23,,Borno_ASKIRA-UBA-HAWUL.pdf
Borno,BAMA/NGALA/KALA BALGE,FC/067/BO,1,ZAINAB GIMBA,F,APC,73831,DECLARED ELECTED,Borno_BAMANGALAKALA-BALGE.pdf
Borno,BIU/BAYO/KWAYA KUSAR AND SHANI,FC/068/BO,1,MUKTAR BETARA ALIYU,M,APC,93750,DECLARED ELECTED,Borno_BIUBAYOKWAYA-KUSAR-SHANI.pdf
Borno,BIU/BAYO/KWAYA KUSAR AND SHANI,FC/068/BO,2,HARUNA MUSA BIU,M,GPN,22,,Borno_BIUBAYOKWAYA-KUSAR-SHANI.pdf
Borno,BIU/BAYO/KWAYA KUSAR AND SHANI,FC/068/BO,3,RAKIYA SHETIMA SURA,M,KP,54,,Borno_BIUBAYOKWAYA-KUSAR-SHANI.pdf
Borno,BIU/BAYO/KWAYA KUSAR AND SHANI,FC/068/BO,4,MOHAMMED JOAN,F,PDP,18788,,Borno_BIUBAYOKWAYA-KUSAR-SHANI.pdf
Borno,BIU/BAYO/KWAYA KUSAR AND SHANI,FC/068/BO,5,MAAJI MAMMAN,M,SDP,100,,Borno_BIUBAYOKWAYA-KUSAR-SHANI.pdf
Borno,BIU/BAYO/KWAYA KUSAR AND SHANI,FC/068/BO,6,ABUBAKAR ABDULLAHI,M,UPC,73,,Borno_BIUBAYOKWAYA-KUSAR-SHANI.pdf
Borno,BIU/BAYO/KWAYA KUSAR AND SHANI,FC/068/BO,7,BABA ALI KELLU,M,ZLP,15144,,Borno_BIUBAYOKWAYA-KUSAR-SHANI.pdf
Borno,CHIBOK/DAMBOA/GWOZA,FC/070/BO,1,AHMADU USMAN JAHA,M,APC,151031,DECLARED ELECTED,Borno_CHIBOK-DAMBOA-GWOZA.pdf
Borno,CHIBOK/DAMBOA/GWOZA,FC/070/BO,2,YAKUBU ALI DIMKA,M,GPN,7,,Borno_CHIBOK-DAMBOA-GWOZA.pdf
Borno,CHIBOK/DAMBOA/GWOZA,FC/070/BO,3,ZANNA MOHAMMED ABBA GANA,M,PDP,21351,,Borno_CHIBOK-DAMBOA-GWOZA.pdf
Borno,CHIBOK/DAMBOA/GWOZA,FC/070/BO,4,BOKKO EZRA BITRUS,M,ZLP,219,,Borno_CHIBOK-DAMBOA-GWOZA.pdf
Borno,DIKWA/MAFA/KONDUGA,FC/069/BO,1,IBRAHIM MOHAMMED BUKAR,M,APC,45438,DECLARED ELECTED,Borno_DIKWA-MAFA-KONDUGA.pdf
Borno,DIKWA/MAFA/KONDUGA,FC/069/BO,2,HAMAT BUKAR,M,DA,29,,Borno_DIKWA-MAFA-KONDUGA.pdf
Borno,DIKWA/MAFA/KONDUGA,FC/069/BO,3,TAHIRU GONI KYARI,M,GPN,33,,Borno_DIKWA-MAFA-KONDUGA.pdf
Borno,DIKWA/MAFA/KONDUGA,FC/069/BO,4,ALKALI BUKAR ALIBE,M,PDP,5993,,Borno_DIKWA-MAFA-KONDUGA.pdf
Borno,DIKWA/MAFA/KONDUGA,FC/069/BO,5,MOHAMMED MUSTAPHA,M,SDP,71,,Borno_DIKWA-MAFA-KONDUGA.pdf
Borno,DIKWA/MAFA/KONDUGA,FC/069/BO,6,ISHAQ USMAN,M,UPC,15,,Borno_DIKWA-MAFA-KONDUGA.pdf
Borno,GUBIO/KAGA/MAGUMERI,FC/071/BO,1,USMAN ZANNAH,M,APC,30683,DECLARED ELECTED,Borno_GUBIOKAGAMAGUMERI.pdf
Borno,GUBIO/KAGA/MAGUMERI,FC/071/BO,2,BILAL ALI,M,PDP,7722,,Borno_GUBIOKAGAMAGUMERI.pdf
Borno,GUBIO/KAGA/MAGUMERI,FC/071/BO,3,TUJJANI ALHAJI MODU,M,SDP,31,,Borno_GUBIOKAGAMAGUMERI.pdf
Borno,GUBIO/KAGA/MAGUMERI,FC/071/BO,4,YAKUBU IBRAHIM,M,UPC,16,,Borno_GUBIOKAGAMAGUMERI.pdf
Borno,JERE,FC/074/BO,1,GARBA YAKUBU,M,ANP,175,,Borno_JERE.pdf
Borno,JERE,FC/074/BO,2,SATOMI ALHAJI AHMED,M,APC,82370,DECLARED ELECTED,Borno_JERE.pdf
Borno,JERE,FC/074/BO,3,BUNU MUSTAPHA,M,APP,60,,Borno_JERE.pdf
Borno,JERE,FC/074/BO,4,MOHAMMED KOLO MUKTAR,M,DPP,113,,Borno_JERE.pdf
Borno,JERE,FC/074/BO,5,MUH'D BABAKAKA HUSSAINI,M,GDP,44,,Borno_JERE.pdf
Borno,JERE,FC/074/BO,6,ABBA ABUBAKAR DIWARI,M,KP,577,,Borno_JERE.pdf
Borno,JERE,FC/074/BO,7,ALI MUSTAPHA,M,NEPP,116,,Borno_JERE.pdf
Borno,JERE,FC/074/BO,8,BUKAR SHUWA,M,PDP,8911,,Borno_JERE.pdf
Borno,JERE,FC/074/BO,9,ALHAJI UMAR MUHAMMAD,M,PPA,53,,Borno_JERE.pdf
Borno,JERE,FC/074/BO,10,HASSAN ALH. GONI,M,SDP,132,,Borno_JERE.pdf
Borno,JERE,FC/074/BO,11,ABDULLAHI YUSUF IBRAHIM,M,UPC,35,,Borno_JERE.pdf
Borno,JERE,FC/074/BO,12,MAIJIR FATI,F,UPN,5,,Borno_JERE.pdf
Borno,JERE,FC/074/BO,13,MUHAMMAD LADAN,M,YES,25,,Borno_JERE.pdf
Borno,KUKAWA/MOBBAR/ABADAM/GUZAMALA,FC/073/BO,1,BUKAR GANA KARETO,M,APC,26501,DECLARED ELECTED,Borno_KUKAWAMOBBARABADAMGUZAMALA.pdf
Borno,KUKAWA/MOBBAR/ABADAM/GUZAMALA,FC/073/BO,2,GONI ALI BUKAR,M,PDP,9863,,Borno_KUKAWAMOBBARABADAMGUZAMALA.pdf
Borno,KUKAWA/MOBBAR/ABADAM/GUZAMALA,FC/073/BO,3,BUNU BUKAR MUSTAPHA,M,SDP,26,,Borno_KUKAWAMOBBARABADAMGUZAMALA.pdf
Borno,MMC,FC/075/BO,1,ABDULKADIR RAHIS,M,APC,93497,DECLARED ELECTED,Borno_MMC.pdf
Borno,MMC,FC/075/BO,2,BABAGANA GONI USMAN,M,APM,116,,Borno_MMC.pdf
Borno,MMC,FC/075/BO,3,BUKAR GAJI IBRAHIM,M,CC,48,,Borno_MMC.pdf
Borno,MMC,FC/075/BO,4,LIMAN ISMAILA,M,GPN,135,,Borno_MMC.pdf
Borno,MMC,FC/075/BO,5,UMAR KARETO MUSA,M,ID,145,,Borno_MMC.pdf
Borno,MMC,FC/075/BO,6,JIBRIN ISA,M,JMPP,82,,Borno_MMC.pdf
Borno,MMC,FC/075/BO,7,ASHEK A UMAR,M,KP,89,,Borno_MMC.pdf
Borno,MMC,FC/075/BO,8,MADI BA'ABBA,M,NPM,264,,Borno_MMC.pdf
Borno,MMC,FC/075/BO,9,ABDULSALAM MUSTAPHA KACHALLA,M,PDP,60132,,Borno_MMC.pdf
Borno,MMC,FC/075/BO,10,MOHAMMED BABAGAN,M,PPA,135,,Borno_MMC.pdf
Borno,MMC,FC/075/BO,11,EL-BAFF ISAM ABDALLAH,M,SDP,470,,Borno_MMC.pdf
Borno,MMC,FC/075/BO,12,BABAGANA SANUSI,M,UPC,94,,Borno_MMC.pdf
Borno,MONGUNO/NGANZAI/MARTE,FC/072/BO,1,MOHAMMED TAHIR MONGUNO,M,APC,28360,DECLARED ELECTED,Borno_MONGUNONGAZAIMARTE.pdf
Borno,MONGUNO/NGANZAI/MARTE,FC/072/BO,2,BULAMA MUSTAPHA,M,PDP,8056,,Borno_MONGUNONGAZAIMARTE.pdf
Cross River,ABI/YAKURR,FC/076/CR,1,OFEM BENJAMIN,MALE,ADC,23,,Cross-River_ABI_YAKURR.pdf
Cross River,ABI/YAKURR,FC/076/CR,2,EGBONA ALEX,MALE,APC,29432,DECLARED ELECTED,Cross-River_ABI_YAKURR.pdf
Cross River,ABI/YAKURR,FC/076/CR,3,OFEM OKOI OKOI,MALE,ASD,18,,Cross-River_ABI_YAKURR.pdf
Cross River,ABI/YAKURR,FC/076/CR,4,MBANG EGBE ETTA,MALE,C4C,6,,Cross-River_ABI_YAKURR.pdf
Cross River,ABI/YAKURR,FC/076/CR,5,LEKAM IBIANG LEKAM,MALE,DA,24,,Cross-River_ABI_YAKURR.pdf
Cross River,ABI/YAKURR,FC/076/CR,6,EMMANUEL OKOI ANOYOM,MALE,DPP,42,,Cross-River_ABI_YAKURR.pdf
Cross River,ABI/YAKURR,FC/076/CR,7,EKPO ETUNG IBIANG,MALE,ID,18,,Cross-River_ABI_YAKURR.pdf
Cross River,ABI/YAKURR,FC/076/CR,8,OFFOR OFFOR UBANGHA,MALE,MPN,8,,Cross-River_ABI_YAKURR.pdf
Cross River,ABI/YAKURR,FC/076/CR,9,EMMANUEL JEREMIAH ELEMI,MALE,NPC,40,,Cross-River_ABI_YAKURR.pdf
Cross River,ABI/YAKURR,FC/076/CR,10,JOHN GAUL LEBO,MALE,PDP,26971,,Cross-River_ABI_YAKURR.pdf
Cross River,ABI/YAKURR,FC/076/CR,11,ENI FRANCIS EVALEKPONGNO,MALE,PPN,38,,Cross-River_ABI_YAKURR.pdf
Cross River,ABI/YAKURR,FC/076/CR,12,IKPI LEKAM OFEM,MALE,SDP,227,,Cross-River_ABI_YAKURR.pdf
Cross River,ABI/YAKURR,FC/076/CR,13,OKOI ETIM IWARA,MALE,YPP,9,,Cross-River_ABI_YAKURR.pdf
Cross River,AKPABUYO/BAKASSI AND CALABAR SOUTH,FC/09/CR,1,EDEM DOMINIC AQUA,MALE,APC,18946,,Cross-River_AKPABUYU_BAKASSI_CALABAR-SOUTH.pdf
Cross River,AKPABUYO/BAKASSI AND CALABAR SOUTH,FC/09/CR,2,EKPENYONG CELESTINE,MALE,ADC,147,,Cross-River_AKPABUYU_BAKASSI_CALABAR-SOUTH.pdf
Cross River,AKPABUYO/BAKASSI AND CALABAR SOUTH,FC/09/CR,3,OKON EYO,MALE,ASD,15,,Cross-River_AKPABUYU_BAKASSI_CALABAR-SOUTH.pdf
Cross River,AKPABUYO/BAKASSI AND CALABAR SOUTH,FC/09/CR,4,ASUQUO PRINCE EKPONSA,MALE,DA,15,,Cross-River_AKPABUYU_BAKASSI_CALABAR-SOUTH.pdf
Cross River,AKPABUYO/BAKASSI AND CALABAR SOUTH,FC/09/CR,5,JOHN SUNDAY OKON,MALE,DPP,102,,Cross-River_AKPABUYU_BAKASSI_CALABAR-SOUTH.pdf
Cross River,AKPABUYO/BAKASSI AND CALABAR SOUTH,FC/09/CR,6,ASUQUO EDET AUQUO,MALE,ID,15,,Cross-River_AKPABUYU_BAKASSI_CALABAR-SOUTH.pdf
Cross River,AKPABUYO/BAKASSI AND CALABAR SOUTH,FC/09/CR,7,FRED EKPENYONG NSAH,MALE,NFD,10,,Cross-River_AKPABUYU_BAKASSI_CALABAR-SOUTH.pdf
Cross River,AKPABUYO/BAKASSI AND CALABAR SOUTH,FC/09/CR,8,NYONG ITA OKON,MALE,NPC,236,,Cross-River_AKPABUYU_BAKASSI_CALABAR-SOUTH.pdf
Cross River,AKPABUYO/BAKASSI AND CALABAR SOUTH,FC/09/CR,9,ESSIEN EKPENYONG AYI,MALE,PDP,25707,DECLARED ELECTED,Cross-River_AKPABUYU_BAKASSI_CALABAR-SOUTH.pdf
Cross River,AKPABUYO/BAKASSI AND CALABAR SOUTH,FC/09/CR,10,BONG DUKE,MALE,SDP,377,,Cross-River_AKPABUYU_BAKASSI_CALABAR-SOUTH.pdf
Cross River,AKPABUYO/BAKASSI AND CALABAR SOUTH,FC/09/CR,11,MICHAEL EDEM SAVIOUR,MALE,YPP,47,,Cross-River_AKPABUYU_BAKASSI_CALABAR-SOUTH.pdf
Cross River,ARAMKPA/BIASE,FC/077/CR,1,ERUGE WALTER,MALE,ADC,42,,Cross-River_ARAMKPA_BIASE.pdf
Cross River,ARAMKPA/BIASE,FC/077/CR,2,EKPO MKPANAM OBO,MALE,APC,18835,,Cross-River_ARAMKPA_BIASE.pdf
Cross River,ARAMKPA/BIASE,FC/077/CR,3,AGWU EZIKPE AGWU,MALE,ASD,20,,Cross-River_ARAMKPA_BIASE.pdf
Cross River,ARAMKPA/BIASE,FC/077/CR,4,OWANGHA SYLVESTER ONOH,MALE,ID,16,,Cross-River_ARAMKPA_BIASE.pdf
Cross River,ARAMKPA/BIASE,FC/077/CR,5,DANIEL EFFIONG ASUQUO,MALE,PDP,28071,DECLARED ELECTED,Cross-River_ARAMKPA_BIASE.pdf
Cross River,ARAMKPA/BIASE,FC/077/CR,6,PROMISE OUT,MALE,YPP,66,,Cross-River_ARAMKPA_BIASE.pdf
Cross River,CALABAR MUNICIPALITY/ODUKPANI,FC/080/CR,1,ETA MBORA,MALE,PDP,32769,DECLARED ELECTED,Cross-River_CALABAR-MUNICIPALITY_ODUKPANI.pdf
Cross River,CALABAR MUNICIPALITY/ODUKPANI,FC/080/CR,2,BASSEY EPHRAIM,MALE,ADC,157,,Cross-River_CALABAR-MUNICIPALITY_ODUKPANI.pdf
Cross River,CALABAR MUNICIPALITY/ODUKPANI,FC/080/CR,3,IRONBAR VICTOR DANIEL,MALE,ASD,20,,Cross-River_CALABAR-MUNICIPALITY_ODUKPANI.pdf
Cross River,CALABAR MUNICIPALITY/ODUKPANI,FC/080/CR,4,COCO BASSEY EMMANUEL EFFIONG,MALE,DA,13,,Cross-River_CALABAR-MUNICIPALITY_ODUKPANI.pdf
Cross River,CALABAR MUNICIPALITY/ODUKPANI,FC/080/CR,5,AKIBA BASSEY EKPENYONE,MALE,APC,16788,,Cross-River_CALABAR-MUNICIPALITY_ODUKPANI.pdf
Cross River,CALABAR MUNICIPALITY/ODUKPANI,FC/080/CR,6,OKON EYIBIO OBIO,MALE,DPP,152,,Cross-River_CALABAR-MUNICIPALITY_ODUKPANI.pdf
Cross River,CALABAR MUNICIPALITY/ODUKPANI,FC/080/CR,7,UMEH PETER BASSEY,MALE,ID,15,,Cross-River_CALABAR-MUNICIPALITY_ODUKPANI.pdf
Cross River,CALABAR MUNICIPALITY/ODUKPANI,FC/080/CR,8,EKPENYONG EKANEM NDEM,MALE,YPP,109,,Cross-River_CALABAR-MUNICIPALITY_ODUKPANI.pdf
Cross River,IKOM/BOKI,FC/078/CR,1,KADY OBE,MALE,AD,32,,Cross-River_IKOM_BOKI.pdf
Cross River,IKOM/BOKI,FC/078/CR,2,NJAN ANOKA,MALE,ADC,73,,Cross-River_IKOM_BOKI.pdf
Cross River,IKOM/BOKI,FC/078/CR,3,ABANG VICTOR,MALE,APC,29977,,Cross-River_IKOM_BOKI.pdf
Cross River,IKOM/BOKI,FC/078/CR,4,PHILIP GRACE ENNE,FEMALE,ASD,5,,Cross-River_IKOM_BOKI.pdf
Cross River,IKOM/BOKI,FC/078/CR,5,OTU JOHN AWELEYE,MALE,DPP,36,,Cross-River_IKOM_BOKI.pdf
Cross River,IKOM/BOKI,FC/078/CR,6,EYARE AGBOR CHARLES,MALE,ID,5,,Cross-River_IKOM_BOKI.pdf
Cross River,IKOM/BOKI,FC/078/CR,7,AWAN DOMINIC AYANG,MALE,NCP,81,,Cross-River_IKOM_BOKI.pdf
Cross River,IKOM/BOKI,FC/078/CR,8,ASU YAKUBU SHENDAM,MALE,NGP,1654,,Cross-River_IKOM_BOKI.pdf
Cross River,IKOM/BOKI,FC/078/CR,9,CHRISTOPHER NGPRP AGIBE,MALE,PDP,38456,DECLARED ELECTED,Cross-River_IKOM_BOKI.pdf
Cross River,IKOM/BOKI,FC/078/CR,10,BISONG BARNABAS OTU,MALE,PPN,27,,Cross-River_IKOM_BOKI.pdf
Cross River,IKOM/BOKI,FC/078/CR,11,OJONG CIJEYU ODEE,MALE,SDP,204,,Cross-River_IKOM_BOKI.pdf
Cross River,IKOM/BOKI,FC/078/CR,12,PIUS OSIM ACHI,FEMALE,YPP,10,,Cross-River_IKOM_BOKI.pdf
Cross River,OBANLIKU/OBUDU/BEKWARRA,FC/081/CR,1,AGAJI KOKO DANIEL,MALE,APC,17556,,Cross-River_OBANLIKU_OBUDU_BEKWARRA.pdf
Cross River,OBANLIKU/OBUDU/BEKWARRA,FC/081/CR,2,OCHIGLEGOR IDAGBO,MALE,PDP,60317,DECLARED ELECTED,Cross-River_OBANLIKU_OBUDU_BEKWARRA.pdf
Cross River,OBANLIKU/OBUDU/BEKWARRA,FC/081/CR,3,KAYANG ABANG JOSEPH,MALE,NCP,39,,Cross-River_OBANLIKU_OBUDU_BEKWARRA.pdf
Cross River,OBANLIKU/OBUDU/BEKWARRA,FC/081/CR,4,MACJOHNSON CHIKONE ODEY,MALE,ADC,91,,Cross-River_OBANLIKU_OBUDU_BEKWARRA.pdf
Cross River,OBANLIKU/OBUDU/BEKWARRA,FC/081/CR,5,ODEY HARRISON,MALE,ASD,19,,Cross-River_OBANLIKU_OBUDU_BEKWARRA.pdf
Cross River,OBANLIKU/OBUDU/BEKWARRA,FC/081/CR,6,UGBE BANJAMIN USHEE,MALE,DA,17,,Cross-River_OBANLIKU_OBUDU_BEKWARRA.pdf
Cross River,OBANLIKU/OBUDU/BEKWARRA,FC/081/CR,7,AKAH INNOCENT BETIANHE,MALE,DPP,5,,Cross-River_OBANLIKU_OBUDU_BEKWARRA.pdf
Cross River,OBUBRA/ETUNG,FC/082/CR,1,EGBE ABENG EGBE,M,APC,7036,,Cross-River_OBUBRA_ETUNG.pdf
Cross River,OBUBRA/ETUNG,FC/082/CR,2,EGBA CHRISTIANA OBEM,M,DPP,14,,Cross-River_OBUBRA_ETUNG.pdf
Cross River,OBUBRA/ETUNG,FC/082/CR,3,MICHEAL ETABA IROM,M,PDP,7799,DECLARED ELECTED,Cross-River_OBUBRA_ETUNG.pdf
Cross River,OBUBRA/ETUNG,FC/082/CR,4,OJEN EASTMOND AYANG,M,SDP,48,,Cross-River_OBUBRA_ETUNG.pdf
Cross River,OBUBRA/ETUNG,FC/082/CR,5,,,AD,21,,Cross-River_OBUBRA_ETUNG.pdf
Cross River,OBUBRA/ETUNG,FC/082/CR,6,INNOCENT OVAT,M,ADC,322,,Cross-River_OBUBRA_ETUNG.pdf
Cross River,OBUBRA/ETUNG,FC/082/CR,7,,,NPC,21,,Cross-River_OBUBRA_ETUNG.pdf
Cross River,OBUBRA/ETUNG,FC/082/CR,8,EBOK EBOK OBO,M,YPP,23,,Cross-River_OBUBRA_ETUNG.pdf
Cross River,OBUBRA/ETUNG,FC/082/CR,9,WILLIAMS VICTORIA SUNDAY,M,ID,5,,Cross-River_OBUBRA_ETUNG.pdf
Cross River,OBUBRA/ETUNG,FC/082/CR,10,,,NGP,3,,Cross-River_OBUBRA_ETUNG.pdf
Cross River,OBUBRA/ETUNG,FC/082/CR,11,,,A,9,,Cross-River_OBUBRA_ETUNG.pdf
Cross River,OBUBRA/ETUNG,FC/082/CR,12,,,NFD,2,,Cross-River_OBUBRA_ETUNG.pdf
Cross River,OBUBRA/ETUNG,FC/082/CR,13,,,ABD,2,,Cross-River_OBUBRA_ETUNG.pdf
Cross River,OBUBRA/ETUNG,FC/082/CR,14,,,EPCP,2,,Cross-River_OBUBRA_ETUNG.pdf
Cross River,OBUBRA/ETUNG,FC/082/CR,15,,,DA,3,,Cross-River_OBUBRA_ETUNG.pdf
Cross River,OBUBRA/ETUNG,FC/082/CR,16,,,APP,1,,Cross-River_OBUBRA_ETUNG.pdf
Cross River,OBUBRA/ETUNG,FC/082/CR,17,,,AP,1,,Cross-River_OBUBRA_ETUNG.pdf
Cross River,OBUBRA/ETUNG,FC/082/CR,18,,,MPN,1,,Cross-River_OBUBRA_ETUNG.pdf
Cross River,OBUBRA/ETUNG,FC/082/CR,19,,,AA,1,,Cross-River_OBUBRA_ETUNG.pdf
Cross River,OBUBRA/ETUNG,FC/082/CR,20,,M,ASD,2,,Cross-River_OBUBRA_ETUNG.pdf
Cross River,OBUBRA/ETUNG,FC/082/CR,21,,,CC,2,,Cross-River_OBUBRA_ETUNG.pdf
Cross River,OBUBRA/ETUNG,FC/082/CR,22,,,NCP,4,,Cross-River_OBUBRA_ETUNG.pdf
Cross River,OBUBRA/ETUNG,FC/082/CR,23,,,PPN,3,,Cross-River_OBUBRA_ETUNG.pdf
Cross River,OBUBRA/ETUNG,FC/082/CR,24,,,SDC,2,,Cross-River_OBUBRA_ETUNG.pdf
Cross River,OGOJA YALA,FC/083/CR,1,AGU SARAH IHUOMA,FEMALE,A,14,,Cross-River_OGOJA_YALA.pdf
Cross River,OGOJA YALA,FC/083/CR,2,,MALE,ADC,57,,Cross-River_OGOJA_YALA.pdf
Cross River,OGOJA YALA,FC/083/CR,3,NGAJI JUDE OGBECHE,MALE,APC,15100,,Cross-River_OGOJA_YALA.pdf
Cross River,OGOJA YALA,FC/083/CR,4,IJOKO PATRICK PASCAL,MALE,ASD,40,,Cross-River_OGOJA_YALA.pdf
Cross River,OGOJA YALA,FC/083/CR,5,BASSEY CHARLES EFFIONG,MALE,DA,11,,Cross-River_OGOJA_YALA.pdf
Cross River,OGOJA YALA,FC/083/CR,6,ABORT FRANCIS MAMONG,MALE,DPP,54,,Cross-River_OGOJA_YALA.pdf
Cross River,OGOJA YALA,FC/083/CR,7,MPIELE JUSTINE EGBESI,MALE,ID,15,,Cross-River_OGOJA_YALA.pdf
Cross River,OGOJA YALA,FC/083/CR,8,JARIGBE AGOM JARIGBE,MALE,PDP,35006,DECLARED ELECTED,Cross-River_OGOJA_YALA.pdf
Cross River,OGOJA YALA,FC/083/CR,10,OGAR EMMANUEL OKO,MALE,YPP,13,,Cross-River_OGOJA_YALA.pdf
Cross River,OGOJA YALA,FC/083/CR,11,OBIEM PHILIP BARR.,,AD,35,,Cross-River_OGOJA_YALA.pdf
Cross River,OGOJA YALA,FC/083/CR,12,,,MPM,15,,Cross-River_OGOJA_YALA.pdf
Cross River,OGOJA YALA,FC/083/CR,13,,,NCP,18,,Cross-River_OGOJA_YALA.pdf
Cross River,OGOJA YALA,FC/083/CR,14,,,NFD,10,,Cross-River_OGOJA_YALA.pdf
Cross River,OGOJA YALA,FC/083/CR,15,,,NGP,12,,Cross-River_OGOJA_YALA.pdf
Cross River,OGOJA YALA,FC/083/CR,16,,,NPC,61,,Cross-River_OGOJA_YALA.pdf
Cross River,OGOJA YALA,FC/083/CR,17,,,PPM,43,,Cross-River_OGOJA_YALA.pdf
Cross River,OGOJA YALA,FC/083/CR,18,,,SDP,21,,Cross-River_OGOJA_YALA.pdf
Cross River,OGOJA YALA,FC/083/CR,19,,,AAP,2,,Cross-River_OGOJA_YALA.pdf
Cross River,OGOJA YALA,FC/083/CR,20,,,DPN,1,,Cross-River_OGOJA_YALA.pdf
Cross River,OGOJA YALA,FC/083/CR,21,,,ADP,1,,Cross-River_OGOJA_YALA.pdf
Cross River,OGOJA YALA,FC/083/CR,22,,,PPC,1,,Cross-River_OGOJA_YALA.pdf
Cross River,OGOJA YALA,FC/083/CR,23,,,DB,1,,Cross-River_OGOJA_YALA.pdf
Cross River,OGOJA YALA,FC/083/CR,24,,,NDC,2,,Cross-River_OGOJA_YALA.pdf
Cross River,OGOJA YALA,FC/083/CR,25,,,DP,1,,Cross-River_OGOJA_YALA.pdf
Delta,ANIOCHA NORTH/ANIOCHA SOUTH/OSHIMILI NORTH/OSHIMILI SOUTH,FC/84/DT,1,NWABUOKEI VIVIAN IFY PAT,FEMALE,A,17,,Delta_ANIOCHA-NORTH-ANIOCHA-SOUTH.pdf
Delta,ANIOCHA NORTH/ANIOCHA SOUTH/OSHIMILI NORTH/OSHIMILI SOUTH,FC/84/DT,2,NGOZI NZERIBE,FEMALE,ABP,26,,Delta_ANIOCHA-NORTH-ANIOCHA-SOUTH.pdf
Delta,ANIOCHA NORTH/ANIOCHA SOUTH/OSHIMILI NORTH/OSHIMILI SOUTH,FC/84/DT,3,OZIOKO CYPRIAN SUNDAY,MALE,ADC,61,,Delta_ANIOCHA-NORTH-ANIOCHA-SOUTH.pdf
Delta,ANIOCHA NORTH/ANIOCHA SOUTH/OSHIMILI NORTH/OSHIMILI SOUTH,FC/84/DT,4,ADINGWUPU PAUL AZUKAEGO,MALE,APC,11104,,Delta_ANIOCHA-NORTH-ANIOCHA-SOUTH.pdf
Delta,ANIOCHA NORTH/ANIOCHA SOUTH/OSHIMILI NORTH/OSHIMILI SOUTH,FC/84/DT,5,ONIANWA GODWIN EBUKA,MALE,DA,9,,Delta_ANIOCHA-NORTH-ANIOCHA-SOUTH.pdf
Delta,ANIOCHA NORTH/ANIOCHA SOUTH/OSHIMILI NORTH/OSHIMILI SOUTH,FC/84/DT,6,AMANDA CHIOMA ODOGWU,MALE,HDP,8,,Delta_ANIOCHA-NORTH-ANIOCHA-SOUTH.pdf
Delta,ANIOCHA NORTH/ANIOCHA SOUTH/OSHIMILI NORTH/OSHIMILI SOUTH,FC/84/DT,7,CAROL NNAJI ELUEMUNOR,FEMALE,JMPP,18,,Delta_ANIOCHA-NORTH-ANIOCHA-SOUTH.pdf
Delta,ANIOCHA NORTH/ANIOCHA SOUTH/OSHIMILI NORTH/OSHIMILI SOUTH,FC/84/DT,8,SOMUANYINA MACANTHONY,MALE,KP,21,,Delta_ANIOCHA-NORTH-ANIOCHA-SOUTH.pdf
Delta,ANIOCHA NORTH/ANIOCHA SOUTH/OSHIMILI NORTH/OSHIMILI SOUTH,FC/84/DT,9,IKEDIASHI JUDE CHIJINDU,MALE,LP,42,,Delta_ANIOCHA-NORTH-ANIOCHA-SOUTH.pdf
Delta,ANIOCHA NORTH/ANIOCHA SOUTH/OSHIMILI NORTH/OSHIMILI SOUTH,FC/84/DT,10,CHIEDU OKOLIE FRANK,MALE,MPN,32,,Delta_ANIOCHA-NORTH-ANIOCHA-SOUTH.pdf
Delta,ANIOCHA NORTH/ANIOCHA SOUTH/OSHIMILI NORTH/OSHIMILI SOUTH,FC/84/DT,11,ILUGO AUSTIN,MALE,PDC,170,,Delta_ANIOCHA-NORTH-ANIOCHA-SOUTH.pdf
Delta,ANIOCHA NORTH/ANIOCHA SOUTH/OSHIMILI NORTH/OSHIMILI SOUTH,FC/84/DT,12,NDUDI GODWIN ELUMELU,MALE,PDP,84214,,Delta_ANIOCHA-NORTH-ANIOCHA-SOUTH.pdf
Delta,ANIOCHA NORTH/ANIOCHA SOUTH/OSHIMILI NORTH/OSHIMILI SOUTH,FC/84/DT,13,CHIDI ONYEKA RONICK,MALE,PPN,24,,Delta_ANIOCHA-NORTH-ANIOCHA-SOUTH.pdf
Delta,ANIOCHA NORTH/ANIOCHA SOUTH/OSHIMILI NORTH/OSHIMILI SOUTH,FC/84/DT,14,THOMAS OHAI,MALE,SDP,18,,Delta_ANIOCHA-NORTH-ANIOCHA-SOUTH.pdf
Delta,ANIOCHA NORTH/ANIOCHA SOUTH/OSHIMILI NORTH/OSHIMILI SOUTH,FC/84/DT,15,UGOCHUKWU ONYENIBEJI JERRY,MALE,YPP,98,,Delta_ANIOCHA-NORTH-ANIOCHA-SOUTH.pdf
Delta,BOMADI/PATANI,FC/85/DT,1,HITLER EKIOKEYI,MALE,ADC,3685,,Delta_BOMADI-PATANI.pdf
Delta,BOMADI/PATANI,FC/85/DT,2,ESELEMO COLLINS OKUBOKEYEI,MALE,APC,5958,,Delta_BOMADI-PATANI.pdf
Delta,BOMADI/PATANI,FC/85/DT,3,NWAEBUNI PATRICK IFECHUKWUDE,MALE,DA,3,,Delta_BOMADI-PATANI.pdf
Delta,BOMADI/PATANI,FC/85/DT,4,OJOTO OKUBO B.K.,MALE,DPP,682,,Delta_BOMADI-PATANI.pdf
Delta,BOMADI/PATANI,FC/85/DT,5,ISAAC TOMBRA,MALE,HDP,0,,Delta_BOMADI-PATANI.pdf
Delta,BOMADI/PATANI,FC/85/DT,6,ABRAHAM CHRISTOPHER,MALE,KP,3,,Delta_BOMADI-PATANI.pdf
Delta,BOMADI/PATANI,FC/85/DT,7,MARKSON KENNEDY,MALE,MPN,4,,Delta_BOMADI-PATANI.pdf
Delta,BOMADI/PATANI,FC/85/DT,8,EBOMO NICHOLAS MUTU,MALE,PDP,75836,DECLARED ELECTED,Delta_BOMADI-PATANI.pdf
Delta,BOMADI/PATANI,FC/85/DT,9,YERINDIDEKE MULADE DANDY,MALE,SDP,67,,Delta_BOMADI-PATANI.pdf
Delta,BURUTU,FC/91/DT,1,CLETUS NINETRY,MALE,ADC,39,,Delta_BURUTU.pdf
Delta,BURUTU,FC/91/DT,2,PEREMENE AMOS ENEBIDOUGHA,MALE,AGAP,71,,Delta_BURUTU.pdf
Delta,BURUTU,FC/91/DT,3,ETONYE KARONA EKIOKEYERIN,MALE,APC,8472,,Delta_BURUTU.pdf
Delta,BURUTU,FC/91/DT,4,EMEKA O ISAAC,MALE,DA,0,,Delta_BURUTU.pdf
Delta,BURUTU,FC/91/DT,5,WAREFA E. VICTOR,MALE,DPP,5,,Delta_BURUTU.pdf
Delta,BURUTU,FC/91/DT,6,BASIL PREYE,MALE,HDP,1,,Delta_BURUTU.pdf
Delta,BURUTU,FC/91/DT,7,EZE ANTHONY ONWUZURUIKE,MALE,KP,1,,Delta_BURUTU.pdf
Delta,BURUTU,FC/91/DT,8,EJI KATE,FEMALE,MPN,4,,Delta_BURUTU.pdf
Delta,BURUTU,FC/91/DT,9,JULIUS GBABOJOR PONDI,MALE,PDP,36582,,Delta_BURUTU.pdf
Delta,BURUTU,FC/91/DT,10,OGORU TOSAH,MALE,SDP,48,,Delta_BURUTU.pdf
Delta,ETHIOPE EAST/ETHIOPE WEST,FC/86/DT,1,ONOME ROLAND OFOMOLA,MALE,AAC,57,,Delta_ETHIOPE-EAST-ETHIOPE-WEST.pdf
Delta,ETHIOPE EAST/ETHIOPE WEST,FC/86/DT,2,BLESSING TEJIRI ONOKURHEFE,FEMALE,ACD,17,,Delta_ETHIOPE-EAST-ETHIOPE-WEST.pdf
Delta,ETHIOPE EAST/ETHIOPE WEST,FC/86/DT,3,EDEWOR FELIX UZOH,MALE,ADC,42,,Delta_ETHIOPE-EAST-ETHIOPE-WEST.pdf
Delta,ETHIOPE EAST/ETHIOPE WEST,FC/86/DT,4,JOHN AGODA,MALE,APC,26374,,Delta_ETHIOPE-EAST-ETHIOPE-WEST.pdf
Delta,ETHIOPE EAST/ETHIOPE WEST,FC/86/DT,5,EYAKWAIRE EMUOBONNUVIE JOHN,MALE,ASD,7,,Delta_ETHIOPE-EAST-ETHIOPE-WEST.pdf
Delta,ETHIOPE EAST/ETHIOPE WEST,FC/86/DT,6,OKONJI JEREMAIAH,MALE,DA,8,,Delta_ETHIOPE-EAST-ETHIOPE-WEST.pdf
Delta,ETHIOPE EAST/ETHIOPE WEST,FC/86/DT,7,ANTHONY UCHAKPO,MALE,DPP,70,,Delta_ETHIOPE-EAST-ETHIOPE-WEST.pdf
Delta,ETHIOPE EAST/ETHIOPE WEST,FC/86/DT,8,JEJEMAHO DICKSON,MALE,HDP,9,,Delta_ETHIOPE-EAST-ETHIOPE-WEST.pdf
Delta,ETHIOPE EAST/ETHIOPE WEST,FC/86/DT,9,AKPOVINOVWO EMMANUEL O,MALE,JMPP,9,,Delta_ETHIOPE-EAST-ETHIOPE-WEST.pdf
Delta,ETHIOPE EAST/ETHIOPE WEST,FC/86/DT,10,AGHURU CHARLES,MALE,KP,5,,Delta_ETHIOPE-EAST-ETHIOPE-WEST.pdf
Delta,ETHIOPE EAST/ETHIOPE WEST,FC/86/DT,11,EREGARE ROBINSON ONISURU,MALE,LP,114,,Delta_ETHIOPE-EAST-ETHIOPE-WEST.pdf
Delta,ETHIOPE EAST/ETHIOPE WEST,FC/86/DT,12,TAYIRE EGODO LAWRENCE,MALE,NCP,170,,Delta_ETHIOPE-EAST-ETHIOPE-WEST.pdf
Delta,ETHIOPE EAST/ETHIOPE WEST,FC/86/DT,13,BEN ROLAND IGBAKPA,MALE,PDP,34745,DECLARED ELECTED,Delta_ETHIOPE-EAST-ETHIOPE-WEST.pdf
Delta,ETHIOPE EAST/ETHIOPE WEST,FC/86/DT,14,ATANARUNO ABRAHAM,MALE,PPN,5,,Delta_ETHIOPE-EAST-ETHIOPE-WEST.pdf
Delta,ETHIOPE EAST/ETHIOPE WEST,FC/86/DT,15,OTOBA OBANOVWE FRED,MALE,SDP,97,,Delta_ETHIOPE-EAST-ETHIOPE-WEST.pdf
Delta,ETHIOPE EAST/ETHIOPE WEST,FC/86/DT,16,ANUYA MONDAY ISIORHOVOJA,MALE,UDP,2,,Delta_ETHIOPE-EAST-ETHIOPE-WEST.pdf
Delta,ETHIOPE EAST/ETHIOPE WEST,FC/86/DT,17,ALIZOR NKEM FRANK,MALE,UPC,6,,Delta_ETHIOPE-EAST-ETHIOPE-WEST.pdf
Delta,ETHIOPE EAST/ETHIOPE WEST,FC/86/DT,18,UKURABORE LUCKY AKOMIRE,MALE,ZLP,5,,Delta_ETHIOPE-EAST-ETHIOPE-WEST.pdf
Delta,IKA EAST/IKA SOUTH,FC/87/DT,1,EFELOKWU LOVETH,FEMALE,ADC,62,,Delta_IKA-EAST-IKA-SOUTH.pdf
Delta,IKA EAST/IKA SOUTH,FC/87/DT,2,FAVOUR ELUEME,MALE,ANP,48,,Delta_IKA-EAST-IKA-SOUTH.pdf
Delta,IKA EAST/IKA SOUTH,FC/87/DT,3,OKOH SEBASTINE EDOKPOLOR,MALE,APC,12481,,Delta_IKA-EAST-IKA-SOUTH.pdf
Delta,IKA EAST/IKA SOUTH,FC/87/DT,4,OKAFOR JULIET,FEMALE,DA,6,,Delta_IKA-EAST-IKA-SOUTH.pdf
Delta,IKA EAST/IKA SOUTH,FC/87/DT,5,OWAH NICHOLAS ARUMOKA,MALE,DPP,45,,Delta_IKA-EAST-IKA-SOUTH.pdf
Delta,IKA EAST/IKA SOUTH,FC/87/DT,6,HEARTREST OPONE,MALE,HDP,11,,Delta_IKA-EAST-IKA-SOUTH.pdf
Delta,IKA EAST/IKA SOUTH,FC/87/DT,7,NWAKA HENRY CHUKWURIMAZU,MALE,JMPP,10,,Delta_IKA-EAST-IKA-SOUTH.pdf
Delta,IKA EAST/IKA SOUTH,FC/87/DT,8,AFUBERA MABEL UJUNWA,FEMALE,KP,5,,Delta_IKA-EAST-IKA-SOUTH.pdf
Delta,IKA EAST/IKA SOUTH,FC/87/DT,9,OGORDIUNOR HENRY IFEANYI,MALE,LP,13,,Delta_IKA-EAST-IKA-SOUTH.pdf
Delta,IKA EAST/IKA SOUTH,FC/87/DT,10,CHIEDU IDUWE STANLEY,MALE,MPN,18,,Delta_IKA-EAST-IKA-SOUTH.pdf
Delta,IKA EAST/IKA SOUTH,FC/87/DT,11,VICTOR ONYEMAECHI NWOKOLO,MALE,PDP,47688,DECLARED ELECTED,Delta_IKA-EAST-IKA-SOUTH.pdf
Delta,IKA EAST/IKA SOUTH,FC/87/DT,12,AGBOMA GRACE NWANEFURU,FEMALE,PPN,17,,Delta_IKA-EAST-IKA-SOUTH.pdf
Delta,IKA EAST/IKA SOUTH,FC/87/DT,13,CHIBOGWU JOHN A,MALE,SDP,15,,Delta_IKA-EAST-IKA-SOUTH.pdf
Delta,ISOKO NORTH/ISOKO SOUTH,FC/88/DT,1,AKPEWE FRED,MALE,ADC,15,,Delta_ISOKO-NORTH-ISOKO-SOUTH.pdf
Delta,ISOKO NORTH/ISOKO SOUTH,FC/88/DT,2,EDAFE UNUEZI ODUH,MALE,ADP,534,,Delta_ISOKO-NORTH-ISOKO-SOUTH.pdf
Delta,ISOKO NORTH/ISOKO SOUTH,FC/88/DT,3,BARTHELOMEW URUDE OGHENERENAZE,MALE,ANP,71,,Delta_ISOKO-NORTH-ISOKO-SOUTH.pdf
Delta,ISOKO NORTH/ISOKO SOUTH,FC/88/DT,4,JOEL-ONOWAKPO THOMAS E.,MALE,APC,23553,,Delta_ISOKO-NORTH-ISOKO-SOUTH.pdf
Delta,ISOKO NORTH/ISOKO SOUTH,FC/88/DT,5,OMINIGBO OGHOME,FEMALE,BNPP,3,,Delta_ISOKO-NORTH-ISOKO-SOUTH.pdf
Delta,ISOKO NORTH/ISOKO SOUTH,FC/88/DT,7,OPUTA FAVOUR OKWUDILI,MALE,DA,0,,Delta_ISOKO-NORTH-ISOKO-SOUTH.pdf
Delta,ISOKO NORTH/ISOKO SOUTH,FC/88/DT,8,ANDREW NWANZE OZOMA,MALE,DPP,7,,Delta_ISOKO-NORTH-ISOKO-SOUTH.pdf
Delta,ISOKO NORTH/ISOKO SOUTH,FC/88/DT,9,EJUMEDIA PRECIOUS SUNDAY,MALE,HDP,3,,Delta_ISOKO-NORTH-ISOKO-SOUTH.pdf
Delta,ISOKO NORTH/ISOKO SOUTH,FC/88/DT,10,EREZI TOME CHRISTOPHER,MALE,JMPP,1,,Delta_ISOKO-NORTH-ISOKO-SOUTH.pdf
Delta,ISOKO NORTH/ISOKO SOUTH,FC/88/DT,11,OTUWHO ENIFOME SOLOMON,MALE,KP,6,,Delta_ISOKO-NORTH-ISOKO-SOUTH.pdf
Delta,ISOKO NORTH/ISOKO SOUTH,FC/88/DT,12,TOBOR EFE,MALE,MPN,4,,Delta_ISOKO-NORTH-ISOKO-SOUTH.pdf
Delta,ISOKO NORTH/ISOKO SOUTH,FC/88/DT,13,OGOR LEONARD OKUWEH,MALE,PDP,34000,,Delta_ISOKO-NORTH-ISOKO-SOUTH.pdf
Delta,ISOKO NORTH/ISOKO SOUTH,FC/88/DT,14,REGINA EMEVWRENIOKE,FEMALE,PPA,217,,Delta_ISOKO-NORTH-ISOKO-SOUTH.pdf
Delta,ISOKO NORTH/ISOKO SOUTH,FC/88/DT,15,AWHOTU DESMOND AJIRIOGHENE,MALE,PPN,12,,Delta_ISOKO-NORTH-ISOKO-SOUTH.pdf
Delta,ISOKO NORTH/ISOKO SOUTH,FC/88/DT,16,OKAKOR AUSTINE OGHOGHO,MALE,SDP,68,,Delta_ISOKO-NORTH-ISOKO-SOUTH.pdf
Delta,ISOKO NORTH/ISOKO SOUTH,FC/88/DT,17,GODSPOWER EREREMENA PROF,FEMALE,ZLP,1,,Delta_ISOKO-NORTH-ISOKO-SOUTH.pdf
Delta,NDOKWA EAST/NDOKWA WEST/UKWUANI,FC/89/DT,1,OGBUKAH IFEYINWA OBIAGELI VANESSA,FEMALE,A,22,,Delta_NDOKWA-EAST-NDOKWA-WEST-UKWUANI.pdf
Delta,NDOKWA EAST/NDOKWA WEST/UKWUANI,FC/89/DT,2,OBI PEDRO O,MALE,ACPN,25,,Delta_NDOKWA-EAST-NDOKWA-WEST-UKWUANI.pdf
Delta,NDOKWA EAST/NDOKWA WEST/UKWUANI,FC/89/DT,3,JERICHO UDOMA ONYEKA,MALE,ADC,2713,,Delta_NDOKWA-EAST-NDOKWA-WEST-UKWUANI.pdf
Delta,NDOKWA EAST/NDOKWA WEST/UKWUANI,FC/89/DT,4,ODILI PAUL,MALE,APC,8690,,Delta_NDOKWA-EAST-NDOKWA-WEST-UKWUANI.pdf
Delta,NDOKWA EAST/NDOKWA WEST/UKWUANI,FC/89/DT,5,OTOBO HENRY,MALE,DA,7,,Delta_NDOKWA-EAST-NDOKWA-WEST-UKWUANI.pdf
Delta,NDOKWA EAST/NDOKWA WEST/UKWUANI,FC/89/DT,6,JIMOH PATIENCE KOKUMO,FEMALE,DPP,107,,Delta_NDOKWA-EAST-NDOKWA-WEST-UKWUANI.pdf
Delta,NDOKWA EAST/NDOKWA WEST/UKWUANI,FC/89/DT,7,OPONE HEARTREST,FEMALE,HDP,17,,Delta_NDOKWA-EAST-NDOKWA-WEST-UKWUANI.pdf
Delta,NDOKWA EAST/NDOKWA WEST/UKWUANI,FC/89/DT,8,NDIDI CHUKWUDI ANDREW,MALE,KP,10,,Delta_NDOKWA-EAST-NDOKWA-WEST-UKWUANI.pdf
Delta,NDOKWA EAST/NDOKWA WEST/UKWUANI,FC/89/DT,9,UZOR HARRY IFEANYICHUKWU,MALE,LP,22,,Delta_NDOKWA-EAST-NDOKWA-WEST-UKWUANI.pdf
Delta,NDOKWA EAST/NDOKWA WEST/UKWUANI,FC/89/DT,10,OGECHI EDEM,FEMALE,MPN,12,,Delta_NDOKWA-EAST-NDOKWA-WEST-UKWUANI.pdf
Delta,NDOKWA EAST/NDOKWA WEST/UKWUANI,FC/89/DT,11,AGBIDI AZUKA,MALE,NRM,37,,Delta_NDOKWA-EAST-NDOKWA-WEST-UKWUANI.pdf
Delta,NDOKWA EAST/NDOKWA WEST/UKWUANI,FC/89/DT,12,OSSAI NICHOLAS OSSAI,MALE,PDP,52934,,Delta_NDOKWA-EAST-NDOKWA-WEST-UKWUANI.pdf
Delta,NDOKWA EAST/NDOKWA WEST/UKWUANI,FC/89/DT,13,ONYIDU GEORGE OGHENEMARO,MALE,SDP,77,,Delta_NDOKWA-EAST-NDOKWA-WEST-UKWUANI.pdf
Delta,OKPE/SAPELE/UVWIE,FC/90/DT,1,IGBUYA MONDAY OVWIGHO,MALE,APC,26966,,Delta_OKPE-SAPELE-UVWIE.pdf
Delta,OKPE/SAPELE/UVWIE,FC/90/DT,2,OBERUAKPEFE ANTHONY AFE,MALE,PDP,36815,,Delta_OKPE-SAPELE-UVWIE.pdf
Delta,UGHELLI NORTH/UGHELLI SOUTH/UDU,FC/92/DT,1,OYIBO OSIRERINIX AWO,FEMALE,ABP,6,,Delta_UGHELLI-NORTH-UGHELLI-SOUTH-UDU.pdf
Delta,UGHELLI NORTH/UGHELLI SOUTH/UDU,FC/92/DT,2,OMONIGHO MONICA ABU G.,FEMALE,ADC,70,,Delta_UGHELLI-NORTH-UGHELLI-SOUTH-UDU.pdf
Delta,UGHELLI NORTH/UGHELLI SOUTH/UDU,FC/92/DT,3,OTOMO URHOLE JONAH,MALE,ANP,44,,Delta_UGHELLI-NORTH-UGHELLI-SOUTH-UDU.pdf
Delta,UGHELLI NORTH/UGHELLI SOUTH/UDU,FC/92/DT,4,WAIVE EJIROGHENE FRANCIS,MALE,APC,41385,,Delta_UGHELLI-NORTH-UGHELLI-SOUTH-UDU.pdf
Delta,UGHELLI NORTH/UGHELLI SOUTH/UDU,FC/92/DT,5,TOKA WILLIAMS SARAH,FEMALE,APDA,20,,Delta_UGHELLI-NORTH-UGHELLI-SOUTH-UDU.pdf
Delta,UGHELLI NORTH/UGHELLI SOUTH/UDU,FC/92/DT,6,EJECHI MARVIN,MALE,DA,0,,Delta_UGHELLI-NORTH-UGHELLI-SOUTH-UDU.pdf
Delta,UGHELLI NORTH/UGHELLI SOUTH/UDU,FC/92/DT,7,BULUKU KELLY OMAVNAYE,MALE,DPP,73,,Delta_UGHELLI-NORTH-UGHELLI-SOUTH-UDU.pdf
Delta,UGHELLI NORTH/UGHELLI SOUTH/UDU,FC/92/DT,8,RHIAKPORE KESIENA OSIETA,MALE,KP,3,,Delta_UGHELLI-NORTH-UGHELLI-SOUTH-UDU.pdf
Delta,UGHELLI NORTH/UGHELLI SOUTH/UDU,FC/92/DT,9,NUWHELE THANKGOD JESUMEVWAROSO,MALE,LP,98,,Delta_UGHELLI-NORTH-UGHELLI-SOUTH-UDU.pdf
Delta,UGHELLI NORTH/UGHELLI SOUTH/UDU,FC/92/DT,10,EJOYWOKE JULIE U,FEMALE,MPN,0,,Delta_UGHELLI-NORTH-UGHELLI-SOUTH-UDU.pdf
Delta,UGHELLI NORTH/UGHELLI SOUTH/UDU,FC/92/DT,11,USEH OTUMEMINE EMMANUEL,MALE,PDC,99,,Delta_UGHELLI-NORTH-UGHELLI-SOUTH-UDU.pdf
Delta,UGHELLI NORTH/UGHELLI SOUTH/UDU,FC/92/DT,12,SAMUEL OGHENEVWOGAGA MARIERE,MALE,PDP,35126,,Delta_UGHELLI-NORTH-UGHELLI-SOUTH-UDU.pdf
Delta,UGHELLI NORTH/UGHELLI SOUTH/UDU,FC/92/DT,13,UMUKOTETE GLORIA OGHENEBIOBORUE,FEMALE,PPA,132,,Delta_UGHELLI-NORTH-UGHELLI-SOUTH-UDU.pdf
Delta,UGHELLI NORTH/UGHELLI SOUTH/UDU,FC/92/DT,14,UDOMA DUKE ENAHORO ISRAEL,MALE,PPN,6,,Delta_UGHELLI-NORTH-UGHELLI-SOUTH-UDU.pdf
Delta,UGHELLI NORTH/UGHELLI SOUTH/UDU,FC/92/DT,15,AHWINAHWI SOLOMON,MALE,SDP,11098,,Delta_UGHELLI-NORTH-UGHELLI-SOUTH-UDU.pdf
Delta,UGHELLI NORTH/UGHELLI SOUTH/UDU,FC/92/DT,16,EDOYISE FELIX \ AFORKE,MALE,SNP,53,,Delta_UGHELLI-NORTH-UGHELLI-SOUTH-UDU.pdf
Delta,WARRI NORTH/WARRI SOUTH/WARRI SOUTHWEST,FC/93/DT,1,ATSEPOYI FREEDOM,MALE,AAC,749,,Delta_WARRI-NORTH-WARRI-SOUTH-WARRI-S.pdf
Delta,WARRI NORTH/WARRI SOUTH/WARRI SOUTHWEST,FC/93/DT,2,ETSOLE JULIANA ORITSE,FEMALE,ADC,509,,Delta_WARRI-NORTH-WARRI-SOUTH-WARRI-S.pdf
Delta,WARRI NORTH/WARRI SOUTH/WARRI SOUTHWEST,FC/93/DT,3,EYENGHO ALEX ORITSEGBEYIWA,MALE,APC,18437,,Delta_WARRI-NORTH-WARRI-SOUTH-WARRI-S.pdf
Delta,WARRI NORTH/WARRI SOUTH/WARRI SOUTHWEST,FC/93/DT,4,ODOBIKEN GIFT PRINCESS,FEMALE,CAP,13,,Delta_WARRI-NORTH-WARRI-SOUTH-WARRI-S.pdf
Delta,WARRI NORTH/WARRI SOUTH/WARRI SOUTHWEST,FC/93/DT,5,ANENGIMO JONAH,MALE,DA,12,,Delta_WARRI-NORTH-WARRI-SOUTH-WARRI-S.pdf
Delta,WARRI NORTH/WARRI SOUTH/WARRI SOUTHWEST,FC/93/DT,6,JOLOMI ODONMETA,MALE,DPP,15,,Delta_WARRI-NORTH-WARRI-SOUTH-WARRI-S.pdf
Delta,WARRI NORTH/WARRI SOUTH/WARRI SOUTHWEST,FC/93/DT,7,ROSELINE SHOLA,FEMALE,HDP,3,,Delta_WARRI-NORTH-WARRI-SOUTH-WARRI-S.pdf
Delta,WARRI NORTH/WARRI SOUTH/WARRI SOUTHWEST,FC/93/DT,8,NUNU PATIENCE OTUEDON,FEMALE,PDC,329,,Delta_WARRI-NORTH-WARRI-SOUTH-WARRI-S.pdf
Delta,WARRI NORTH/WARRI SOUTH/WARRI SOUTHWEST,FC/93/DT,9,THOMAS EREYITOMI,MALE,PDP,152874,,Delta_WARRI-NORTH-WARRI-SOUTH-WARRI-S.pdf
Delta,WARRI NORTH/WARRI SOUTH/WARRI SOUTHWEST,FC/93/DT,10,CHALELE FRIDAY O,MALE,PPN,51,,Delta_WARRI-NORTH-WARRI-SOUTH-WARRI-S.pdf
Delta,WARRI NORTH/WARRI SOUTH/WARRI SOUTHWEST,FC/93/DT,11,DANIEL REYENIEJU ORITSEGBUBEMI,MALE,SDP,25032,,Delta_WARRI-NORTH-WARRI-SOUTH-WARRI-S.pdf
Delta,WARRI NORTH/WARRI SOUTH/WARRI SOUTHWEST,FC/93/DT,12,TOM ABILLY GERALD,MALE,UPC,,,Delta_WARRI-NORTH-WARRI-SOUTH-WARRI-S.pdf
Ebonyi,ABAKALIKI/IZZI,FC/095/EB,1,NWOSHIBE ABRAHAM .U.,M,AD,15,,Ebonyi_ABAKALIKI-IZZI.pdf
Ebonyi,ABAKALIKI/IZZI,FC/095/EB,2,NKWUDA JONAH OBINNA,M,ADC,44,,Ebonyi_ABAKALIKI-IZZI.pdf
Ebonyi,ABAKALIKI/IZZI,FC/095/EB,3,NSHII UCHENNA MBAM,M,APC,21541,,Ebonyi_ABAKALIKI-IZZI.pdf
Ebonyi,ABAKALIKI/IZZI,FC/095/EB,4,OKARA CHIZOBA KENIAH,F,DA,26,,Ebonyi_ABAKALIKI-IZZI.pdf
Ebonyi,ABAKALIKI/IZZI,FC/095/EB,5,ELOM CHRISTIAN ALENE,M,JMPP,18,,Ebonyi_ABAKALIKI-IZZI.pdf
Ebonyi,ABAKALIKI/IZZI,FC/095/EB,6,UMOKE FIDELIS MBAU,M,LP,50,,Ebonyi_ABAKALIKI-IZZI.pdf
Ebonyi,ABAKALIKI/IZZI,FC/095/EB,7,BENJAMIN UFOKE,M,PDM,61,,Ebonyi_ABAKALIKI-IZZI.pdf
Ebonyi,ABAKALIKI/IZZI,FC/095/EB,8,JEROME M. NWALEGU,M,PPN,10,,Ebonyi_ABAKALIKI-IZZI.pdf
Ebonyi,ABAKALIKI/IZZI,FC/095/EB,9,OKECHUKWU AGUIGWE PAUL,M,SDP,71,,Ebonyi_ABAKALIKI-IZZI.pdf
Ebonyi,ABAKALIKI/IZZI,FC/095/EB,10,OGBAGA SYLVESTER .O.,M,PDP,40890,DECLARED ELECTED,Ebonyi_ABAKALIKI-IZZI.pdf
Ebonyi,ABAKALIKI/IZZI,FC/095/EB,11,UGURU SUNDAY PRINCE,M,ZLP,25,,Ebonyi_ABAKALIKI-IZZI.pdf
Ebonyi,AFIKPO NORTH/AFIKPO SOUTH,FC/099/EB,1,OTU EZE KINGSLEY,M,ACD,35,,Ebonyi_AFIKPO-NORTH-AFIKPO-SOUTH.pdf
Ebonyi,AFIKPO NORTH/AFIKPO SOUTH,FC/099/EB,2,NWACHI MARIA UDE,F,ANN,8484,,Ebonyi_AFIKPO-NORTH-AFIKPO-SOUTH.pdf
Ebonyi,AFIKPO NORTH/AFIKPO SOUTH,FC/099/EB,3,ANTHONY OGBONNA EKOH,M,APC,9951,,Ebonyi_AFIKPO-NORTH-AFIKPO-SOUTH.pdf
Ebonyi,AFIKPO NORTH/AFIKPO SOUTH,FC/099/EB,4,UCHE OLUGHU FELIX,M,APGA,186,,Ebonyi_AFIKPO-NORTH-AFIKPO-SOUTH.pdf
Ebonyi,AFIKPO NORTH/AFIKPO SOUTH,FC/099/EB,5,KANU GODWIN THOMAS,M,DA,22,,Ebonyi_AFIKPO-NORTH-AFIKPO-SOUTH.pdf
Ebonyi,EBONYI/OHAUKWU,FC/094/EB,1,PETER OGE ALI,M,APC,18213,,Ebonyi_EBONYI-OHAUKWU.pdf
Ebonyi,EBONYI/OHAUKWU,FC/094/EB,2,EKUMHE GEORGE C.,M,CAP,14,,Ebonyi_EBONYI-OHAUKWU.pdf
Ebonyi,EBONYI/OHAUKWU,FC/094/EB,3,OGWOGU CELESTINE,M,DA,16,,Ebonyi_EBONYI-OHAUKWU.pdf
Ebonyi,EBONYI/OHAUKWU,FC/094/EB,4,IZUCHUKWU JOSHUA,M,JMPP,32,,Ebonyi_EBONYI-OHAUKWU.pdf
Ebonyi,EBONYI/OHAUKWU,FC/094/EB,5,NWANKWO IKECHUKWU A,M,LP,13,,Ebonyi_EBONYI-OHAUKWU.pdf
Ebonyi,EBONYI/OHAUKWU,FC/094/EB,6,NWAZUNKU CHUKWUMA ALUGBALA,M,PDP,39638,DECLARED ELECTED,Ebonyi_EBONYI-OHAUKWU.pdf
Ebonyi,EBONYI/OHAUKWU,FC/094/EB,7,NWABUEZE AWA STEPHEN,M,PPN,23,,Ebonyi_EBONYI-OHAUKWU.pdf
Ebonyi,EBONYI/OHAUKWU,FC/094/EB,8,ONWE ONWE UCHENNA,M,SDP,422,,Ebonyi_EBONYI-OHAUKWU.pdf
Ebonyi,EBONYI/OHAUKWU,FC/094/EB,9,IKPOJI OKORIE JAMES,M,UPP,14,,Ebonyi_EBONYI-OHAUKWU.pdf
Ebonyi,EBONYI/OHAUKWU,FC/094/EB,10,NWOKPURU ABAFU SUNDAY,M,ZLP,13,,Ebonyi_EBONYI-OHAUKWU.pdf
Ebonyi,EZZA NORTH/ISHIELU,FC/096/EB,1,CHIKEZIE IGWE PAUL,M,ADC,96,,Ebonyi_EZZA-NORTH-ISHIELU.pdf
Ebonyi,EZZA NORTH/ISHIELU,FC/096/EB,2,MICHEAL .H. IFERE,M,APC,13372,,Ebonyi_EZZA-NORTH-ISHIELU.pdf
Ebonyi,EZZA NORTH/ISHIELU,FC/096/EB,3,OPIA JOY,F,DA,14,,Ebonyi_EZZA-NORTH-ISHIELU.pdf
Ebonyi,EZZA NORTH/ISHIELU,FC/096/EB,4,UGBALA SUNDAY NATHY,M,JMPP,17,,Ebonyi_EZZA-NORTH-ISHIELU.pdf
Ebonyi,EZZA NORTH/ISHIELU,FC/096/EB,5,NWORIE JACOB,M,LP,28,,Ebonyi_EZZA-NORTH-ISHIELU.pdf
Ebonyi,EZZA NORTH/ISHIELU,FC/096/EB,6,ANAYO EDWIN NWONII,M,PDP,34373,DECLARED ELECTED,Ebonyi_EZZA-NORTH-ISHIELU.pdf
Ebonyi,EZZA NORTH/ISHIELU,FC/096/EB,7,FRIDAY OKOLIA ERNEST,M,PPN,42,,Ebonyi_EZZA-NORTH-ISHIELU.pdf
Ebonyi,EZZA NORTH/ISHIELU,FC/096/EB,8,OGBONNAYA PETER OKEY,M,SDP,978,,Ebonyi_EZZA-NORTH-ISHIELU.pdf
Ebonyi,EZZA NORTH/ISHIELU,FC/096/EB,9,OSMOND C. NWORIE,M,UPP,14,,Ebonyi_EZZA-NORTH-ISHIELU.pdf
Ebonyi,EZZA NORTH/ISHIELU,FC/096/EB,10,OGBA CATHERINE,F,ZLP,6,,Ebonyi_EZZA-NORTH-ISHIELU.pdf
Ebonyi,EZZA SOUTH/IKWO,FC/094/EB,1,ULEBE KENNETH,M,ACD,49,,Ebonyi_EZZA-SOUTH-IKWO.pdf
Ebonyi,EZZA SOUTH/IKWO,FC/094/EB,2,OGENE AZUBUIKE OYIBE,M,ADC,58,,Ebonyi_EZZA-SOUTH-IKWO.pdf
Ebonyi,EZZA SOUTH/IKWO,FC/094/EB,3,CHINEDU OGAR NWEKE,M,APC,27695,,Ebonyi_EZZA-SOUTH-IKWO.pdf
Ebonyi,EZZA SOUTH/IKWO,FC/094/EB,4,ABANUM BEAUTY IFEOMA,F,DA,23,,Ebonyi_EZZA-SOUTH-IKWO.pdf
Ebonyi,EZZA SOUTH/IKWO,FC/094/EB,5,OKEFI AUGUSTINE C,M,JMPP,17,,Ebonyi_EZZA-SOUTH-IKWO.pdf
Ebonyi,EZZA SOUTH/IKWO,FC/094/EB,6,OGBE LAZARUS NWERU,M,PDP,31296,DECLARED ELECTED,Ebonyi_EZZA-SOUTH-IKWO.pdf
Ebonyi,EZZA SOUTH/IKWO,FC/094/EB,7,AGU GINIKACHI N,F,PPN,35,,Ebonyi_EZZA-SOUTH-IKWO.pdf
Ebonyi,EZZA SOUTH/IKWO,FC/094/EB,8,OKECHUKWU G. UGBALA,M,SDF,22,,Ebonyi_EZZA-SOUTH-IKWO.pdf
Ebonyi,IVO-OHAOZARA/ONICH,FC/098/EB,1,NWEZE PRINCE AWO,M,AAP,48,,Ebonyi_IVO-OHAOZARA-ONICH.pdf
Ebonyi,IVO-OHAOZARA/ONICH,FC/098/EB,2,CHUKU NKATA NWANI,M,ANN,2748,,Ebonyi_IVO-OHAOZARA-ONICH.pdf
Ebonyi,IVO-OHAOZARA/ONICH,FC/098/EB,3,ODII FESTUS IFESINACHI,M,APC,10178,,Ebonyi_IVO-OHAOZARA-ONICH.pdf
Ebonyi,IVO-OHAOZARA/ONICH,FC/098/EB,4,CHUKWU FRANCIS ENYI,M,APP,1435,,Ebonyi_IVO-OHAOZARA-ONICH.pdf
Ebonyi,IVO-OHAOZARA/ONICH,FC/098/EB,5,FRANCIS OKEREKE OKORO,F,DA,35,,Ebonyi_IVO-OHAOZARA-ONICH.pdf
Ebonyi,IVO-OHAOZARA/ONICH,FC/098/EB,6,OBAJI CHRISTIAN EZE,M,JMPP,54,,Ebonyi_IVO-OHAOZARA-ONICH.pdf
Ebonyi,IVO-OHAOZARA/ONICH,FC/098/EB,7,OKODIE IGBOKE LINUS,M,LP,46,,Ebonyi_IVO-OHAOZARA-ONICH.pdf
Ebonyi,IVO-OHAOZARA/ONICH,FC/098/EB,8,LIVINUS MAKWE,M,PDP,68136,DECLARED ELECTED,Ebonyi_IVO-OHAOZARA-ONICH.pdf
Ebonyi,IVO-OHAOZARA/ONICH,FC/098/EB,9,AKABUOGU THERESA NGOZI,F,PPA,95,,Ebonyi_IVO-OHAOZARA-ONICH.pdf
Ebonyi,IVO-OHAOZARA/ONICH,FC/098/EB,10,OSITA THEOPHILUS CHINEDU,M,PPN,28,,Ebonyi_IVO-OHAOZARA-ONICH.pdf
Ebonyi,IVO-OHAOZARA/ONICH,FC/098/EB,11,UZOMA BAICA EZE,F,SDP,76,,Ebonyi_IVO-OHAOZARA-ONICH.pdf
Edo,AKOKO EDO,FC/100/ED,1,AMUNE M. OSAVESHI,M,AAC,117,,Edo_AKOKO-EDO.pdf
Edo,AKOKO EDO,FC/100/ED,2,PETER O. REMILEKUN,M,ADC,28,,Edo_AKOKO-EDO.pdf
Edo,AKOKO EDO,FC/100/ED,3,AKPATASON O. PETER,M,APC,27126,DECLARED ELECTED,Edo_AKOKO-EDO.pdf
Edo,AKOKO EDO,FC/100/ED,4,SEGUN UKONGA,M,DA,,,Edo_AKOKO-EDO.pdf
Edo,AKOKO EDO,FC/100/ED,5,JOSHUA F. FELIX,F,LP,148,,Edo_AKOKO-EDO.pdf
Edo,AKOKO EDO,FC/100/ED,6,BANKOLE B. OLADELE,M,PDP,16405,,Edo_AKOKO-EDO.pdf
Ekiti,ADO EKITI/IREPODUN/IFELODUN,FC/109/EK,1,OGUNJOBI GANI ADEKUNLE,MALE,ADC,354,,Ekiti_ADO-EKITI-IREPODUN-IFELODUN.pdf
Ekiti,ADO EKITI/IREPODUN/IFELODUN,FC/109/EK,2,FATOBA OLUSOLA STEVE,MALE,APC,55483,DECLARED ELECTED,Ekiti_ADO-EKITI-IREPODUN-IFELODUN.pdf
Ekiti,ADO EKITI/IREPODUN/IFELODUN,FC/109/EK,3,ADEYINKA ADEGBOYE,MALE,LP,44,,Ekiti_ADO-EKITI-IREPODUN-IFELODUN.pdf
Ekiti,ADO EKITI/IREPODUN/IFELODUN,FC/109/EK,4,MICHAEL AANU OLUWATOBA,MALE,MPN,31,,Ekiti_ADO-EKITI-IREPODUN-IFELODUN.pdf
Ekiti,ADO EKITI/IREPODUN/IFELODUN,FC/109/EK,5,IYANIWUPA IFEDAYO TOPE,MALE,NDLP,57,,Ekiti_ADO-EKITI-IREPODUN-IFELODUN.pdf
Ekiti,ADO EKITI/IREPODUN/IFELODUN,FC/109/EK,6,OLADIMEJI AYODELE,MALE,PDP,27836,,Ekiti_ADO-EKITI-IREPODUN-IFELODUN.pdf
Ekiti,ADO EKITI/IREPODUN/IFELODUN,FC/109/EK,7,AYODELE ADEBAYO,MALE,PPN,31,,Ekiti_ADO-EKITI-IREPODUN-IFELODUN.pdf
Ekiti,ADO EKITI/IREPODUN/IFELODUN,FC/109/EK,8,ADODO OLAYINKA,FEMALE,PT,10,,Ekiti_ADO-EKITI-IREPODUN-IFELODUN.pdf
Ekiti,ADO EKITI/IREPODUN/IFELODUN,FC/109/EK,9,OLABODE JOHN WESLEY,MALE,YDP,22,,Ekiti_ADO-EKITI-IREPODUN-IFELODUN.pdf
Ekiti,EKITI SOUTH WEST/IKERE/ISE ORUN,FC/110/EK,1,ABIODUN ADETIMEHIN,MALE,ADC,423,,Ekiti_EKITI-SOUTH-WEST-IKERE-ORUN-ISE.pdf
Ekiti,EKITI SOUTH WEST/IKERE/ISE ORUN,FC/110/EK,2,ADARAMODU ADEYEMI RAPHAEL,MALE,APC,41864,DECLARED ELECTED,Ekiti_EKITI-SOUTH-WEST-IKERE-ORUN-ISE.pdf
Ekiti,EKITI SOUTH WEST/IKERE/ISE ORUN,FC/110/EK,3,AJIBARE EMMANUEL TOSIN,MALE,ID,4,,Ekiti_EKITI-SOUTH-WEST-IKERE-ORUN-ISE.pdf
Ekiti,EKITI SOUTH WEST/IKERE/ISE ORUN,FC/110/EK,4,ADEWALE OLUWOLE KAYODE,MALE,JMPP,7,,Ekiti_EKITI-SOUTH-WEST-IKERE-ORUN-ISE.pdf
Ekiti,EKITI SOUTH WEST/IKERE/ISE ORUN,FC/110/EK,5,AJALA PAUL TOLULOPE,MALE,LP,11,,Ekiti_EKITI-SOUTH-WEST-IKERE-ORUN-ISE.pdf
Ekiti,EKITI SOUTH WEST/IKERE/ISE ORUN,FC/110/EK,6,OGUNTUASE YUSUF O.,MALE,MPN,6,,Ekiti_EKITI-SOUTH-WEST-IKERE-ORUN-ISE.pdf
Ekiti,EKITI SOUTH WEST/IKERE/ISE ORUN,FC/110/EK,7,IYIOLA OLUWAMUYIWA,MALE,NAC,38,,Ekiti_EKITI-SOUTH-WEST-IKERE-ORUN-ISE.pdf
Ekiti,EKITI SOUTH WEST/IKERE/ISE ORUN,FC/110/EK,8,ADEKOLA SEGUN ALEXANDER,MALE,PDP,25707,,Ekiti_EKITI-SOUTH-WEST-IKERE-ORUN-ISE.pdf
Ekiti,EKITI SOUTH WEST/IKERE/ISE ORUN,FC/110/EK,9,OWOEYE FRANCIS,MALE,PPN,31,,Ekiti_EKITI-SOUTH-WEST-IKERE-ORUN-ISE.pdf
Ekiti,EKITI SOUTH WEST/IKERE/ISE ORUN,FC/110/EK,10,ADEBAYO JOHNSON,MALE,PT,4,,Ekiti_EKITI-SOUTH-WEST-IKERE-ORUN-ISE.pdf
Ekiti,EMURE/GBONYIN/EKITI EAST,FC/111/EK,1,OWOSENI OLANIRAN,MALE,ADC,132,,Ekiti_EMURE-GBONYIN-EKITI-EAST.pdf
Ekiti,EMURE/GBONYIN/EKITI EAST,FC/111/EK,2,BAMISILE OLUFEMI RICHARD,MALE,APC,37271,DECLARED ELECTED,Ekiti_EMURE-GBONYIN-EKITI-EAST.pdf
Ekiti,EMURE/GBONYIN/EKITI EAST,FC/111/EK,3,AKANNI FELIX,MALE,MPN,12,,Ekiti_EMURE-GBONYIN-EKITI-EAST.pdf
Ekiti,EMURE/GBONYIN/EKITI EAST,FC/111/EK,4,AWODUMILA JULIUS AKINYEDE,MALE,PDP,26101,,Ekiti_EMURE-GBONYIN-EKITI-EAST.pdf
Ekiti,EMURE/GBONYIN/EKITI EAST,FC/111/EK,5,OLOWOMEYE DELE ZACCHEAUS,MALE,PPN,27,,Ekiti_EMURE-GBONYIN-EKITI-EAST.pdf
Ekiti,"IDO/OSI, MOBA/ILEJEME",FC/112/EK,1,LAWAL OLUBUNMI OLUFUNMILAYO,FEMALE,ADC,92,,Ekiti_IDO-OSI-MOBA-ILEJEMEJE.pdf
Ekiti,"IDO/OSI, MOBA/ILEJEME",FC/112/EK,2,OLANREWAJU IBRAHIM KUNLE,MALE,APC,29388,DECLARED ELECTED,Ekiti_IDO-OSI-MOBA-ILEJEMEJE.pdf
Ekiti,"IDO/OSI, MOBA/ILEJEME",FC/112/EK,3,AKINLOYE AYODELE MARY,FEMALE,ASD,25,,Ekiti_IDO-OSI-MOBA-ILEJEMEJE.pdf
Ekiti,"IDO/OSI, MOBA/ILEJEME",FC/112/EK,4,OMOTOSO NICHOLAS OLUSOLA,MALE,PDP,23684,,Ekiti_IDO-OSI-MOBA-ILEJEMEJE.pdf
Ekiti,"IDO/OSI, MOBA/ILEJEME",FC/112/EK,5,ADERIBIGBE BIODUN MODUPE,FEMALE,PPN,16,,Ekiti_IDO-OSI-MOBA-ILEJEMEJE.pdf
Ekiti,"IDO/OSI, MOBA/ILEJEME",FC/112/EK,6,FAMOROTI ADEFEMI,MALE,YDP,5,,Ekiti_IDO-OSI-MOBA-ILEJEMEJE.pdf
Ekiti,IJERO/EKITI WEST/EFON,FC/113/EK,1,OSUNTOKUN KIKELOMO ENIOLA,FEMALE,ADC,188,,Ekiti_IJERO-EKITI-WEST-EFON.pdf
Ekiti,IJERO/EKITI WEST/EFON,FC/113/EK,2,OGUNLOLA OMOWUMI OLUBUNMI,FEMALE,APC,38372,DECLARED ELECTED,Ekiti_IJERO-EKITI-WEST-EFON.pdf
Ekiti,IJERO/EKITI WEST/EFON,FC/113/EK,3,KOLAWOLE BISI,MALE,PDP,21227,,Ekiti_IJERO-EKITI-WEST-EFON.pdf
Ekiti,IJERO/EKITI WEST/EFON,FC/113/EK,4,OLORUNGBON AKINYELE LAWRENCE,MALE,PPN,21,,Ekiti_IJERO-EKITI-WEST-EFON.pdf
Ekiti,IKOLE/OYE,FC/114/EK,1,OKE JOHNSON ILESANMI,MALE,ADC,773,,Ekiti_IKOLE-OYE.pdf
Ekiti,IKOLE/OYE,FC/114/EK,2,OWOLABI PETER,MALE,APC,31532,DECLARED EECTED,Ekiti_IKOLE-OYE.pdf
Ekiti,IKOLE/OYE,FC/114/EK,3,OLATUNDE ANTHONY OLAYEMI,MALE,DPP,116,,Ekiti_IKOLE-OYE.pdf
Ekiti,IKOLE/OYE,FC/114/EK,4,BABALOLA OLUMUYIWA-ASCHOR,MALE,KP,5,,Ekiti_IKOLE-OYE.pdf
Ekiti,IKOLE/OYE,FC/114/EK,5,AGBOOLA EMMANUEL KEHINDE,MALE,PDP,25366,,Ekiti_IKOLE-OYE.pdf
Ekiti,IKOLE/OYE,FC/114/EK,6,AWE SAMUEL OLUSOLA,MALE,PPN,25,,Ekiti_IKOLE-OYE.pdf
Ekiti,IKOLE/OYE,FC/114/EK,7,OGUNSEYIN OLALEYE MICHAELS,MALE,YDP,14,,Ekiti_IKOLE-OYE.pdf
Enugu,ANINRI/AWGU/OJI RIVER,FC/115/EN,1,NWANZE LINUS,MALE,ACPN,26,,Enugu_ANINRI-AWGUOJI-RIVER.pdf
Enugu,ANINRI/AWGU/OJI RIVER,FC/115/EN,2,NNUKWUAGU MATHIAS S.,MALE,ADC,43,,Enugu_ANINRI-AWGUOJI-RIVER.pdf
Enugu,ANINRI/AWGU/OJI RIVER,FC/115/EN,3,ILO VINMARTIN OBIORA,MALE,APC,8354,,Enugu_ANINRI-AWGUOJI-RIVER.pdf
Enugu,ANINRI/AWGU/OJI RIVER,FC/115/EN,4,ILOABANAFOR JOSEPH O.,MALE,APGA,3854,,Enugu_ANINRI-AWGUOJI-RIVER.pdf
Enugu,ANINRI/AWGU/OJI RIVER,FC/115/EN,5,ENGR CHUKWU CHARLES O.,MALE,DA,19,,Enugu_ANINRI-AWGUOJI-RIVER.pdf
Enugu,ANINRI/AWGU/OJI RIVER,FC/115/EN,6,ONYIA NELSON C,MALE,ID,2,,Enugu_ANINRI-AWGUOJI-RIVER.pdf
Enugu,ANINRI/AWGU/OJI RIVER,FC/115/EN,7,IGWEOKOLO STEPHEN O,MALE,JMPP,6,,Enugu_ANINRI-AWGUOJI-RIVER.pdf
Enugu,ANINRI/AWGU/OJI RIVER,FC/115/EN,8,CHUKWU EMEKA E.,MALE,KP,5,,Enugu_ANINRI-AWGUOJI-RIVER.pdf
Enugu,ANINRI/AWGU/OJI RIVER,FC/115/EN,9,UZODIMMA EMELE I.,MALE,MPN,10,,Enugu_ANINRI-AWGUOJI-RIVER.pdf
Enugu,ANINRI/AWGU/OJI RIVER,FC/115/EN,10,OKECHUKWU TOBY,MALE,PDP,50173,DECLARED ELECTED,Enugu_ANINRI-AWGUOJI-RIVER.pdf
Enugu,ANINRI/AWGU/OJI RIVER,FC/115/EN,11,OKOLO OBINNA,MALE,PPN,66,,Enugu_ANINRI-AWGUOJI-RIVER.pdf
Enugu,ANINRI/AWGU/OJI RIVER,FC/115/EN,12,ROBISON EMEKA EKENE,MALE,UPP,162,,Enugu_ANINRI-AWGUOJI-RIVER.pdf
Enugu,ENUGU EAST/ISIUZO,FC/116/EN,1,IKE OKECHUKWU GEORGE,MALE,ADC,54,,Enugu_ENUGU-EAST-ISIUZO.pdf
Enugu,ENUGU EAST/ISIUZO,FC/116/EN,2,MBA DANIEL OKWUDILI,MALE,APA,50,,Enugu_ENUGU-EAST-ISIUZO.pdf
Enugu,ENUGU EAST/ISIUZO,FC/116/EN,3,KATE E. NNAMANI,FEMALE,APC,9222,,Enugu_ENUGU-EAST-ISIUZO.pdf
Enugu,ENUGU EAST/ISIUZO,FC/116/EN,4,CHIEF JOSEPH ANIKE,MALE,DA,8,,Enugu_ENUGU-EAST-ISIUZO.pdf
Enugu,ENUGU EAST/ISIUZO,FC/116/EN,5,APOSTEL IKE P,MALE,JMPP,2,,Enugu_ENUGU-EAST-ISIUZO.pdf
Enugu,ENUGU EAST/ISIUZO,FC/116/EN,6,NWANGWU AUGUSTINE A,MALE,KP,17,,Enugu_ENUGU-EAST-ISIUZO.pdf
Enugu,ENUGU EAST/ISIUZO,FC/116/EN,7,OBINNA OGBOROR FLORENCE,FEMALE,MPN,14,,Enugu_ENUGU-EAST-ISIUZO.pdf
Enugu,ENUGU EAST/ISIUZO,FC/116/EN,8,NNAJI PRINCE CORNELIUS,MALE,PDP,36191,DECLARED ELECTED,Enugu_ENUGU-EAST-ISIUZO.pdf
Enugu,ENUGU EAST/ISIUZO,FC/116/EN,9,PETER ICHA,MALE,SDP,8,,Enugu_ENUGU-EAST-ISIUZO.pdf
Enugu,ENUGU EAST/ISIUZO,FC/116/EN,10,ANIAGA JOSEPH,MALE,UPP,40,,Enugu_ENUGU-EAST-ISIUZO.pdf
Enugu,ENUGU NORTH/ENUGU SOUTH,FC/117/EN,1,JONAS CHUKWU,MALE,ACD,36,,Enugu_ENUGU-NORTH-ENUGU-SOUT.pdf
Enugu,ENUGU NORTH/ENUGU SOUTH,FC/117/EN,2,UGWU SUNDAY ALEXANDER,MALE,ADC,142,,Enugu_ENUGU-NORTH-ENUGU-SOUT.pdf
Enugu,ENUGU NORTH/ENUGU SOUTH,FC/117/EN,3,OGBE CHUKWUNONSO,MALE,APA,119,,Enugu_ENUGU-NORTH-ENUGU-SOUT.pdf
Enugu,ENUGU NORTH/ENUGU SOUTH,FC/117/EN,4,NELSON MADUKA ARUM,MALE,APC,13921,,Enugu_ENUGU-NORTH-ENUGU-SOUT.pdf
Enugu,ENUGU NORTH/ENUGU SOUTH,FC/117/EN,5,AGBUGBA BRIGHT,FEMALE,GPN,3,,Enugu_ENUGU-NORTH-ENUGU-SOUT.pdf
Enugu,ENUGU NORTH/ENUGU SOUTH,FC/117/EN,6,OKWUCHUKWU GODWIN,MALE,HDP,5,,Enugu_ENUGU-NORTH-ENUGU-SOUT.pdf
Enugu,ENUGU NORTH/ENUGU SOUTH,FC/117/EN,7,ILOJEM NNEKA UKAMAKA,MALE,JMPP,3,,Enugu_ENUGU-NORTH-ENUGU-SOUT.pdf
Enugu,ENUGU NORTH/ENUGU SOUTH,FC/117/EN,8,MONDAY OKOYE HILLARY,MALE,KP,5,,Enugu_ENUGU-NORTH-ENUGU-SOUT.pdf
Enugu,ENUGU NORTH/ENUGU SOUTH,FC/117/EN,9,CHIKA RITA OKOLI,FEMALE,MPN,9,,Enugu_ENUGU-NORTH-ENUGU-SOUT.pdf
Enugu,ENUGU NORTH/ENUGU SOUTH,FC/117/EN,10,CHUKWUEGBO OFOR GREGORY,MALE,PDP,38603,DECLARED ELECTED,Enugu_ENUGU-NORTH-ENUGU-SOUT.pdf
Enugu,ENUGU NORTH/ENUGU SOUTH,FC/117/EN,11,NONSO ONWUGHARA,MALE,PPN,39,,Enugu_ENUGU-NORTH-ENUGU-SOUT.pdf
Enugu,ENUGU NORTH/ENUGU SOUTH,FC/117/EN,12,ONYEDIKA AGBO,MALE,URP,149,,Enugu_ENUGU-NORTH-ENUGU-SOUT.pdf
Enugu,ENUGU NORTH/ENUGU SOUTH,FC/117/EN,13,PRINCE OZIOMA ANI,MALE,YPP,2813,,Enugu_ENUGU-NORTH-ENUGU-SOUT.pdf
Enugu,EZEAGU/UDI,FC/118/EN,1,OZOENEH EMMANUEL,MALE,ADC,1052,,Enugu_EZEAGU-UDI.pdf
Enugu,EZEAGU/UDI,FC/118/EN,2,ANAIKE OBIORA BENJAMIN,MALE,APA,34,,Enugu_EZEAGU-UDI.pdf
Enugu,EZEAGU/UDI,FC/118/EN,3,MMANIEL JOSEPH ONYEMADI,MALE,APC,5671,,Enugu_EZEAGU-UDI.pdf
Enugu,EZEAGU/UDI,FC/118/EN,4,AGUBUZO PASCHAL ONYEMECHI,MALE,APGA,1437,,Enugu_EZEAGU-UDI.pdf
Enugu,EZEAGU/UDI,FC/118/EN,5,ONOH GREG NWACHUKWU,MALE,C4C,7,,Enugu_EZEAGU-UDI.pdf
Enugu,EZEAGU/UDI,FC/118/EN,6,NWANKWO CECELIA CHINYERE,FEMALE,DPP,28,,Enugu_EZEAGU-UDI.pdf
Enugu,EZEAGU/UDI,FC/118/EN,7,ANYIM CHINYERE PEPETUAL,FEMALE,GPN,3,,Enugu_EZEAGU-UDI.pdf
Enugu,EZEAGU/UDI,FC/118/EN,8,ONOH ANAEZID VAL,MALE,KP,4,,Enugu_EZEAGU-UDI.pdf
Enugu,EZEAGU/UDI,FC/118/EN,9,BENJAMIN OBUTE UCHENNA,MALE,MPN,8,,Enugu_EZEAGU-UDI.pdf
Enugu,EZEAGU/UDI,FC/118/EN,10,AMADI DENIS OGUENNWA,MALE,PDP,37755,DECLARED ELECTED,Enugu_EZEAGU-UDI.pdf
Enugu,EZEAGU/UDI,FC/118/EN,11,ONAGA OBINNA,MALE,PPN,13,,Enugu_EZEAGU-UDI.pdf
Enugu,EZEAGU/UDI,FC/118/EN,12,UGWAFOR DESMOND EJIOFOR,MALE,SDP,8,,Enugu_EZEAGU-UDI.pdf
Enugu,EZEAGU/UDI,FC/118/EN,13,EKECHINOSO ACHIKE,MALE,UPP,30,,Enugu_EZEAGU-UDI.pdf
Enugu,IGBO EKITI/UZO-NWANI,FC/119/EN,1,AMAMIFE AKACHUKWU C.,MALE,ADC,291,,Enugu_IGBO-EKITI-UZO-NWANI.pdf
Enugu,IGBO EKITI/UZO-NWANI,FC/119/EN,2,CHUKWUMA JONATAN ANIKEZE,MALE,APC,5799,,Enugu_IGBO-EKITI-UZO-NWANI.pdf
Enugu,IGBO EKITI/UZO-NWANI,FC/119/EN,3,KELVIN NWABUCHI UGWU,MALE,APGA,675,,Enugu_IGBO-EKITI-UZO-NWANI.pdf
Enugu,IGBO EKITI/UZO-NWANI,FC/119/EN,4,DR MRS CELINE UKAMAKA,FEMALE,DA,22,,Enugu_IGBO-EKITI-UZO-NWANI.pdf
Enugu,IGBO EKITI/UZO-NWANI,FC/119/EN,5,EZEUGWU CLEMENT EMEKA,MALE,GPN,7,,Enugu_IGBO-EKITI-UZO-NWANI.pdf
Enugu,IGBO EKITI/UZO-NWANI,FC/119/EN,6,DIDIUGWU DOMINIC MAGNUS,MALE,JMPP,17,,Enugu_IGBO-EKITI-UZO-NWANI.pdf
Enugu,IGBO EKITI/UZO-NWANI,FC/119/EN,7,ATODO SUNDAY CHRISTOPHER,MALE,NIP,2,,Enugu_IGBO-EKITI-UZO-NWANI.pdf
Enugu,IGBO EKITI/UZO-NWANI,FC/119/EN,8,DIDIUGWU GODWIN OKECHUKWU,MALE,NRM,25,,Enugu_IGBO-EKITI-UZO-NWANI.pdf
Enugu,IGBO EKITI/UZO-NWANI,FC/119/EN,9,OKE MARTINS,MALE,PDP,35756,DECLARED ELECTED,Enugu_IGBO-EKITI-UZO-NWANI.pdf
Enugu,IGBO EKITI/UZO-NWANI,FC/119/EN,10,EZEAH MAGNUS,MALE,SDP,35,,Enugu_IGBO-EKITI-UZO-NWANI.pdf
Enugu,IGBO EKITI/UZO-NWANI,FC/119/EN,11,ALEKEOZOR CHUKWUNONSO J,MALE,UPP,6,,Enugu_IGBO-EKITI-UZO-NWANI.pdf
Enugu,IGBOEZE NORTH / UDENU,FC/120/EN,1,CHUKWUEMEKA CHARLES EZE,MALE,ADC,60,,Enugu_IGBOEZE-NORTH-UDENU.pdf
Enugu,IGBOEZE NORTH / UDENU,FC/120/EN,2,EZE KENTUS OKECHUKWU,MALE,APC,7179,,Enugu_IGBOEZE-NORTH-UDENU.pdf
Enugu,IGBOEZE NORTH / UDENU,FC/120/EN,3,AGASHINZE ARINZE ISIDOPE,MALE,C4C,27,,Enugu_IGBOEZE-NORTH-UDENU.pdf
Enugu,IGBOEZE NORTH / UDENU,FC/120/EN,4,ENGR IKECHUKWU EZEH,MALE,DA,26,,Enugu_IGBOEZE-NORTH-UDENU.pdf
Enugu,IGBOEZE NORTH / UDENU,FC/120/EN,5,UGWUABA SABASINE EJIKE,MALE,GDPN,5,,Enugu_IGBOEZE-NORTH-UDENU.pdf
Enugu,IGBOEZE NORTH / UDENU,FC/120/EN,6,ODOH FESTU CHIKODILI,MALE,GPN,5,,Enugu_IGBOEZE-NORTH-UDENU.pdf
Enugu,IGBOEZE NORTH / UDENU,FC/120/EN,7,NNAJI BRENDAN ONYEKA,FEMALE,JMPP,31,,Enugu_IGBOEZE-NORTH-UDENU.pdf
Enugu,IGBOEZE NORTH / UDENU,FC/120/EN,8,URAMA ROSELINE,FEMALE,NRN,31,,Enugu_IGBOEZE-NORTH-UDENU.pdf
Enugu,IGBOEZE NORTH / UDENU,FC/120/EN,9,SIMON CHUKWUEMEKA ATIGWE,MALE,PDP,45247,DECLARED ELECTED,Enugu_IGBOEZE-NORTH-UDENU.pdf
Enugu,IGBOEZE NORTH / UDENU,FC/120/EN,10,AMEH KELECHI WILFRED,MALE,RBNP,4,,Enugu_IGBOEZE-NORTH-UDENU.pdf
Enugu,IGBOEZE NORTH / UDENU,FC/120/EN,11,EYA CHUKWUKA GODWIN,MALE,SDP,7,,Enugu_IGBOEZE-NORTH-UDENU.pdf
Enugu,IGBOEZE NORTH / UDENU,FC/120/EN,12,AGU GERALD,MALE,UPP,22,,Enugu_IGBOEZE-NORTH-UDENU.pdf
Enugu,NKANU EAST/NKANU WEST,FC/121/EN,1,NNAJI NNOLIM JOHN,MALE,PDP,38460,DECLARED ELECTED,Enugu_NKANU-EAST-NKANU-WEST.pdf
Enugu,NKANU EAST/NKANU WEST,FC/121/EN,2,NWAFOR OKWUDILI ANTHONY,MALE,APC,3452,,Enugu_NKANU-EAST-NKANU-WEST.pdf
Enugu,NKANU EAST/NKANU WEST,FC/121/EN,3,HILLSON UGWU NWACHUKWU,MALE,ADC,88,,Enugu_NKANU-EAST-NKANU-WEST.pdf
Enugu,NKANU EAST/NKANU WEST,FC/121/EN,4,EGBONWONU EMMANUEL LINUS,MALE,PPN,37,,Enugu_NKANU-EAST-NKANU-WEST.pdf
Enugu,NKANU EAST/NKANU WEST,FC/121/EN,5,OGBODO EMMANUEL OKECHUKWU O.,MALE,DPP,34,,Enugu_NKANU-EAST-NKANU-WEST.pdf
Enugu,NKANU EAST/NKANU WEST,FC/121/EN,6,NWEKE TOBIAS NNAEMEKA,MALE,DA,19,,Enugu_NKANU-EAST-NKANU-WEST.pdf
Enugu,NKANU EAST/NKANU WEST,FC/121/EN,7,OGBUEFI FELICIA CHIZOBA,FEMALE,C4C,13,,Enugu_NKANU-EAST-NKANU-WEST.pdf
Enugu,NKANU EAST/NKANU WEST,FC/121/EN,8,ONYEMACHI NELSON CHINOSO,MALE,UPP,9,,Enugu_NKANU-EAST-NKANU-WEST.pdf
Enugu,NKANU EAST/NKANU WEST,FC/121/EN,9,NZE HENRY PRINCE OKWOR,MALE,NAC,5,,Enugu_NKANU-EAST-NKANU-WEST.pdf
Enugu,NKANU EAST/NKANU WEST,FC/121/EN,10,OYIBA ANTHONY,MALE,GPN,4,,Enugu_NKANU-EAST-NKANU-WEST.pdf
Enugu,NKANU EAST/NKANU WEST,FC/121/EN,11,OGBODO KENNETH UCHENNA,MALE,KP,31,,Enugu_NKANU-EAST-NKANU-WEST.pdf
Enugu,NSUKKA IGBO-EZE,FC/122/EN,1,OLOTO JULIET LEDECHI,FEMALE,ADC,142,,Enugu_NSUKKA-IGBO-EZE.pdf
Enugu,NSUKKA IGBO-EZE,FC/122/EN,2,UGWEDE IKECHUKWU NEDTON,MALE,APC,12106,,Enugu_NSUKKA-IGBO-EZE.pdf
Enugu,NSUKKA IGBO-EZE,FC/122/EN,3,IGWE NELSON,MALE,DA,20,,Enugu_NSUKKA-IGBO-EZE.pdf
Enugu,NSUKKA IGBO-EZE,FC/122/EN,4,OMIFE EBEKECHI JOY,FEMALE,GDPN,10,,Enugu_NSUKKA-IGBO-EZE.pdf
Enugu,NSUKKA IGBO-EZE,FC/122/EN,5,EZE LINUS EMEKA,MALE,JMPP,18,,Enugu_NSUKKA-IGBO-EZE.pdf
Enugu,NSUKKA IGBO-EZE,FC/122/EN,6,ASADU PATRICK OZIOKOJA,MALE,PDP,60863,DECLARED ELECTED,Enugu_NSUKKA-IGBO-EZE.pdf
Enugu,NSUKKA IGBO-EZE,FC/122/EN,7,OZOK JOHNSON OZOEMEKA,MALE,RBNP,7,,Enugu_NSUKKA-IGBO-EZE.pdf
Enugu,NSUKKA IGBO-EZE,FC/122/EN,8,NNADI RAPHAEL CHIJIOKE,MALE,SDP,76,,Enugu_NSUKKA-IGBO-EZE.pdf
FCT,ABAJI/GWAGWALADA/KWALI/KUJE,FC/359/FCT,1,GOODLUCK OBI CHINWE,F,A,20,,FCT_ABAJI-GWAGWALADA-KWALI-KUJE.pdf
FCT,ABAJI/GWAGWALADA/KWALI/KUJE,FC/359/FCT,2,NUSA OGIDAN,M,AAP,70,,FCT_ABAJI-GWAGWALADA-KWALI-KUJE.pdf
FCT,ABAJI/GWAGWALADA/KWALI/KUJE,FC/359/FCT,3,OFOEGBU CHINEMEZE PRINCE,M,ACD,30,,FCT_ABAJI-GWAGWALADA-KWALI-KUJE.pdf
FCT,ABAJI/GWAGWALADA/KWALI/KUJE,FC/359/FCT,4,HON. EMMAMNUEL AGBO,M,AD,73,,FCT_ABAJI-GWAGWALADA-KWALI-KUJE.pdf
FCT,ABAJI/GWAGWALADA/KWALI/KUJE,FC/359/FCT,5,JONAH K. TANYZHIT,M,ADC,86,,FCT_ABAJI-GWAGWALADA-KWALI-KUJE.pdf
FCT,ABAJI/GWAGWALADA/KWALI/KUJE,FC/359/FCT,6,ISIAKA ABDULLAHI,M,ANP,,,FCT_ABAJI-GWAGWALADA-KWALI-KUJE.pdf
FCT,ABAJI/GWAGWALADA/KWALI/KUJE,FC/359/FCT,7,ANGULU ZAKARI YAMMA,M,APC,65123,,FCT_ABAJI-GWAGWALADA-KWALI-KUJE.pdf
FCT,ABAJI/GWAGWALADA/KWALI/KUJE,FC/359/FCT,8,BITRUS SUNDAY WANA,M,APM,56,,FCT_ABAJI-GWAGWALADA-KWALI-KUJE.pdf
FCT,ABAJI/GWAGWALADA/KWALI/KUJE,FC/359/FCT,9,BUNDEPUUN OSBERT AUDU,M,APP,22,,FCT_ABAJI-GWAGWALADA-KWALI-KUJE.pdf
FCT,ABAJI/GWAGWALADA/KWALI/KUJE,FC/359/FCT,10,DAVID JAMES,M,DA,11,,FCT_ABAJI-GWAGWALADA-KWALI-KUJE.pdf
FCT,ABAJI/GWAGWALADA/KWALI/KUJE,FC/359/FCT,11,ABDUSALAM AISHA O,F,DPP,,,FCT_ABAJI-GWAGWALADA-KWALI-KUJE.pdf
FCT,ABAJI/GWAGWALADA/KWALI/KUJE,FC/359/FCT,12,YAHAYA SALIHU ZUBA,M,FJP,854,,FCT_ABAJI-GWAGWALADA-KWALI-KUJE.pdf
FCT,ABAJI/GWAGWALADA/KWALI/KUJE,FC/359/FCT,13,SULEIMAN AISHA ANNE,F,GPN,8,,FCT_ABAJI-GWAGWALADA-KWALI-KUJE.pdf
FCT,ABAJI/GWAGWALADA/KWALI/KUJE,FC/359/FCT,14,ODOEMENAM E. REX,M,JMPP,24,,FCT_ABAJI-GWAGWALADA-KWALI-KUJE.pdf
FCT,ABAJI/GWAGWALADA/KWALI/KUJE,FC/359/FCT,15,ADAMU ZUBAIRU AGBAYA,M,LP,41,,FCT_ABAJI-GWAGWALADA-KWALI-KUJE.pdf
FCT,ABAJI/GWAGWALADA/KWALI/KUJE,FC/359/FCT,16,OLUWATIMILEHIN BALOGUN JOHN,M,MPN,30,,FCT_ABAJI-GWAGWALADA-KWALI-KUJE.pdf
FCT,ABAJI/GWAGWALADA/KWALI/KUJE,FC/359/FCT,17,OCHEJA FRANCIS UNEKWU,M,MRDD,16,,FCT_ABAJI-GWAGWALADA-KWALI-KUJE.pdf
FCT,ABAJI/GWAGWALADA/KWALI/KUJE,FC/359/FCT,18,LATEEF ADEBOLA,M,NCP,67,,FCT_ABAJI-GWAGWALADA-KWALI-KUJE.pdf
FCT,ABAJI/GWAGWALADA/KWALI/KUJE,FC/359/FCT,19,ABDULLAHI LAWAL MALUMFASHI,M,NFD,17,,FCT_ABAJI-GWAGWALADA-KWALI-KUJE.pdf
FCT,ABAJI/GWAGWALADA/KWALI/KUJE,FC/359/FCT,20,HASSAN SOKODABO USMAN,M,PDP,81023,DECLARED ELECTED,FCT_ABAJI-GWAGWALADA-KWALI-KUJE.pdf
FCT,ABAJI/GWAGWALADA/KWALI/KUJE,FC/359/FCT,21,ABUBAKAR IBRAHIM,M,PT,15,,FCT_ABAJI-GWAGWALADA-KWALI-KUJE.pdf
FCT,ABAJI/GWAGWALADA/KWALI/KUJE,FC/359/FCT,22,ISHAYA KAURA AUDU,M,SDP,196,,FCT_ABAJI-GWAGWALADA-KWALI-KUJE.pdf
FCT,AMAC/BWARI,FC/360/FCT,1,AUTA LOIS,F,A,263,,FCT_AMAC-BWARI.pdf
FCT,AMAC/BWARI,FC/360/FCT,2,BAKARE ABUBAKAR OLATUNJI,M,AAP,96,,FCT_AMAC-BWARI.pdf
FCT,AMAC/BWARI,FC/360/FCT,3,EWA THEOPHILUS NNANNA,M,ACD,81,,FCT_AMAC-BWARI.pdf
FCT,AMAC/BWARI,FC/360/FCT,4,AVAZI EBENEZER,M,AD,72,,FCT_AMAC-BWARI.pdf
FCT,AMAC/BWARI,FC/360/FCT,5,ANYATA PATRICK NKEM,M,ADC,525,,FCT_AMAC-BWARI.pdf
FCT,AMAC/BWARI,FC/360/FCT,6,AGHEDO OSAHON PIUS,M,ANN,678,,FCT_AMAC-BWARI.pdf
FCT,AMAC/BWARI,FC/360/FCT,7,EZEBUIHE JOHN IFEANYICHUKWU,M,ANP,255,,FCT_AMAC-BWARI.pdf
FCT,AMAC/BWARI,FC/360/FCT,8,BARROW OMAGBITSE,M,ANRP,2887,,FCT_AMAC-BWARI.pdf
FCT,AMAC/BWARI,FC/360/FCT,9,PAM AMANDA IYABODE,F,APC,82761,,FCT_AMAC-BWARI.pdf
FCT,AMAC/BWARI,FC/360/FCT,10,YAHUZA KWANASHIE OZOTU,M,APGA,3009,,FCT_AMAC-BWARI.pdf
FCT,AMAC/BWARI,FC/360/FCT,11,MOHAMMED ZAINAB F.,F,APM,203,,FCT_AMAC-BWARI.pdf
FCT,AMAC/BWARI,FC/360/FCT,12,ONWUAMAEZE IFEANYI,M,APP,81,,FCT_AMAC-BWARI.pdf
FCT,AMAC/BWARI,FC/360/FCT,13,OZOBU NKECHI,F,ASD,18,,FCT_AMAC-BWARI.pdf
FCT,AMAC/BWARI,FC/360/FCT,14,PATRICK QUEENCY UBONG-ABASI,F,CAP,120,,FCT_AMAC-BWARI.pdf
FCT,AMAC/BWARI,FC/360/FCT,15,ABDULSALAMI YUNUSA,M,DA,18,,FCT_AMAC-BWARI.pdf
FCT,AMAC/BWARI,FC/360/FCT,16,IKECHUKWU CECELIA,F,FJP,319,,FCT_AMAC-BWARI.pdf
FCT,AMAC/BWARI,FC/360/FCT,17,ODUNIYI ADEJOKE OMOYOSOLA,F,GDPN,99,,FCT_AMAC-BWARI.pdf
FCT,AMAC/BWARI,FC/360/FCT,18,ONUOHA MICHAEL UZOMA,M,GPN,57,,FCT_AMAC-BWARI.pdf
FCT,AMAC/BWARI,FC/360/FCT,19,ANTHONY ONAH EMMANUEL,M,JMPP,76,,FCT_AMAC-BWARI.pdf
FCT,AMAC/BWARI,FC/360/FCT,20,ALI NURA,M,KP,48,,FCT_AMAC-BWARI.pdf
FCT,AMAC/BWARI,FC/360/FCT,21,AHANOTU CHIGOZIE KENNEDY,M,LP,460,,FCT_AMAC-BWARI.pdf
FCT,AMAC/BWARI,FC/360/FCT,22,EMMANUEL CHINWEUBA,M,MPN,56,,FCT_AMAC-BWARI.pdf
FCT,AMAC/BWARI,FC/360/FCT,23,JAPHET JOEL,M,MRDD,49,,FCT_AMAC-BWARI.pdf
FCT,AMAC/BWARI,FC/360/FCT,24,NWACHUKWU ANGEL,F,NCP,114,,FCT_AMAC-BWARI.pdf
FCT,AMAC/BWARI,FC/360/FCT,25,ODIMBU CHUKWUKA NIXON,M,NRM,52,,FCT_AMAC-BWARI.pdf
FCT,AMAC/BWARI,FC/360/FCT,26,CHINOMSO NWACHUKWU BROWN,F,NUP,729,,FCT_AMAC-BWARI.pdf
FCT,AMAC/BWARI,FC/360/FCT,27,JIBA YOHANNA MICAH,M,PDP,174377,DECLARED ELECTED,FCT_AMAC-BWARI.pdf
FCT,AMAC/BWARI,FC/360/FCT,28,BONIFACE OMOZUAPO OBAKOGHIE,M,PPC,709,,FCT_AMAC-BWARI.pdf
FCT,AMAC/BWARI,FC/360/FCT,29,KUDAMBO YAKUBU,M,PPN,579,,FCT_AMAC-BWARI.pdf
FCT,AMAC/BWARI,FC/360/FCT,30,JOHN AHMED DANJUMA,F,PT,191,,FCT_AMAC-BWARI.pdf
FCT,AMAC/BWARI,FC/360/FCT,31,DAUDA IFRAIMU,M,SDP,2380,,FCT_AMAC-BWARI.pdf
FCT,AMAC/BWARI,FC/360/FCT,32,OLANREWAJU FADIPE B,M,YES,191,,FCT_AMAC-BWARI.pdf
Gombe,AKKO,FC/123/GM,1,ABDULLAHI ABUBAKAR,MALE,ADC,274,,Gombe_AKKO.pdf
Gombe,AKKO,FC/123/GM,2,BELLO USMAN A KUMO,MALE,APC,57490,DECLARED ELECTED,Gombe_AKKO.pdf
Gombe,AKKO,FC/123/GM,3,ARDO USMAN KUMO,MALE,APGA,110,,Gombe_AKKO.pdf
Gombe,AKKO,FC/123/GM,4,ADAMU BALA,MALE,CAP,17,,Gombe_AKKO.pdf
Gombe,AKKO,FC/123/GM,5,GARBA AUDU ISAH,MALE,MPN,14,,Gombe_AKKO.pdf
Gombe,AKKO,FC/123/GM,6,MUSTAPHA HADI ADAMU,MALE,NDLP,25,,Gombe_AKKO.pdf
Gombe,AKKO,FC/123/GM,7,SULAIMAN MUHAMMED,MALE,NRM,29,,Gombe_AKKO.pdf
Gombe,AKKO,FC/123/GM,8,MAIGAIRI IBRAHIM,MALE,PDC,276,,Gombe_AKKO.pdf
Gombe,AKKO,FC/123/GM,9,AHMAD AISHATU,MALE,PDP,28631,,Gombe_AKKO.pdf
Gombe,AKKO,FC/123/GM,10,SALEH ZAINUDEEN,MALE,PRP,1343,,Gombe_AKKO.pdf
Gombe,AKKO,FC/123/GM,11,AHMED ZAILAN,MALE,UPN,22,,Gombe_AKKO.pdf
Gombe,BALANGA BILLIRI,FC/125/GM,1,PADA LOIS J.,MALE,A,10,,Gombe_BALANGA-BILLIRI.pdf
Gombe,BALANGA BILLIRI,FC/125/GM,2,APPOLOS YERIMA,MALE,ABP,1575,,Gombe_BALANGA-BILLIRI.pdf
Gombe,BALANGA BILLIRI,FC/125/GM,3,ABUBAKAR HANNA REME,MALE,ADC,307,,Gombe_BALANGA-BILLIRI.pdf
Gombe,BALANGA BILLIRI,FC/125/GM,4,MELA VICTOR,MALE,APC,45112,DECLARED ELECTED,Gombe_BALANGA-BILLIRI.pdf
Gombe,BALANGA BILLIRI,FC/125/GM,5,IDRIS ELEKANAH,MALE,CAP,32,,Gombe_BALANGA-BILLIRI.pdf
Gombe,BALANGA BILLIRI,FC/125/GM,6,BUBA EMMANUEL LAWRENCE,MALE,DPP,64,,Gombe_BALANGA-BILLIRI.pdf
Gombe,BALANGA BILLIRI,FC/125/GM,7,STEPHEN BAKAMALE,MALE,JMPP,21,,Gombe_BALANGA-BILLIRI.pdf
Gombe,BALANGA BILLIRI,FC/125/GM,8,BAKAYO HADIZA,FEMALE,PDC,296,,Gombe_BALANGA-BILLIRI.pdf
Gombe,BALANGA BILLIRI,FC/125/GM,9,MUSA ALIYU,MALE,PDM,78,,Gombe_BALANGA-BILLIRI.pdf
Gombe,BALANGA BILLIRI,FC/125/GM,10,ISA ALI,MALE,PDP,35385,,Gombe_BALANGA-BILLIRI.pdf
Gombe,BALANGA BILLIRI,FC/125/GM,11,ADAMU HASIMUA,MALE,PRP,232,,Gombe_BALANGA-BILLIRI.pdf
Gombe,BALANGA BILLIRI,FC/125/GM,12,GALADIMA LASANI,MALE,UPN,12,,Gombe_BALANGA-BILLIRI.pdf
Gombe,DUKKU/NAFADA,FC/128/GM,1,AISHATU JIBRIL DUKKU,FEMALE,APC,40122,DECLARED ELECTED,Gombe_DUKKU-NAFADA.pdf
Gombe,DUKKU/NAFADA,FC/128/GM,2,SHEHU TUKUR ALKALI,MALE,NNPP,1265,,Gombe_DUKKU-NAFADA.pdf
Gombe,DUKKU/NAFADA,FC/128/GM,3,SAIDU ADAMU JODOMA,MALE,PDP,21474,,Gombe_DUKKU-NAFADA.pdf
Gombe,GOMBE/KWAMI/FUNAKAYE,FC/127/GM,1,ADAMU AISHATU,FEMALE,A,34,,Gombe_GOMBE-KWAMI-FUNAKAYE.pdf
Gombe,GOMBE/KWAMI/FUNAKAYE,FC/127/GM,2,SABIU DAMANDA Y,MALE,ACD,100,,Gombe_GOMBE-KWAMI-FUNAKAYE.pdf
Gombe,GOMBE/KWAMI/FUNAKAYE,FC/127/GM,3,MOHAMMED UMAR,MALE,AD,103,,Gombe_GOMBE-KWAMI-FUNAKAYE.pdf
Gombe,GOMBE/KWAMI/FUNAKAYE,FC/127/GM,4,AUWAL ELAHMAD,MALE,ADC,600,,Gombe_GOMBE-KWAMI-FUNAKAYE.pdf
Gombe,GOMBE/KWAMI/FUNAKAYE,FC/127/GM,5,BAUCHI YAYA TANGO,MALE,APC,173416,DECLARED ELECTED,Gombe_GOMBE-KWAMI-FUNAKAYE.pdf
Gombe,GOMBE/KWAMI/FUNAKAYE,FC/127/GM,6,KANAWA ABDULHAHI ABUBAKAR,MALE,ASD,278,,Gombe_GOMBE-KWAMI-FUNAKAYE.pdf
Gombe,GOMBE/KWAMI/FUNAKAYE,FC/127/GM,7,ABUBAKAR IBRAHIM,MALE,CAP,44,,Gombe_GOMBE-KWAMI-FUNAKAYE.pdf
Gombe,GOMBE/KWAMI/FUNAKAYE,FC/127/GM,8,ADAMU SANI ADAMU,MALE,DA,46,,Gombe_GOMBE-KWAMI-FUNAKAYE.pdf
Gombe,GOMBE/KWAMI/FUNAKAYE,FC/127/GM,9,AUWAL IBRAHIM,MALE,DA,194,,Gombe_GOMBE-KWAMI-FUNAKAYE.pdf
Gombe,GOMBE/KWAMI/FUNAKAYE,FC/127/GM,10,USMAN UMAR ADAMU,MALE,DPP,11850,,Gombe_GOMBE-KWAMI-FUNAKAYE.pdf
Gombe,GOMBE/KWAMI/FUNAKAYE,FC/127/GM,11,MUHAMMAD ADAMU AHMED,MALE,HDP,66,,Gombe_GOMBE-KWAMI-FUNAKAYE.pdf
Gombe,GOMBE/KWAMI/FUNAKAYE,FC/127/GM,12,MOHAMMED SAIDU,MALE,NNPP,4083,,Gombe_GOMBE-KWAMI-FUNAKAYE.pdf
Gombe,GOMBE/KWAMI/FUNAKAYE,FC/127/GM,13,ZUBAIRU ISMAILA,MALE,NRM,49,,Gombe_GOMBE-KWAMI-FUNAKAYE.pdf
Gombe,GOMBE/KWAMI/FUNAKAYE,FC/127/GM,14,ABUBAKAR SHEHU DURBI,MALE,PDP,57365,,Gombe_GOMBE-KWAMI-FUNAKAYE.pdf
Gombe,GOMBE/KWAMI/FUNAKAYE,FC/127/GM,15,MOHAMMED ABUBAKAR,MALE,PRP,133,,Gombe_GOMBE-KWAMI-FUNAKAYE.pdf
Gombe,GOMBE/KWAMI/FUNAKAYE,FC/127/GM,16,DANBAGAZA ALIYU INUWA,MALE,SDP,11589,,Gombe_GOMBE-KWAMI-FUNAKAYE.pdf
Gombe,KALTUNGO SHONGOM,FC/126/GM,1,EVELYN OKSAKEL N,FEMALE,ABP,726,,Gombe_KALTUNGO-SHONGOM.pdf
Gombe,KALTUNGO SHONGOM,FC/126/GM,2,ARAMA ABBAS,MALE,ADC,149,,Gombe_KALTUNGO-SHONGOM.pdf
Gombe,KALTUNGO SHONGOM,FC/126/GM,3,KARU SIMON ELISHA,MALE,APC,35316,DECLARED ELECTED,Gombe_KALTUNGO-SHONGOM.pdf
Gombe,KALTUNGO SHONGOM,FC/126/GM,4,AYUBA JOSEPH,MALE,CAP,3,,Gombe_KALTUNGO-SHONGOM.pdf
Gombe,KALTUNGO SHONGOM,FC/126/GM,5,YUSUF DAVID LAT,MALE,DPP,24,,Gombe_KALTUNGO-SHONGOM.pdf
Gombe,KALTUNGO SHONGOM,FC/126/GM,6,KALBA GORA ADAMU,MALE,PDP,28661,,Gombe_KALTUNGO-SHONGOM.pdf
Gombe,KALTUNGO SHONGOM,FC/126/GM,7,KWARI BUBA,MALE,PRP,42,,Gombe_KALTUNGO-SHONGOM.pdf
Gombe,KALTUNGO SHONGOM,FC/126/GM,8,YUSUF DANLADI,MALE,PRP,31,,Gombe_KALTUNGO-SHONGOM.pdf
Gombe,KALTUNGO SHONGOM,FC/126/GM,9,TIJANI ALIYU,MALE,UPN,12,,Gombe_KALTUNGO-SHONGOM.pdf
Gombe,YAMALTU/ DEBA,FC/124/GM,1,KUDI SARATU KUDI,FEMALE,ABP,59,,Gombe_YAMALTU-DEBA.pdf
Gombe,YAMALTU/ DEBA,FC/124/GM,2,IBRAHIM MOHAMMED KALAGAR,MALE,ADC,408,,Gombe_YAMALTU-DEBA.pdf
Gombe,YAMALTU/ DEBA,FC/124/GM,3,ABUBAKAR YUNUSA AHMED,MALE,APC,45315,DECLARED ELECTED,Gombe_YAMALTU-DEBA.pdf
Gombe,YAMALTU/ DEBA,FC/124/GM,4,ABUBAKAR MUSA HINNA,MALE,DPP,23,,Gombe_YAMALTU-DEBA.pdf
Gombe,YAMALTU/ DEBA,FC/124/GM,5,LUKMAN HASSAN TONGA,MALE,NRP,25,,Gombe_YAMALTU-DEBA.pdf
Gombe,YAMALTU/ DEBA,FC/124/GM,6,MOHAMMED GARBA NDOGO,MALE,PDM,152,,Gombe_YAMALTU-DEBA.pdf
Gombe,YAMALTU/ DEBA,FC/124/GM,7,GARBA INUWA,MALE,PDP,30420,,Gombe_YAMALTU-DEBA.pdf
Gombe,YAMALTU/ DEBA,FC/124/GM,8,MUNKAILA YAKUBU,MALE,SDP,137,,Gombe_YAMALTU-DEBA.pdf
Gombe,YAMALTU/ DEBA,FC/124/GM,9,DANIEL SOLOMON,MALE,UPN,23,,Gombe_YAMALTU-DEBA.pdf
Imo,ABOR-MBAISE-NGOR- OKPALA,FC/129/IM,1,AMAJI RIONWU BYEDEN.O,MALE,APC,12274,,Imo_ABOR-MBAISE-NGOR-OKPALA.pdf
Imo,ABOR-MBAISE-NGOR- OKPALA,FC/129/IM,2,OKOYE CHIOMA GLORIAF,FEMALE,APDA,42,,Imo_ABOR-MBAISE-NGOR-OKPALA.pdf
Imo,ABOR-MBAISE-NGOR- OKPALA,FC/129/IM,3,OKECHUKWU EMERONYE CHRISTOPHER,MALE,APGA,7011,,Imo_ABOR-MBAISE-NGOR-OKPALA.pdf
Imo,ABOR-MBAISE-NGOR- OKPALA,FC/129/IM,4,NJOKU CHIWENDU ADANNA,FEMALE,APP,16,,Imo_ABOR-MBAISE-NGOR-OKPALA.pdf
Imo,ABOR-MBAISE-NGOR- OKPALA,FC/129/IM,5,IBE IHEKOWANE,MALE,DA,,,Imo_ABOR-MBAISE-NGOR-OKPALA.pdf
Imo,ABOR-MBAISE-NGOR- OKPALA,FC/129/IM,6,NKWOJACHA CHUKWUEMEKA RAPHAEL,MALE,DPP,21,,Imo_ABOR-MBAISE-NGOR-OKPALA.pdf
Imo,ABOR-MBAISE-NGOR- OKPALA,FC/129/IM,7,OSUNJI EMMANUEL FORYUNEM,MALE,GDPM,,,Imo_ABOR-MBAISE-NGOR-OKPALA.pdf
Imo,ABOR-MBAISE-NGOR- OKPALA,FC/129/IM,8,OKEREKE EUSTACE CHUKWUEMEKA,MALE,ID,11,,Imo_ABOR-MBAISE-NGOR-OKPALA.pdf
Imo,ABOR-MBAISE-NGOR- OKPALA,FC/129/IM,9,ONWUSONYE GRACE CHIKA,FEMALE,LP,125,,Imo_ABOR-MBAISE-NGOR-OKPALA.pdf
Imo,ABOR-MBAISE-NGOR- OKPALA,FC/129/IM,10,AKUBUKO MORGAN O,MALE,NDLP,26,,Imo_ABOR-MBAISE-NGOR-OKPALA.pdf
Imo,ABOR-MBAISE-NGOR- OKPALA,FC/129/IM,11,NWONSU NDUDI,MALE,NEPP,19,,Imo_ABOR-MBAISE-NGOR-OKPALA.pdf
Imo,ABOR-MBAISE-NGOR- OKPALA,FC/129/IM,12,NMEZI EVELYN NGOZI,FEMALE,NRM,3,,Imo_ABOR-MBAISE-NGOR-OKPALA.pdf
Imo,ABOR-MBAISE-NGOR- OKPALA,FC/129/IM,13,BEDE UCHENNA EKE,MALE,PDP,37714,,Imo_ABOR-MBAISE-NGOR-OKPALA.pdf
Imo,ABOR-MBAISE-NGOR- OKPALA,FC/129/IM,14,OBASI OZIOMA S,MALE,PPC,16,,Imo_ABOR-MBAISE-NGOR-OKPALA.pdf
Imo,ABOR-MBAISE-NGOR- OKPALA,FC/129/IM,15,BAGWU UCHENNA,MALE,PPN,,,Imo_ABOR-MBAISE-NGOR-OKPALA.pdf
Imo,ABOR-MBAISE-NGOR- OKPALA,FC/129/IM,16,KAJI NOEL,MALE,PRP,4,,Imo_ABOR-MBAISE-NGOR-OKPALA.pdf
Imo,ABOR-MBAISE-NGOR- OKPALA,FC/129/IM,17,KAMARU JUSTINA O,MALE,SDP,88,,Imo_ABOR-MBAISE-NGOR-OKPALA.pdf
Imo,ABOR-MBAISE-NGOR- OKPALA,FC/129/IM,18,UWALAKA OBIOMA BENJAMIN,MALE,UPC,,,Imo_ABOR-MBAISE-NGOR-OKPALA.pdf
Imo,ABOR-MBAISE-NGOR- OKPALA,FC/129/IM,19,OGBONNA CHUKWUMA EMMANUEL,MALE,UPP,42,,Imo_ABOR-MBAISE-NGOR-OKPALA.pdf
Imo,ABOR-MBAISE-NGOR- OKPALA,FC/129/IM,20,EMMA OGBONNA CHUKWUMA,MALE,YPP,7,,Imo_ABOR-MBAISE-NGOR-OKPALA.pdf
Imo,ABOR-MBAISE-NGOR- OKPALA,FC/129/IM,21,JAMES NGOZIE OKERE,MALE,ZLP,49,,Imo_ABOR-MBAISE-NGOR-OKPALA.pdf
Imo,ABOR-MBAISE-NGOR- OKPALA,FC/129/IM,22,AGUARA PATRICK,MALE,AC,3151,,Imo_ABOR-MBAISE-NGOR-OKPALA.pdf
Imo,AHIAZU/MBAISE/EZIHITTE,FC/136/IM,1,IBEH STELLA,FEMALE,A,12,,Imo_AHIAZU-MBAISE-EZIHITTE.pdf
Imo,AHIAZU/MBAISE/EZIHITTE,FC/136/IM,2,EKWELEM ARTHUR B,MALE,AA,,,Imo_AHIAZU-MBAISE-EZIHITTE.pdf
Imo,AHIAZU/MBAISE/EZIHITTE,FC/136/IM,3,EMERENINI EMMANUEL,MALE,ACD,35,,Imo_AHIAZU-MBAISE-EZIHITTE.pdf
Imo,AHIAZU/MBAISE/EZIHITTE,FC/136/IM,4,DARLINGTON AMAECHI IFEANYI,MALE,ADC,473,,Imo_AHIAZU-MBAISE-EZIHITTE.pdf
Imo,AHIAZU/MBAISE/EZIHITTE,FC/136/IM,5,UMUNNA PASCHAL U.,MALE,ADP,96,,Imo_AHIAZU-MBAISE-EZIHITTE.pdf
Imo,AHIAZU/MBAISE/EZIHITTE,FC/136/IM,6,ONUNUJU GOODLUCK,MALE,AGAP,25,,Imo_AHIAZU-MBAISE-EZIHITTE.pdf
Imo,AHIAZU/MBAISE/EZIHITTE,FC/136/IM,7,RAPHAEL UZOCHI IGBOKWE,MALE,APC,8290,,Imo_AHIAZU-MBAISE-EZIHITTE.pdf
Imo,AHIAZU/MBAISE/EZIHITTE,FC/136/IM,8,MARCELLINUS OGUH CHINAGOROM,MALE,APGA,3149,,Imo_AHIAZU-MBAISE-EZIHITTE.pdf
Imo,AHIAZU/MBAISE/EZIHITTE,FC/136/IM,9,GEOFREY NWANCHUKWU,MALE,DA,8,,Imo_AHIAZU-MBAISE-EZIHITTE.pdf
Imo,AHIAZU/MBAISE/EZIHITTE,FC/136/IM,10,NWANCHUKWU FELIX OGADI,MALE,LP,183,,Imo_AHIAZU-MBAISE-EZIHITTE.pdf
Imo,AHIAZU/MBAISE/EZIHITTE,FC/136/IM,11,ONYEWU ELIZABETH NKECHINYERE,MALE,MPN,9,,Imo_AHIAZU-MBAISE-EZIHITTE.pdf
Imo,AHIAZU/MBAISE/EZIHITTE,FC/136/IM,12,OKOLI CHIDI HENRY,MALE,NDLP,133,,Imo_AHIAZU-MBAISE-EZIHITTE.pdf
Imo,AHIAZU/MBAISE/EZIHITTE,FC/136/IM,13,NJKU JEROME,MALE,NEPP,7,,Imo_AHIAZU-MBAISE-EZIHITTE.pdf
Imo,AHIAZU/MBAISE/EZIHITTE,FC/136/IM,14,OPARA PASCHAL UCHENNA,MALE,NUP,7,,Imo_AHIAZU-MBAISE-EZIHITTE.pdf
Imo,AHIAZU/MBAISE/EZIHITTE,FC/136/IM,15,EMEKA MARTINS CHINEDU,MALE,PDP,35579,,Imo_AHIAZU-MBAISE-EZIHITTE.pdf
Imo,AHIAZU/MBAISE/EZIHITTE,FC/136/IM,16,EDWIN OGBOKIRI,MALE,PPC,13,,Imo_AHIAZU-MBAISE-EZIHITTE.pdf
Imo,AHIAZU/MBAISE/EZIHITTE,FC/136/IM,17,IZUCHUKWU DANIEL,MALE,PPN,0,,Imo_AHIAZU-MBAISE-EZIHITTE.pdf
Imo,AHIAZU/MBAISE/EZIHITTE,FC/136/IM,18,UWAZIE UDOCHUKWU,MALE,PRP,0,,Imo_AHIAZU-MBAISE-EZIHITTE.pdf
Imo,AHIAZU/MBAISE/EZIHITTE,FC/136/IM,19,OJUKWU CHUKWUMA C,MALE,SDP,291,,Imo_AHIAZU-MBAISE-EZIHITTE.pdf
Imo,AHIAZU/MBAISE/EZIHITTE,FC/136/IM,20,IBEJI KEMKA SOLOMON,MALE,UPP,361,,Imo_AHIAZU-MBAISE-EZIHITTE.pdf
Imo,AHIAZU/MBAISE/EZIHITTE,FC/136/IM,21,OGUH ANTHONY,MALE,YPP,13,,Imo_AHIAZU-MBAISE-EZIHITTE.pdf
Imo,AHIAZU/MBAISE/EZIHITTE,FC/136/IM,22,AYOZIE OGBONNA,MALE,ZLP,2,,Imo_AHIAZU-MBAISE-EZIHITTE.pdf
Imo,IDEATO NORTH/SOUTH,,1,CHIGOZIE OBI PASCHAL,MALE,AA,26785,,Imo_IDEATO-NORTH-SOUTH.pdf
Imo,IDEATO NORTH/SOUTH,,2,UKABAM CHUKWUMA SUNDAY,MALE,APGA,2104,,Imo_IDEATO-NORTH-SOUTH.pdf
Imo,IDEATO NORTH/SOUTH,,3,AUSTINE CHUKWUKERE,MALE,APC,11593,,Imo_IDEATO-NORTH-SOUTH.pdf
Imo,IDEATO NORTH/SOUTH,,4,GEORGE ONYEABOR IGBO,MALE,PDP,1409,,Imo_IDEATO-NORTH-SOUTH.pdf
Imo,IKEDURU/MBAITOLI,FC/137/IM,1,CHINATULU U AMBROSE,MALE,A,194,,Imo_IKEDURU-MBAITOLI.pdf
Imo,IKEDURU/MBAITOLI,FC/137/IM,2,NWAFOR CHINWE B,FEMALE,AA,440,,Imo_IKEDURU-MBAITOLI.pdf
Imo,IKEDURU/MBAITOLI,FC/137/IM,3,MAC CHIEF OPARA MOSES,MALE,ADC,104,,Imo_IKEDURU-MBAITOLI.pdf
Imo,IKEDURU/MBAITOLI,FC/137/IM,4,EMEKA IRENE C. CHINONSO,FEMALE,ADP,260,,Imo_IKEDURU-MBAITOLI.pdf
Imo,IKEDURU/MBAITOLI,FC/137/IM,5,NZEKWE KENNEDY,MALE,AGAP,63,,Imo_IKEDURU-MBAITOLI.pdf
Imo,IKEDURU/MBAITOLI,FC/137/IM,6,IWUAGWU TOMOTHY C,MALE,ANRP,58,,Imo_IKEDURU-MBAITOLI.pdf
Imo,IKEDURU/MBAITOLI,FC/137/IM,7,IWUORIE DANIEL C,MALE,APC,11338,,Imo_IKEDURU-MBAITOLI.pdf
Imo,IKEDURU/MBAITOLI,FC/137/IM,8,KEMDI CHINO OPARA,MALE,APGA,4117,,Imo_IKEDURU-MBAITOLI.pdf
Imo,IKEDURU/MBAITOLI,FC/137/IM,9,IWUAMADI THANKGOD E,MALE,APM,22,,Imo_IKEDURU-MBAITOLI.pdf
Imo,IKEDURU/MBAITOLI,FC/137/IM,10,OKERE CHIDERA T,FEMALE,APP,38,,Imo_IKEDURU-MBAITOLI.pdf
Imo,IKEDURU/MBAITOLI,FC/137/IM,11,CORDILIA AZIKA NJOKU,FEMALE,DA,16,,Imo_IKEDURU-MBAITOLI.pdf
Imo,IKEDURU/MBAITOLI,FC/137/IM,12,PETER ANAMEKWA A,FEMALE,GPN,17,,Imo_IKEDURU-MBAITOLI.pdf
Imo,IKEDURU/MBAITOLI,FC/137/IM,13,PRINCE VINCENT OPARAOCHA,MALE,JMPP,5,,Imo_IKEDURU-MBAITOLI.pdf
Imo,IKEDURU/MBAITOLI,FC/137/IM,14,ANYANWU CONFIDENCE E,MALE,LP,54,,Imo_IKEDURU-MBAITOLI.pdf
Imo,IKEDURU/MBAITOLI,FC/137/IM,15,NOBLE IYRE IKEMEFUNA E,MALE,MAJA,46,,Imo_IKEDURU-MBAITOLI.pdf
Imo,IKEDURU/MBAITOLI,FC/137/IM,16,NWABUEZE OHAKWE,MALE,MPN,19,,Imo_IKEDURU-MBAITOLI.pdf
Imo,IKEDURU/MBAITOLI,FC/137/IM,17,MICHAEL FAVOUR OLUCHI,FEMALE,NAC,38,,Imo_IKEDURU-MBAITOLI.pdf
Imo,IKEDURU/MBAITOLI,FC/137/IM,18,NWACHINEMERE CYRIL C,MALE,NDCP,18,,Imo_IKEDURU-MBAITOLI.pdf
Imo,IKEDURU/MBAITOLI,FC/137/IM,19,EGWIM EVANS,MALE,NDLP,16,,Imo_IKEDURU-MBAITOLI.pdf
Imo,IKEDURU/MBAITOLI,FC/137/IM,20,MADU MATHEW O,MALE,NEPP,11,,Imo_IKEDURU-MBAITOLI.pdf
Imo,IKEDURU/MBAITOLI,FC/137/IM,21,NWAWUBA HENRY N,MALE,PDP,31600,,Imo_IKEDURU-MBAITOLI.pdf
Imo,IKEDURU/MBAITOLI,FC/137/IM,22,EMEREOL E. WALTER,MALE,PPA,71,,Imo_IKEDURU-MBAITOLI.pdf
Imo,IKEDURU/MBAITOLI,FC/137/IM,23,OJIAKO C. LONGINUS,MALE,PNN,23,,Imo_IKEDURU-MBAITOLI.pdf
Imo,IKEDURU/MBAITOLI,FC/137/IM,24,IGBOANUZUO OBINNA,MALE,PRP,16,,Imo_IKEDURU-MBAITOLI.pdf
Imo,IKEDURU/MBAITOLI,FC/137/IM,25,ELVIS ONYEMEREKWE C,MALE,PT,11,,Imo_IKEDURU-MBAITOLI.pdf
Imo,IKEDURU/MBAITOLI,FC/137/IM,26,ANYANWU DESMOND C,MALE,RBNP,86,,Imo_IKEDURU-MBAITOLI.pdf
Imo,IKEDURU/MBAITOLI,FC/137/IM,27,TERENCE IKECHI O.J,MALE,RP,35,,Imo_IKEDURU-MBAITOLI.pdf
Imo,IKEDURU/MBAITOLI,FC/137/IM,28,OJOH CHIDIEBERE,MALE,SDP,94,,Imo_IKEDURU-MBAITOLI.pdf
Imo,IKEDURU/MBAITOLI,FC/137/IM,29,UWANDU GERTRUDE,FEMALE,SNC,19,,Imo_IKEDURU-MBAITOLI.pdf
Imo,IKEDURU/MBAITOLI,FC/137/IM,30,ANYAWU ALFRED C,MALE,SNP,9,,Imo_IKEDURU-MBAITOLI.pdf
Imo,IKEDURU/MBAITOLI,FC/137/IM,31,OKORIE BASIL NWANNEBUE,MALE,UPC,9,,Imo_IKEDURU-MBAITOLI.pdf
Imo,IKEDURU/MBAITOLI,FC/137/IM,32,NWAGWU KELECHI KENNEDY,MALE,UPP,216,,Imo_IKEDURU-MBAITOLI.pdf
Imo,IKEDURU/MBAITOLI,FC/137/IM,33,ISAAC EBERE,MALE,YPP,43,,Imo_IKEDURU-MBAITOLI.pdf
Imo,IKEDURU/MBAITOLI,FC/137/IM,34,OZICHUKWU OKWARA,MALE,ZLP,1137,,Imo_IKEDURU-MBAITOLI.pdf
Imo,IKEDURU/MBATITOLO,FC/137/IM,1,CHINATU UNAKALAMBA AMBROSE,MALE,A,194,,Imo_IKEDURU-MBATITOLO.pdf
Imo,IKEDURU/MBATITOLO,FC/137/IM,2,NWAFOR CHINWE B,FEMALE,AA,240,,Imo_IKEDURU-MBATITOLO.pdf
Imo,IKEDURU/MBATITOLO,FC/137/IM,3,MAC CHIEF OPARA MOSES,MALE,ADC,140,,Imo_IKEDURU-MBATITOLO.pdf
Imo,IKEDURU/MBATITOLO,FC/137/IM,4,EMEKA IRENE C.CHINONSO,FEMALE,ADP,260,,Imo_IKEDURU-MBATITOLO.pdf
Imo,IKEDURU/MBATITOLO,FC/137/IM,5,NZEKWE KENNEDY,MALE,AGAP,63,,Imo_IKEDURU-MBATITOLO.pdf
Imo,IKEDURU/MBATITOLO,FC/137/IM,6,IWUAGWU TIMOTHY CHIBUZO,MALE,ANRP,56,,Imo_IKEDURU-MBATITOLO.pdf
Imo,IKEDURU/MBATITOLO,FC/137/IM,7,IWUORIE DANIEL CHIBUZO,MALE,APC,11338,,Imo_IKEDURU-MBATITOLO.pdf
Imo,IKEDURU/MBATITOLO,FC/137/IM,8,KEMDI CHINO OPARA MALE APGA 4117,,,,,Imo_IKEDURU-MBATITOLO.pdf
Imo,IKEDURU/MBATITOLO,FC/137/IM,9,IWUAMADI THANKGOD EMEKA,MALE,APM,22,,Imo_IKEDURU-MBATITOLO.pdf
Imo,IKEDURU/MBATITOLO,FC/137/IM,10,OKERE CHIDERA T. FEMALE APP 638,,,,,Imo_IKEDURU-MBATITOLO.pdf
Imo,IKEDURU/MBATITOLO,FC/137/IM,11,CORDILA AZIKA NJOKE,FEMALE,DA,16,,Imo_IKEDURU-MBATITOLO.pdf
Imo,IKEDURU/MBATITOLO,FC/137/IM,12,PETER ANAMEKWA AJUKWA,FEMALE,GPN,17,,Imo_IKEDURU-MBATITOLO.pdf
Imo,IKEDURU/MBATITOLO,FC/137/IM,13,PRINCE VINCENT OPARAOCHA,MALE,JMPP,5,,Imo_IKEDURU-MBATITOLO.pdf
Imo,IKEDURU/MBATITOLO,FC/137/IM,14,ANYAWU CONFIDENCE EMMANUEL,MALE,LP,44,,Imo_IKEDURU-MBATITOLO.pdf
Imo,IKEDURU/MBATITOLO,FC/137/IM,15,NOBLEIYKE IKEMEFUNA EDOZIE MALE MAJA 46 NWABUEZE OHAKWE MALE MPN 17,,,,,Imo_IKEDURU-MBATITOLO.pdf
Imo,IKEDURU/MBATITOLO,FC/137/IM,17,MICHAEL FAVOUR OLUCHI,FEMALE,NAC,38,,Imo_IKEDURU-MBATITOLO.pdf
Imo,IKEDURU/MBATITOLO,FC/137/IM,18,NWACHMERE CYRIL CHIMA O.,MALE,NDCP,18,,Imo_IKEDURU-MBATITOLO.pdf
Imo,IKEDURU/MBATITOLO,FC/137/IM,19,EGWIM EVANS MALE NDLP 16,,,,,Imo_IKEDURU-MBATITOLO.pdf
Imo,IKEDURU/MBATITOLO,FC/137/IM,20,NWAGWUBA HENRY NDOCHUKWU,MALE,PDP,31600,,Imo_IKEDURU-MBATITOLO.pdf
Imo,IKEDURU/MBATITOLO,FC/137/IM,21,EMEREOLE WALTER GINIKANWA,MALE,PPA,75,,Imo_IKEDURU-MBATITOLO.pdf
Imo,IKEDURU/MBATITOLO,FC/137/IM,22,OJIAKOR CHIBUZOR LINUS,MALE,PPN,,,Imo_IKEDURU-MBATITOLO.pdf
Imo,IKEDURU/MBATITOLO,FC/137/IM,23,MADU MATHEW O,MALE,NEPP,,,Imo_IKEDURU-MBATITOLO.pdf
Imo,IKEDURU/MBATITOLO,FC/137/IM,24,IGBOANUZUO OBINNA,MALE,PRP,16,,Imo_IKEDURU-MBATITOLO.pdf
Imo,IKEDURU/MBATITOLO,FC/137/IM,25,ELVIS ONYEMEREKWE CHIDOZIE,MALE,PT,11,,Imo_IKEDURU-MBATITOLO.pdf
Imo,IKEDURU/MBATITOLO,FC/137/IM,26,ANYANWU DESMOND CHUKUMA,MALE,RBNP,86,,Imo_IKEDURU-MBATITOLO.pdf
Imo,IKEDURU/MBATITOLO,FC/137/IM,27,TERENCE IKECHI ONONUJU,MALE,RP,95,,Imo_IKEDURU-MBATITOLO.pdf
Imo,IKEDURU/MBATITOLO,FC/137/IM,28,OJOH CHIDIE CHIDIERE,MALE,SDP,94,,Imo_IKEDURU-MBATITOLO.pdf
Imo,IKEDURU/MBATITOLO,FC/137/IM,29,UWANDU GERTRUDE CHINYERE,MALE,SNC,19,,Imo_IKEDURU-MBATITOLO.pdf
Imo,IKEDURU/MBATITOLO,FC/137/IM,30,ANYAWU ALFRED CHUKWUDI,MALE,SNP,9,,Imo_IKEDURU-MBATITOLO.pdf
Imo,IKEDURU/MBATITOLO,FC/137/IM,31,OKORIE BASIL NWANNEBUIHE,MALE,UPC,9,,Imo_IKEDURU-MBATITOLO.pdf
Imo,IKEDURU/MBATITOLO,FC/137/IM,32,NWAGWU KELECHI KENNEDY,MALE,UPP,216,,Imo_IKEDURU-MBATITOLO.pdf
Imo,IKEDURU/MBATITOLO,FC/137/IM,33,ISAAC EBER,MALE,YPP,45,,Imo_IKEDURU-MBATITOLO.pdf
Imo,IKEDURU/MBATITOLO,FC/137/IM,34,OZICHUKWU OKWARA,MALE,ZLP,138,,Imo_IKEDURU-MBATITOLO.pdf
Imo,ISILA MBANO/OKIGWE/ONUIMO,FC/132/IM,1,OBIINNA KINGSLEY O ARIRI,MALE,PDP,17903,DECLARED ELECTED,Imo_ISILA-MBANO-OKIGWE-ONUIMO.pdf
Imo,ISILA MBANO/OKIGWE/ONUIMO,FC/132/IM,2,CHIKWEM CHIJIOKE ONUOHA,MALE,APGA,12099,,Imo_ISILA-MBANO-OKIGWE-ONUIMO.pdf
Imo,ISILA MBANO/OKIGWE/ONUIMO,FC/132/IM,3,SIMEON IWUNZE,MALE,AA,8774,,Imo_ISILA-MBANO-OKIGWE-ONUIMO.pdf
Imo,ISILA MBANO/OKIGWE/ONUIMO,FC/132/IM,4,PRINCESS MIRIAM ONUOHA,FEMALE,APC,6015,,Imo_ISILA-MBANO-OKIGWE-ONUIMO.pdf
Imo,ISU/NJABA/NKWERE/NWAGELE,FC/132/IM,1,CHINASA MADUMERE GODWIN,MALE,A,331,,Imo_ISU-NJABA-NKWERE-NWAGELE.pdf
Imo,ISU/NJABA/NKWERE/NWAGELE,FC/132/IM,2,NGBUDUM ANTHONY NWAMEZIE,MALE,AA,225,,Imo_ISU-NJABA-NKWERE-NWAGELE.pdf
Imo,ISU/NJABA/NKWERE/NWAGELE,FC/132/IM,3,OLIVER OHEFULE C,MALE,ADC,74,,Imo_ISU-NJABA-NKWERE-NWAGELE.pdf
Imo,ISU/NJABA/NKWERE/NWAGELE,FC/132/IM,4,ALEXANDER CHUKWUEMEKA N.,MALE,ADP,39,,Imo_ISU-NJABA-NKWERE-NWAGELE.pdf
Imo,ISU/NJABA/NKWERE/NWAGELE,FC/132/IM,5,NWOSU ONYEKA EMMANUEL,MALE,AGAP,117,,Imo_ISU-NJABA-NKWERE-NWAGELE.pdf
Imo,ISU/NJABA/NKWERE/NWAGELE,FC/132/IM,6,UGONNA UZORIGBO,MALE,APC,22795,,Imo_ISU-NJABA-NKWERE-NWAGELE.pdf
Imo,ISU/NJABA/NKWERE/NWAGELE,FC/132/IM,7,OBASI EMMANUEL ADUKPO,MALE,APGA,4808,,Imo_ISU-NJABA-NKWERE-NWAGELE.pdf
Imo,ISU/NJABA/NKWERE/NWAGELE,FC/132/IM,8,OLUCHI CAROLINE EZE,FEMALE,DA,11,,Imo_ISU-NJABA-NKWERE-NWAGELE.pdf
Imo,ISU/NJABA/NKWERE/NWAGELE,FC/132/IM,9,EHIRIM ANTHONIA CHINYERE,FEMALE,MPN,8,,Imo_ISU-NJABA-NKWERE-NWAGELE.pdf
Imo,ISU/NJABA/NKWERE/NWAGELE,FC/132/IM,10,IWUNDU LATIFA CHIAMAKA,FEMALE,NAC,6,,Imo_ISU-NJABA-NKWERE-NWAGELE.pdf
Imo,ISU/NJABA/NKWERE/NWAGELE,FC/132/IM,11,ANUMUDU CHUKWUEMEKA,MALE,NDLP,8,,Imo_ISU-NJABA-NKWERE-NWAGELE.pdf
Imo,ISU/NJABA/NKWERE/NWAGELE,FC/132/IM,12,DURU OKECHUKWU,MALE,NEPP,17,,Imo_ISU-NJABA-NKWERE-NWAGELE.pdf
Imo,ISU/NJABA/NKWERE/NWAGELE,FC/132/IM,13,KINGSLEY CHIBUZO ECHENDU,MALE,PDP,22356,,Imo_ISU-NJABA-NKWERE-NWAGELE.pdf
Imo,ISU/NJABA/NKWERE/NWAGELE,FC/132/IM,14,FREEMAN ENWEREJI,MALE,PPC,62,,Imo_ISU-NJABA-NKWERE-NWAGELE.pdf
Imo,ISU/NJABA/NKWERE/NWAGELE,FC/132/IM,15,UZOUKWU CHIKEZIE,MALE,PPN,41,,Imo_ISU-NJABA-NKWERE-NWAGELE.pdf
Imo,ISU/NJABA/NKWERE/NWAGELE,FC/132/IM,16,ONUOHA CHARITY,FEMALE,PRP,8,,Imo_ISU-NJABA-NKWERE-NWAGELE.pdf
Imo,ISU/NJABA/NKWERE/NWAGELE,FC/132/IM,17,AMABERU KENNETH C,MALE,SDP,917,,Imo_ISU-NJABA-NKWERE-NWAGELE.pdf
Imo,ISU/NJABA/NKWERE/NWAGELE,FC/132/IM,18,CHUKWUEMEKA NNABUE ALEXANDER,MALE,UPP,12,,Imo_ISU-NJABA-NKWERE-NWAGELE.pdf
Imo,ISU/NJABA/NKWERE/NWAGELE,FC/132/IM,19,NZE UZOMBA A.O,MALE,YPP,15,,Imo_ISU-NJABA-NKWERE-NWAGELE.pdf
Imo,ISU/NJABA/NKWERE/NWAGELE,FC/132/IM,20,UZONAH LINUS OKWUDIRI,MALE,ZLP,13,,Imo_ISU-NJABA-NKWERE-NWAGELE.pdf
Imo,OGUTA/OHAJI/EGBEMA/ORU WEST,,1,OBED CHIJIOKE ACHOLONU,MALE,PDP,12208,,Imo_OGUTAOHAJIEGBEMAORU-WEST.pdf
Imo,OGUTA/OHAJI/EGBEMA/ORU WEST,,2,EMEKA P. EZEOCHA,MALE,SDP,56,,Imo_OGUTAOHAJIEGBEMAORU-WEST.pdf
Imo,OGUTA/OHAJI/EGBEMA/ORU WEST,,3,OPIAH GOODLUCK NANA,MALE,APC,8214,,Imo_OGUTAOHAJIEGBEMAORU-WEST.pdf
Imo,OGUTA/OHAJI/EGBEMA/ORU WEST,,4,CHIMA UJU KINGSLEY,MALE,AA,18808,DECLARED ELECTED,Imo_OGUTAOHAJIEGBEMAORU-WEST.pdf
Imo,OGUTA/OHAJI/EGBEMA/ORU WEST,,5,HENRY UZOR OKAFOR,MALE,APGA,3779,,Imo_OGUTAOHAJIEGBEMAORU-WEST.pdf
Imo,ORU EAST/ORSU/ORLU,FC/134/IM,1,SAMUEL C ORJI,MALE,A,43,,Imo_ORU-EAST-ORSU-ORLU.pdf
Imo,ORU EAST/ORSU/ORLU,FC/134/IM,2,IHEAZUO IKENNA MARTINS,MALE,AA,2171,,Imo_ORU-EAST-ORSU-ORLU.pdf
Imo,ORU EAST/ORSU/ORLU,FC/134/IM,3,NWACHUKWU MAGNUS U,MALE,ACD,0,,Imo_ORU-EAST-ORSU-ORLU.pdf
Imo,ORU EAST/ORSU/ORLU,FC/134/IM,4,NGOZI CHUKWU M EZIEM,MALE,ADC,794,,Imo_ORU-EAST-ORSU-ORLU.pdf
Imo,ORU EAST/ORSU/ORLU,FC/134/IM,5,OGUBUIKE COMRADE C.,MALE,ADP,43,,Imo_ORU-EAST-ORSU-ORLU.pdf
Imo,ORU EAST/ORSU/ORLU,FC/134/IM,6,KEVIN CHIDEDU C,MALE,AGAP,51,,Imo_ORU-EAST-ORSU-ORLU.pdf
Imo,ORU EAST/ORSU/ORLU,FC/134/IM,7,OHAZURUIKE TOCHUKWU E.,MALE,APP,0,,Imo_ORU-EAST-ORSU-ORLU.pdf
Imo,ORU EAST/ORSU/ORLU,FC/134/IM,8,OJIRIKE MARK ANTHONY,MALE,C4C,0,,Imo_ORU-EAST-ORSU-ORLU.pdf
Imo,ORU EAST/ORSU/ORLU,FC/134/IM,9,EDWIN OGECHUKWU I,MALE,APC,20061,,Imo_ORU-EAST-ORSU-ORLU.pdf
Imo,ORU EAST/ORSU/ORLU,FC/134/IM,10,AGUKWE ELVIS JUDE C,MALE,APGA,5290,,Imo_ORU-EAST-ORSU-ORLU.pdf
Imo,ORU EAST/ORSU/ORLU,FC/134/IM,11,CHRIS EKWEME,MALE,DA,5,,Imo_ORU-EAST-ORSU-ORLU.pdf
Imo,ORU EAST/ORSU/ORLU,FC/134/IM,12,ONYECHUFUNA LILIAN C.,FEMALE,DPP,10,,Imo_ORU-EAST-ORSU-ORLU.pdf
Imo,ORU EAST/ORSU/ORLU,FC/134/IM,13,OMEREBERE EZEOGU M,MALE,LP,25,,Imo_ORU-EAST-ORSU-ORLU.pdf
Imo,ORU EAST/ORSU/ORLU,FC/134/IM,14,CHARLES MBAKWE,MALE,MPN,10,,Imo_ORU-EAST-ORSU-ORLU.pdf
Imo,ORU EAST/ORSU/ORLU,FC/134/IM,15,OHANUKA CHINEDU,MALE,NDLP,0,,Imo_ORU-EAST-ORSU-ORLU.pdf
Imo,ORU EAST/ORSU/ORLU,FC/134/IM,16,OKAFOR VINCENT,MALE,NEPP,20,,Imo_ORU-EAST-ORSU-ORLU.pdf
Imo,ORU EAST/ORSU/ORLU,FC/134/IM,17,IHEKWUMERE ADIBE,MALE,NFD,15,,Imo_ORU-EAST-ORSU-ORLU.pdf
Imo,ORU EAST/ORSU/ORLU,FC/134/IM,18,JERRY ALAGBAOSO,MALE,PDP,21273,,Imo_ORU-EAST-ORSU-ORLU.pdf
Imo,ORU EAST/ORSU/ORLU,FC/134/IM,19,PAUL CHUKWU,MALE,PPC,25,,Imo_ORU-EAST-ORSU-ORLU.pdf
Imo,ORU EAST/ORSU/ORLU,FC/134/IM,20,OSUJI KELECHI,MALE,PPN,0,,Imo_ORU-EAST-ORSU-ORLU.pdf
Imo,ORU EAST/ORSU/ORLU,FC/134/IM,21,OHAJI GLORIA T.,FEMALE,PRP,12,,Imo_ORU-EAST-ORSU-ORLU.pdf
Imo,ORU EAST/ORSU/ORLU,FC/134/IM,22,UDE CHRISTINNA,FEMALE,SDP,29,,Imo_ORU-EAST-ORSU-ORLU.pdf
Imo,ORU EAST/ORSU/ORLU,FC/134/IM,23,ONYEDIKAM FIDELIS C,MALE,SNC,12,,Imo_ORU-EAST-ORSU-ORLU.pdf
Imo,ORU EAST/ORSU/ORLU,FC/134/IM,24,NWAKORIE ARTHUR,MALE,UPP,,,Imo_ORU-EAST-ORSU-ORLU.pdf
Imo,ORU EAST/ORSU/ORLU,FC/134/IM,25,UCHE ACHUGO,MALE,YEP,148,,Imo_ORU-EAST-ORSU-ORLU.pdf
Imo,ORU EAST/ORSU/ORLU,FC/134/IM,26,NKOBI GABRIEL N,MALE,ZLP,23,,Imo_ORU-EAST-ORSU-ORLU.pdf
Imo,OWERRI MUNICIPAL/OWERRI NORTH/OWERRI SOUTH,FC/138/IM,1,GABRIEL A.S AMADI,MALE,A,1598,,Imo_OWERRI-FC.pdf
Imo,OWERRI MUNICIPAL/OWERRI NORTH/OWERRI SOUTH,FC/138/IM,2,NNADI OFORGU CHIMA I.,MALE,AA,627,,Imo_OWERRI-FC.pdf
Imo,OWERRI MUNICIPAL/OWERRI NORTH/OWERRI SOUTH,FC/138/IM,3,NJOKU PATRICK,MALE,ADC,87,,Imo_OWERRI-FC.pdf
Imo,OWERRI MUNICIPAL/OWERRI NORTH/OWERRI SOUTH,FC/138/IM,4,CHIMKE CHINEDU IPAZU.P,MALE,ADP,67,,Imo_OWERRI-FC.pdf
Imo,OWERRI MUNICIPAL/OWERRI NORTH/OWERRI SOUTH,FC/138/IM,5,AJOKU CHEMENA SAMSON,MALE,AGA,58,,Imo_OWERRI-FC.pdf
Imo,OWERRI MUNICIPAL/OWERRI NORTH/OWERRI SOUTH,FC/138/IM,6,CHIKWE CHUKWUDI DESTINY,MALE,AGAP,87,,Imo_OWERRI-FC.pdf
Imo,OWERRI MUNICIPAL/OWERRI NORTH/OWERRI SOUTH,FC/138/IM,7,OBINNA MBATA,MALE,APC,6371,,Imo_OWERRI-FC.pdf
Imo,OWERRI MUNICIPAL/OWERRI NORTH/OWERRI SOUTH,FC/138/IM,8,ACHOGBUO BENJAMIN AZUBUIKE,MALE,APGA,4860,,Imo_OWERRI-FC.pdf
Imo,OWERRI MUNICIPAL/OWERRI NORTH/OWERRI SOUTH,FC/138/IM,9,OPARA EKUEME,MALE,APP,60,,Imo_OWERRI-FC.pdf
Imo,OWERRI MUNICIPAL/OWERRI NORTH/OWERRI SOUTH,FC/138/IM,10,ONYEANAMAN CHIMEZIE,MALE,ASD,19,,Imo_OWERRI-FC.pdf
Imo,OWERRI MUNICIPAL/OWERRI NORTH/OWERRI SOUTH,FC/138/IM,11,AWURUM CHIBAGO,MALE,DA,46,,Imo_OWERRI-FC.pdf
Imo,OWERRI MUNICIPAL/OWERRI NORTH/OWERRI SOUTH,FC/138/IM,12,IBEAWUCHI CHIKERE FELIX,MALE,FJP,6,,Imo_OWERRI-FC.pdf
Imo,OWERRI MUNICIPAL/OWERRI NORTH/OWERRI SOUTH,FC/138/IM,13,OPARA THEODUS .U.,MALE,GPN,12,,Imo_OWERRI-FC.pdf
Imo,OWERRI MUNICIPAL/OWERRI NORTH/OWERRI SOUTH,FC/138/IM,14,OPARAOCHA EKWE EMEKA U,MALE,ID,243,,Imo_OWERRI-FC.pdf
Imo,OWERRI MUNICIPAL/OWERRI NORTH/OWERRI SOUTH,FC/138/IM,15,EME VITALIS,MALE,LP,48,,Imo_OWERRI-FC.pdf
Imo,OWERRI MUNICIPAL/OWERRI NORTH/OWERRI SOUTH,FC/138/IM,16,AZUATALAM CLARICE AHUEKWE,MALE,MAJA,45,,Imo_OWERRI-FC.pdf
Imo,OWERRI MUNICIPAL/OWERRI NORTH/OWERRI SOUTH,FC/138/IM,17,DONATUS NWANERI,MALE,MPN,17,,Imo_OWERRI-FC.pdf
Imo,OWERRI MUNICIPAL/OWERRI NORTH/OWERRI SOUTH,FC/138/IM,18,AMADI JULIETA NKEIRUKA,FEMALE,NAC,32,,Imo_OWERRI-FC.pdf
Imo,OWERRI MUNICIPAL/OWERRI NORTH/OWERRI SOUTH,FC/138/IM,19,AGWU LOVELINE NNENNA,FEMALE,NDCP,1,,Imo_OWERRI-FC.pdf
Imo,OWERRI MUNICIPAL/OWERRI NORTH/OWERRI SOUTH,FC/138/IM,20,AKUEBIONWU FIDELIS J.,MALE,NDLP,16,,Imo_OWERRI-FC.pdf
Imo,OWERRI MUNICIPAL/OWERRI NORTH/OWERRI SOUTH,FC/138/IM,21,0GU VICENT NWAKEMMA,MALE,NEPP,12,,Imo_OWERRI-FC.pdf
Imo,OWERRI MUNICIPAL/OWERRI NORTH/OWERRI SOUTH,FC/138/IM,22,EMUKA GIFT UCHECHI,FEMALE,NFD,3,,Imo_OWERRI-FC.pdf
Imo,OWERRI MUNICIPAL/OWERRI NORTH/OWERRI SOUTH,FC/138/IM,23,ELEZIENYA IKENNA OYECHERE,MALE,PDP,32694,,Imo_OWERRI-FC.pdf
Imo,OWERRI MUNICIPAL/OWERRI NORTH/OWERRI SOUTH,FC/138/IM,24,NJAMANZE ANTHONY C,MALE,PPC,51,,Imo_OWERRI-FC.pdf
Imo,OWERRI MUNICIPAL/OWERRI NORTH/OWERRI SOUTH,FC/138/IM,25,ASOLUKA UCHENNA,MALE,PPN,71,,Imo_OWERRI-FC.pdf
Imo,OWERRI MUNICIPAL/OWERRI NORTH/OWERRI SOUTH,FC/138/IM,26,IKPEAZU CHIEDOZIE DANIEL,MALE,SDP,5410,,Imo_OWERRI-FC.pdf
Imo,OWERRI MUNICIPAL/OWERRI NORTH/OWERRI SOUTH,FC/138/IM,27,WILLIAMS HAPINEESS UCHECHI,MALE,UPD,93,,Imo_OWERRI-FC.pdf
Imo,OWERRI MUNICIPAL/OWERRI NORTH/OWERRI SOUTH,FC/138/IM,28,UGOCHUKWU OSUJI VICTOR,MALE,YDP,3,,Imo_OWERRI-FC.pdf
Imo,OWERRI MUNICIPAL/OWERRI NORTH/OWERRI SOUTH,FC/138/IM,29,ANTHONY ODUGWU,MALE,YPP,121,,Imo_OWERRI-FC.pdf
Imo,OWERRI MUNICIPAL/OWERRI NORTH/OWERRI SOUTH,FC/138/IM,30,ODIKA KINGSLEY CHINEDU,MALE,ZLP,52,,Imo_OWERRI-FC.pdf
Jigawa,BABURA/GARKI,FC/139/JG,1,MUHAMMAD ADAM F/GAWO,MALE,APC,62452,DECLARED ELECTED,Jigawa_BBR-GRK-139.pdf
Jigawa,BABURA/GARKI,FC/139/JG,2,NASIRU GARBA DANTIYE,MALE,PDP,24554,,Jigawa_BBR-GRK-139.pdf
Jigawa,BABURA/GARKI,FC/139/JG,3,KALOMA D. MUSTAPHA,MALE,SDP,13211,,Jigawa_BBR-GRK-139.pdf
Jigawa,BIRNIN KUDU/BUJI,FC/140/JG,1,DA'U ALIYU MAGAJI,MALE,APC,62001,DECLARED ELECTED,Jigawa_BKD-BUJ-140.pdf
Jigawa,BIRNIN KUDU/BUJI,FC/140/JG,2,DANJUMA DANTALA BELLO,MALE,DA,95,,Jigawa_BKD-BUJ-140.pdf
Jigawa,BIRNIN KUDU/BUJI,FC/140/JG,3,ABDULLAHI SULEIMAN,MALE,PDM,49,,Jigawa_BKD-BUJ-140.pdf
Jigawa,BIRNIN KUDU/BUJI,FC/140/JG,4,ALIYU MUHAMMED TUKUR,MALE,PDP,38963,,Jigawa_BKD-BUJ-140.pdf
Jigawa,BIRNIN KUDU/BUJI,FC/140/JG,5,MUSTAPHA DANKUMBO,MALE,PPC,93,,Jigawa_BKD-BUJ-140.pdf
Jigawa,BIRNIN KUDU/BUJI,FC/140/JG,6,NURA ALIYU,MALE,SDP,68,,Jigawa_BKD-BUJ-140.pdf
Jigawa,BIRNIN KUDU/BUJI,FC/140/JG,7,BALARABE MOHAMMED,MALE,UPP,2,,Jigawa_BKD-BUJ-140.pdf
Jigawa,BIRNIWA/GURI/KIRIKASAMMA,FC/141/JG,1,SURAJO MOHAMMED,MALE,ACPN,0,,Jigawa_BNW-GUR-KRM-141.pdf
Jigawa,BIRNIWA/GURI/KIRIKASAMMA,FC/141/JG,2,FULATA ABUBAKAR HASSAN,MALE,APC,63884,DECLARED ELECTED,Jigawa_BNW-GUR-KRM-141.pdf
Jigawa,BIRNIWA/GURI/KIRIKASAMMA,FC/141/JG,3,DANJUMA USSAINI,MALE,DA,32,,Jigawa_BNW-GUR-KRM-141.pdf
Jigawa,BIRNIWA/GURI/KIRIKASAMMA,FC/141/JG,4,NASIRU GARBA,MALE,PDM,47,,Jigawa_BNW-GUR-KRM-141.pdf
Jigawa,BIRNIWA/GURI/KIRIKASAMMA,FC/141/JG,5,ABBA DAGURO MOHAMMED,MALE,PDP,25447,,Jigawa_BNW-GUR-KRM-141.pdf
Jigawa,BIRNIWA/GURI/KIRIKASAMMA,FC/141/JG,6,ADAMU ABBA ANAS,MALE,SDP,5349,,Jigawa_BNW-GUR-KRM-141.pdf
Jigawa,DUTSE/KIYAWA,FC/142/JG,1,SHEHU SANUSI,MALE,AA,5444,,Jigawa_DUT-KYW-142.pdf
Jigawa,DUTSE/KIYAWA,FC/142/JG,2,ILU IDRIS,MALE,ACPN,38,,Jigawa_DUT-KYW-142.pdf
Jigawa,DUTSE/KIYAWA,FC/142/JG,3,USMAN IBRAHIM GAMBO,MALE,AD,350,,Jigawa_DUT-KYW-142.pdf
Jigawa,DUTSE/KIYAWA,FC/142/JG,4,SHAMSU B. ABUBAKAR,MALE,ADC,137,,Jigawa_DUT-KYW-142.pdf
Jigawa,DUTSE/KIYAWA,FC/142/JG,5,ABDULLAHI IBRAHIM DUTSE,MALE,APC,66428,DECLARED ELECTED,Jigawa_DUT-KYW-142.pdf
Jigawa,DUTSE/KIYAWA,FC/142/JG,6,IBRAHIM ADAMU,MALE,DA,140,,Jigawa_DUT-KYW-142.pdf
Jigawa,DUTSE/KIYAWA,FC/142/JG,7,AMINU WADA ABUBAKAR,MALE,PDP,37008,,Jigawa_DUT-KYW-142.pdf
Jigawa,DUTSE/KIYAWA,FC/142/JG,8,MUNKAILU USMAN,MALE,PPC,95,,Jigawa_DUT-KYW-142.pdf
Jigawa,DUTSE/KIYAWA,FC/142/JG,9,MOHAMMED ABDULAZEEZ,MALE,SDP,645,,Jigawa_DUT-KYW-142.pdf
Jigawa,GAGARAWA/GUMEL/MAIGATARI/SULE TANKARKAR,FC/144/JG,1,MUTARI IBRAHIM,MALE,ADC,179,,Jigawa_GGR-GML-MGR-STK-144.pdf
Jigawa,GAGARAWA/GUMEL/MAIGATARI/SULE TANKARKAR,FC/144/JG,2,SANI NAZIFI,MALE,APC,75975,DECLARED ELECTED,Jigawa_GGR-GML-MGR-STK-144.pdf
Jigawa,GAGARAWA/GUMEL/MAIGATARI/SULE TANKARKAR,FC/144/JG,3,GAMBO LAWAL,MALE,DA,97,,Jigawa_GGR-GML-MGR-STK-144.pdf
Jigawa,GAGARAWA/GUMEL/MAIGATARI/SULE TANKARKAR,FC/144/JG,4,NASIRU MOHAMMED,MALE,PDP,38881,,Jigawa_GGR-GML-MGR-STK-144.pdf
Jigawa,GAGARAWA/GUMEL/MAIGATARI/SULE TANKARKAR,FC/144/JG,5,SANI YA'U GUMEL,MALE,PPC,114,,Jigawa_GGR-GML-MGR-STK-144.pdf
Jigawa,GAGARAWA/GUMEL/MAIGATARI/SULE TANKARKAR,FC/144/JG,6,ZARADA MUSA YAHAYA,MALE,PRP,104,,Jigawa_GGR-GML-MGR-STK-144.pdf
Jigawa,GAGARAWA/GUMEL/MAIGATARI/SULE TANKARKAR,FC/144/JG,7,MUDASIR ABDULHAMID,MALE,PT,35,,Jigawa_GGR-GML-MGR-STK-144.pdf
Jigawa,GAGARAWA/GUMEL/MAIGATARI/SULE TANKARKAR,FC/144/JG,8,MURTALA HABU GUMEL,MALE,SDP,11799,,Jigawa_GGR-GML-MGR-STK-144.pdf
Jigawa,GWARAM,FC/143/JG,1,ISAH SULE,MALE,ACPN,31,,Jigawa_GRM-143.pdf
Jigawa,GWARAM,FC/143/JG,2,SULEIMAN BARDE,MALE,ADC,82,,Jigawa_GRM-143.pdf
Jigawa,GWARAM,FC/143/JG,3,KILA HASSAN YUGUDA,MALE,APC,46294,DECLARED ELECTED,Jigawa_GRM-143.pdf
Jigawa,GWARAM,FC/143/JG,4,ISIYAKA AHAMMED,MALE,DA,69,,Jigawa_GRM-143.pdf
Jigawa,GWARAM,FC/143/JG,5,ABDULMUTALLIB,MALE,PDM,64,,Jigawa_GRM-143.pdf
Jigawa,GWARAM,FC/143/JG,6,ISYAKU ISAH MARUTA,MALE,PDP,24147,,Jigawa_GRM-143.pdf
Jigawa,GWARAM,FC/143/JG,7,NURA GWARAM,MALE,PPC,64,,Jigawa_GRM-143.pdf
Jigawa,GWARAM,FC/143/JG,8,IBRAHIM ABUBAKAR ALIYU,MALE,SDP,2541,,Jigawa_GRM-143.pdf
Jigawa,HADEJIA/AUYO/KAFIN HAUSA,FC/145/JG,1,IBRAHIM USMAN AUYO,MALE,APC,70388,DECLARED ELECTED,Jigawa_HDJ-AUY-KHS-145.pdf
Jigawa,HADEJIA/AUYO/KAFIN HAUSA,FC/145/JG,2,ISIYAKA SAMBO,MALE,DA,109,,Jigawa_HDJ-AUY-KHS-145.pdf
Jigawa,HADEJIA/AUYO/KAFIN HAUSA,FC/145/JG,3,DANMARI ABDULLAHI,MALE,MPN,34,,Jigawa_HDJ-AUY-KHS-145.pdf
Jigawa,HADEJIA/AUYO/KAFIN HAUSA,FC/145/JG,4,JIBRIN YUSUF BABANGIDA,MALE,PDP,34143,,Jigawa_HDJ-AUY-KHS-145.pdf
Jigawa,HADEJIA/AUYO/KAFIN HAUSA,FC/145/JG,5,ABDULKADIR USMAN,MALE,PPC,131,,Jigawa_HDJ-AUY-KHS-145.pdf
Jigawa,HADEJIA/AUYO/KAFIN HAUSA,FC/145/JG,6,HASSAN MUSTAPHA,MALE,PRP,20,,Jigawa_HDJ-AUY-KHS-145.pdf
Jigawa,HADEJIA/AUYO/KAFIN HAUSA,FC/145/JG,7,IBRAHIM AHMED BELLO,MALE,SDP,17247,,Jigawa_HDJ-AUY-KHS-145.pdf
Jigawa,KAZAURE/RONI/GWIWA/YANKWASHI,FC/148/JG,1,SANI MOHAMMED FATIMA,FEMALE,AAC,791,,Jigawa_KZR-RRN-GWW-YKS-148.pdf
Jigawa,KAZAURE/RONI/GWIWA/YANKWASHI,FC/148/JG,2,YUSUF NURA,MALE,ADC,146,,Jigawa_KZR-RRN-GWW-YKS-148.pdf
Jigawa,KAZAURE/RONI/GWIWA/YANKWASHI,FC/148/JG,3,KAZAURE MUHAMMAD GUDAJI,MALE,APC,69288,DECLARED ELECTED,Jigawa_KZR-RRN-GWW-YKS-148.pdf
Jigawa,KAZAURE/RONI/GWIWA/YANKWASHI,FC/148/JG,4,AMINU AMINU UMAR,MALE,PDP,18953,,Jigawa_KZR-RRN-GWW-YKS-148.pdf
Jigawa,KAZAURE/RONI/GWIWA/YANKWASHI,FC/148/JG,5,ISYAKU MUHAMMAD,MALE,PPC,84,,Jigawa_KZR-RRN-GWW-YKS-148.pdf
Jigawa,KAZAURE/RONI/GWIWA/YANKWASHI,FC/148/JG,6,MUHAMMED MUKTAR,MALE,SDP,13303,,Jigawa_KZR-RRN-GWW-YKS-148.pdf
Jigawa,MALAM MADORI/KAUGAMA,FC/147/JG,1,ABUBAKAR MAKKI YELLEMAN,MALE,APC,47925,DECLARED ELECTED,Jigawa_MDR-KGM-147.pdf
Jigawa,MALAM MADORI/KAUGAMA,FC/147/JG,2,YUSUF SALEH DUNARI,MALE,PDP,24802,,Jigawa_MDR-KGM-147.pdf
Jigawa,MALAM MADORI/KAUGAMA,FC/147/JG,3,SANI GAMBO,MALE,JMPP,6,,Jigawa_MDR-KGM-147.pdf
Jigawa,MALAM MADORI/KAUGAMA,FC/147/JG,4,ADO YA'U BARMA,MALE,SDP,4771,,Jigawa_MDR-KGM-147.pdf
Jigawa,MALAM MADORI/KAUGAMA,FC/147/JG,5,ABDULLAHI HUSSAINI RANGYANA,MALE,ADC,106,,Jigawa_MDR-KGM-147.pdf
Jigawa,MIGA/JAHUN,FC/146/JG,1,MUSA ALIYU RUFA'I,MALE,ADC,72,,Jigawa_MGA-JHN-146.pdf
Jigawa,MIGA/JAHUN,FC/146/JG,2,YUSUF SA'IDU MIGA,MALE,APC,54241,DECLARED ELECTED,Jigawa_MGA-JHN-146.pdf
Jigawa,MIGA/JAHUN,FC/146/JG,3,MUSTAPHA AMINU,MALE,PDM,98,,Jigawa_MGA-JHN-146.pdf
Jigawa,MIGA/JAHUN,FC/146/JG,4,ABUBAKAR TAFIDA,MALE,PDP,28772,,Jigawa_MGA-JHN-146.pdf
Jigawa,MIGA/JAHUN,FC/146/JG,5,IBRAHIM DAUDA,MALE,PPC,69,,Jigawa_MGA-JHN-146.pdf
Jigawa,MIGA/JAHUN,FC/146/JG,6,ABDULLAHI MUSA,MALE,SDP,3657,,Jigawa_MGA-JHN-146.pdf
Jigawa,RINGIM/TAURA,FC/149/JG,1,,,AA,11,,Jigawa_RMG-TAR-149.pdf
Jigawa,RINGIM/TAURA,FC/149/JG,2,,,AAC,44,,Jigawa_RMG-TAR-149.pdf
Jigawa,RINGIM/TAURA,FC/149/JG,3,,,ACPN,16,,Jigawa_RMG-TAR-149.pdf
Jigawa,RINGIM/TAURA,FC/149/JG,4,MOHD GARBA,MALE,AD,35,,Jigawa_RMG-TAR-149.pdf
Jigawa,RINGIM/TAURA,FC/149/JG,5,SANI MOHD,MALE,ADC,101,,Jigawa_RMG-TAR-149.pdf
Jigawa,RINGIM/TAURA,FC/149/JG,6,SANI ADO KIRI,MALE,APC,72889,DECLARED ELECTED,Jigawa_RMG-TAR-149.pdf
Jigawa,RINGIM/TAURA,FC/149/JG,7,MUSA ALH SALE,MALE,DA,100,,Jigawa_RMG-TAR-149.pdf
Jigawa,RINGIM/TAURA,FC/149/JG,8,,,JMPP,15,,Jigawa_RMG-TAR-149.pdf
Jigawa,RINGIM/TAURA,FC/149/JG,9,,,MPN,15,,Jigawa_RMG-TAR-149.pdf
Jigawa,RINGIM/TAURA,FC/149/JG,10,MUSA SULEMAN,MALE,NPM,21,,Jigawa_RMG-TAR-149.pdf
Jigawa,RINGIM/TAURA,FC/149/JG,11,ALI DATTI,MALE,PDM,82,,Jigawa_RMG-TAR-149.pdf
Jigawa,RINGIM/TAURA,FC/149/JG,12,GAMBO IBRAHIM GUJUNGU,MALE,PDP,36043,,Jigawa_RMG-TAR-149.pdf
Jigawa,RINGIM/TAURA,FC/149/JG,13,MANSUR TAURA,MALE,PPC,75,,Jigawa_RMG-TAR-149.pdf
Jigawa,RINGIM/TAURA,FC/149/JG,14,SHAMSI BASIRU,MALE,PPN,17,,Jigawa_RMG-TAR-149.pdf
Jigawa,RINGIM/TAURA,FC/149/JG,15,,,PRP,30,,Jigawa_RMG-TAR-149.pdf
Jigawa,RINGIM/TAURA,FC/149/JG,16,,,PT,13,,Jigawa_RMG-TAR-149.pdf
Jigawa,RINGIM/TAURA,FC/149/JG,17,ABDULLAHI MOHAMMAD,MALE,SDP,1054,,Jigawa_RMG-TAR-149.pdf
Jigawa,RINGIM/TAURA,FC/149/JG,18,,,UPP,6,,Jigawa_RMG-TAR-149.pdf
Jigawa,RINGIM/TAURA,FC/149/JG,19,,,PVC,1,,Jigawa_RMG-TAR-149.pdf
Jigawa,RINGIM/TAURA,FC/149/JG,20,,,PPA,1,,Jigawa_RMG-TAR-149.pdf
Jigawa,RINGIM/TAURA,FC/149/JG,21,,,URP,1,,Jigawa_RMG-TAR-149.pdf
Jigawa,RINGIM/TAURA,FC/149/JG,22,,,PCP,1,,Jigawa_RMG-TAR-149.pdf
Jigawa,RINGIM/TAURA,FC/149/JG,23,,,ADA,1,,Jigawa_RMG-TAR-149.pdf
Kaduna,BIRNIN GWARI/GIWA,FC/160/KD,1,IBRAHIM ABDULLAHI,M,ADC,26,,Kaduna_BIRNIN-GWARI-GIWA.pdf
Kaduna,BIRNIN GWARI/GIWA,FC/160/KD,2,SHEHU BALARABE,M,APC,72640,DECLARED ELECTED,Kaduna_BIRNIN-GWARI-GIWA.pdf
Kaduna,BIRNIN GWARI/GIWA,FC/160/KD,4,AHMED LAWAL,M,MPN,188,,Kaduna_BIRNIN-GWARI-GIWA.pdf
Kaduna,BIRNIN GWARI/GIWA,FC/160/KD,5,HAMZA ISHAQ,M,PDP,24823,,Kaduna_BIRNIN-GWARI-GIWA.pdf
Kaduna,BIRNIN GWARI/GIWA,FC/160/KD,6,AHMED USMAN,M,PRP,1901,,Kaduna_BIRNIN-GWARI-GIWA.pdf
Kaduna,BIRNIN GWARI/GIWA,FC/160/KD,7,IDRIS MOHAMMED,M,SDP,30,,Kaduna_BIRNIN-GWARI-GIWA.pdf
Kaduna,CHIKUN/KAJURU,FC/158/KD,1,HASSANA IBRAHIM,F,ABP,35,,Kaduna_CHIKUN-KAJURU.pdf
Kaduna,CHIKUN/KAJURU,FC/158/KD,2,EPHRAIM YAKUBU,M,ADC,137,,Kaduna_CHIKUN-KAJURU.pdf
Kaduna,CHIKUN/KAJURU,FC/158/KD,3,WANKA STEPHEN BAHAGO,M,AGA,27,,Kaduna_CHIKUN-KAJURU.pdf
Kaduna,CHIKUN/KAJURU,FC/158/KD,4,OLORUNNIYI SUNDAY JOHN,M,ANN,26,,Kaduna_CHIKUN-KAJURU.pdf
Kaduna,CHIKUN/KAJURU,FC/158/KD,5,WASHIRI YAHAYA,M,APC,34022,,Kaduna_CHIKUN-KAJURU.pdf
Kaduna,CHIKUN/KAJURU,FC/158/KD,6,ABUBAKAR EKENE ADAMS,M,APGA,16813,,Kaduna_CHIKUN-KAJURU.pdf
Kaduna,CHIKUN/KAJURU,FC/158/KD,7,GARBA DANLAMI MUHAMMAD MADOBI,M,CAP,34,,Kaduna_CHIKUN-KAJURU.pdf
Kaduna,CHIKUN/KAJURU,FC/158/KD,8,SALISU USMAN,M,DA,19,,Kaduna_CHIKUN-KAJURU.pdf
Kaduna,CHIKUN/KAJURU,FC/158/KD,9,JOHN DOMINIC BUAYIN,M,LP,42,,Kaduna_CHIKUN-KAJURU.pdf
Kaduna,CHIKUN/KAJURU,FC/158/KD,10,KUKWA BETTY T.,F,MPN,231,,Kaduna_CHIKUN-KAJURU.pdf
Kaduna,CHIKUN/KAJURU,FC/158/KD,11,UMAR BARDE YAKUBU,M,PDP,92547,DECLARED ELECTED,Kaduna_CHIKUN-KAJURU.pdf
Kaduna,CHIKUN/KAJURU,FC/158/KD,12,EZEKIEL BITRUS,M,PT,5,,Kaduna_CHIKUN-KAJURU.pdf
Kaduna,CHIKUN/KAJURU,FC/158/KD,13,ALIYU USMAN WAZIRI,M,SDP,724,,Kaduna_CHIKUN-KAJURU.pdf
Kaduna,IGABI,FC/153/KD,1,MUSA DALHAT SANI,M,A,12,,Kaduna_IGABI.pdf
Kaduna,IGABI,FC/153/KD,2,IBRAHIM MUSA,M,ADC,38,,Kaduna_IGABI.pdf
Kaduna,IGABI,FC/153/KD,3,IBRAHIM ALIYU MUSTAPHA,M,AGAP,56,,Kaduna_IGABI.pdf
Kaduna,IGABI,FC/153/KD,4,IBRAHIM ZUBAIRU,M,APA,352,,Kaduna_IGABI.pdf
Kaduna,IGABI,FC/153/KD,5,,M,APC,86758,,Kaduna_IGABI.pdf
Kaduna,IGABI,FC/153/KD,6,ZAKARIYAU ADAMU,M,CAP,15,,Kaduna_IGABI.pdf
Kaduna,IGABI,FC/153/KD,7,ABDULKADIR SANI,M,GPN,85,,Kaduna_IGABI.pdf
Kaduna,IGABI,FC/153/KD,8,MUHAMMED SHITTU,M,HDP,27,,Kaduna_IGABI.pdf
Kaduna,IGABI,FC/153/KD,9,ADAMU ABDULRASHID ABUBAKAR,M,LP,127,,Kaduna_IGABI.pdf
Kaduna,IGABI,FC/153/KD,10,YUSUF ADAMU,M,MPN,231,DECLARED ELECTED,Kaduna_IGABI.pdf
Kaduna,IKARA/KUBAU,FC/154/KD,1,RAJI HASSAN,M,ADC,12,,Kaduna_IKARA-KUBAU.pdf
Kaduna,IKARA/KUBAU,FC/154/KD,2,GADAAFI MUNTARI,M,AGA,3,,Kaduna_IKARA-KUBAU.pdf
Kaduna,IKARA/KUBAU,FC/154/KD,3,IBRAHIM HAMISU,M,APC,101364,DECLARED ELECTED,Kaduna_IKARA-KUBAU.pdf
Kaduna,IKARA/KUBAU,FC/154/KD,4,UUSA USMAN,M,DA,4,,Kaduna_IKARA-KUBAU.pdf
Kaduna,IKARA/KUBAU,FC/154/KD,5,BELLO MOHAMMED JAMILU,M,DPC,8,,Kaduna_IKARA-KUBAU.pdf
Kaduna,IKARA/KUBAU,FC/154/KD,6,AHMED ABDULLAHI ZUBAIRU,M,PDP,35956,,Kaduna_IKARA-KUBAU.pdf
Kaduna,IKARA/KUBAU,FC/154/KD,7,ANCHAU SULEIMAN MUNTARI,M,SDP,583,,Kaduna_IKARA-KUBAU.pdf
Kaduna,JEMA'A/SANGA,FC/159/KD,1,ADZE ILIYA UNGBOZE,M,ADC,42,,Kaduna_JEMAA-SANGA.pdf
Kaduna,JEMA'A/SANGA,FC/159/KD,2,HABU ISHAYA SARKI,M,APC,39407,,Kaduna_JEMAA-SANGA.pdf
Kaduna,JEMA'A/SANGA,FC/159/KD,3,JEAN CHRISTIAN ISHAYA,M,DPC,,,Kaduna_JEMAA-SANGA.pdf
Kaduna,JEMA'A/SANGA,FC/159/KD,4,HON.GARBA SHEHU NICHOLAS,M,PDP,75370,DECLARED ELECTED,Kaduna_JEMAA-SANGA.pdf
Kaduna,JEMA'A/SANGA,FC/159/KD,5,MOSES JULIUS A,M,PRP,76,,Kaduna_JEMAA-SANGA.pdf
Kaduna,JEMA'A/SANGA,FC/159/KD,6,SOLOMON KOGI TUKURAH,M,SDP,334,,Kaduna_JEMAA-SANGA.pdf
Kaduna,KACHIA/KAGARKO,FC/157/KD,1,SULEIMAN JAMILU,M,A,5,,Kaduna_KACHIA-KAGARKO.pdf
Kaduna,KACHIA/KAGARKO,FC/157/KD,2,SAMAILA ADAMU GADO,M,ADC,10,,Kaduna_KACHIA-KAGARKO.pdf
Kaduna,KACHIA/KAGARKO,FC/157/KD,3,GABRIEL SALEH ZOCK,M,APC,50503,DECLARED ELECTED,Kaduna_KACHIA-KAGARKO.pdf
Kaduna,KACHIA/KAGARKO,FC/157/KD,4,HANNATU YAHAYA,F,DA,6,,Kaduna_KACHIA-KAGARKO.pdf
Kaduna,KACHIA/KAGARKO,FC/157/KD,5,IMAM ABUBAKAR NURA,M,DPC,6,,Kaduna_KACHIA-KAGARKO.pdf
Kaduna,KACHIA/KAGARKO,FC/157/KD,6,DAVID UMAR,M,PDP,50496,,Kaduna_KACHIA-KAGARKO.pdf
Kaduna,KACHIA/KAGARKO,FC/157/KD,7,BUGAI JONAH,M,PT,10,,Kaduna_KACHIA-KAGARKO.pdf
Kaduna,KACHIA/KAGARKO,FC/157/KD,8,KYARI REMON,M,SDP,396,,Kaduna_KACHIA-KAGARKO.pdf
Kaduna,LERE,FC/156/KD,1,IBRAHIM AHMED,M,ADC,16,,Kaduna_LERE.pdf
Kaduna,LERE,FC/156/KD,2,MUNIR AHMED MOHAMMED,M,APC,64443,DECLARED ELECTED,Kaduna_LERE.pdf
Kaduna,LERE,FC/156/KD,3,DALAHATU ABU-DARDAI ABULKADIR,M,KP,613,,Kaduna_LERE.pdf
Kaduna,LERE,FC/156/KD,4,UMAYA SULEIMAN SAMSON,M,LM,823,,Kaduna_LERE.pdf
Kaduna,LERE,FC/156/KD,5,USMAN JAFARU,M,LP,8,,Kaduna_LERE.pdf
Kaduna,LERE,FC/156/KD,6,RABIU MUHAMMAD LAWAL,M,PDP,29706,,Kaduna_LERE.pdf
Kaduna,LERE,FC/156/KD,7,YAHAYA GOJEH,M,SDP,145,,Kaduna_LERE.pdf
Kaduna,MAKARFI/KUDAN,FC/155/KD,1,WASIU BELLO,M,ADC,17,,Kaduna_MAKARFI-KUDAN.pdf
Kaduna,MAKARFI/KUDAN,FC/155/KD,2,LADAN MUKHTAR SHEHU,M,APC,61320,DECLARED ELECTED,Kaduna_MAKARFI-KUDAN.pdf
Kaduna,MAKARFI/KUDAN,FC/155/KD,3,YASHIM HANNAH,F,DA,0,,Kaduna_MAKARFI-KUDAN.pdf
Kaduna,MAKARFI/KUDAN,FC/155/KD,4,BELLO TAFIDA,M,DPC,0,,Kaduna_MAKARFI-KUDAN.pdf
Kaduna,MAKARFI/KUDAN,FC/155/KD,5,SAMBO BELLO,M,LP,5,,Kaduna_MAKARFI-KUDAN.pdf
Kaduna,MAKARFI/KUDAN,FC/155/KD,6,SALEH ISMAIL,M,NRM,0,,Kaduna_MAKARFI-KUDAN.pdf
Kaduna,MAKARFI/KUDAN,FC/155/KD,7,AHMED HASSAN.J.,M,PDP,32352,,Kaduna_MAKARFI-KUDAN.pdf
Kaduna,SABON GARI,FC/161/KD,1,SULEIMAN YAKUBU MUSA,M,ADC,47,,Kaduna_SABON-GARI.pdf
Kaduna,SABON GARI,FC/161/KD,2,MUHAMMAD GARBA DATTI,M,APC,52817,,Kaduna_SABON-GARI.pdf
Kaduna,SABON GARI,FC/161/KD,3,MUSA SILAS TANKO,M,APGA,65,,Kaduna_SABON-GARI.pdf
Kaduna,SABON GARI,FC/161/KD,4,SAEED ABDULLAHI,M,DPC,5,,Kaduna_SABON-GARI.pdf
Kaduna,SABON GARI,FC/161/KD,5,TAMBAYA TUKUR,M,NRM,53,,Kaduna_SABON-GARI.pdf
Kaduna,SABON GARI,FC/161/KD,6,BASHIR SAKADADI IBRAHIM,M,PDP,27571,DECLARED ELECTED,Kaduna_SABON-GARI.pdf
Kaduna,SABON GARI,FC/161/KD,7,HASSAN UMAR SA'IDU,M,SDP,557,,Kaduna_SABON-GARI.pdf
Kaduna,SOBA,FC/152/KD,1,PROF. SHEHU USMAN ADAMU,M,ADC,9778,,Kaduna_SOBA.pdf
Kaduna,SOBA,FC/152/KD,2,HAMZA IBRAHIM,M,APC,30398,DECLARED ELECTED,Kaduna_SOBA.pdf
Kaduna,SOBA,FC/152/KD,3,IBRAHIM MUSTAPHA KHALID,M,PDP,14382,,Kaduna_SOBA.pdf
Kaduna,SOBA,FC/152/KD,4,SOBA JIBRIN SHEHU,M,PRP,57,,Kaduna_SOBA.pdf
Kaduna,SOBA,FC/152/KD,5,KAWU IBRAHIM YAKASAI,M,SDP,5896,,Kaduna_SOBA.pdf
Kaduna,ZANGON KATAF/JABA,FC/165/KD,1,KURE PHILEMON PETER,M,ADC,5851,,Kaduna_ZANGON-KATAF-JABA.pdf
Kaduna,ZANGON KATAF/JABA,FC/165/KD,2,ADAMU DANLAMI,M,APC,16587,,Kaduna_ZANGON-KATAF-JABA.pdf
Kaduna,ZANGON KATAF/JABA,FC/165/KD,3,JOSHUA MADAKI JOY,F,APGA,957,,Kaduna_ZANGON-KATAF-JABA.pdf
Kaduna,ZANGON KATAF/JABA,FC/165/KD,4,KADON BAJJU JOHN,M,CAP,10,,Kaduna_ZANGON-KATAF-JABA.pdf
Kaduna,ZANGON KATAF/JABA,FC/165/KD,5,ABBA SULAIMAN,M,DA,11,,Kaduna_ZANGON-KATAF-JABA.pdf
Kaduna,ZANGON KATAF/JABA,FC/165/KD,6,BURRU ADAMU SUNDAY,M,DPC,6,,Kaduna_ZANGON-KATAF-JABA.pdf
Kaduna,ZANGON KATAF/JABA,FC/165/KD,7,MUSA HABILA BABE,M,LM,63,,Kaduna_ZANGON-KATAF-JABA.pdf
Kaduna,ZANGON KATAF/JABA,FC/165/KD,8,BITRUS HASSAN,M,LP,11,,Kaduna_ZANGON-KATAF-JABA.pdf
Kaduna,ZANGON KATAF/JABA,FC/165/KD,9,MAGAJI AMOS GWAMNA,M,PDP,77579,DECLARED ELECTED,Kaduna_ZANGON-KATAF-JABA.pdf
Kaduna,ZANGON KATAF/JABA,FC/165/KD,10,GWAZAN ANN,F,PT,2,,Kaduna_ZANGON-KATAF-JABA.pdf
Kaduna,ZANGON KATAF/JABA,FC/165/KD,11,MIKAH ADAMU SULE,M,SDP,2057,,Kaduna_ZANGON-KATAF-JABA.pdf
Kaduna,ZARIA,FC/151/KD,1,ABDULLAHI IBRAHIM,M,ADC,3411,,Kaduna_ZARIA.pdf
Kaduna,ZARIA,FC/151/KD,2,TAJUDEEN ABBAS,M,APC,90325,DECLARED ELECTED,Kaduna_ZARIA.pdf
Kaduna,ZARIA,FC/151/KD,3,MUAZU TUKUR,M,APGA,132,,Kaduna_ZARIA.pdf
Kaduna,ZARIA,FC/151/KD,4,MUAZU IDRIS,M,LP,21,,Kaduna_ZARIA.pdf
Kaduna,ZARIA,FC/151/KD,5,AHMED ZARIA ABDU,M,PDP,31282,,Kaduna_ZARIA.pdf
Kaduna,ZARIA,FC/151/KD,6,USMAN LAWAL,M,SDP,1131,,Kaduna_ZARIA.pdf
Kano,ALBASU/GAYA/AJINGI,FC/166/KN,1,AMINU SALISU GAYA,MALE,ACD,76,,Kano_ABS-GYA-AJG-166.pdf
Kano,ALBASU/GAYA/AJINGI,FC/166/KN,2,ABBA ADAMU WALI,MALE,AD,84,,Kano_ABS-GYA-AJG-166.pdf
Kano,ALBASU/GAYA/AJINGI,FC/166/KN,3,AL-MUSTAPHA IBRAHIM,MALE,ADC,61,,Kano_ABS-GYA-AJG-166.pdf
Kano,ALBASU/GAYA/AJINGI,FC/166/KN,4,ABBAS ISAH SHAGOGO,MALE,ADP,68,,Kano_ABS-GYA-AJG-166.pdf
Kano,ALBASU/GAYA/AJINGI,FC/166/KN,5,BASHIR ALIYU,MALE,AGA,66,,Kano_ABS-GYA-AJG-166.pdf
Kano,ALBASU/GAYA/AJINGI,FC/166/KN,6,ADO ABDU,MALE,ANP,54,,Kano_ABS-GYA-AJG-166.pdf
Kano,ALBASU/GAYA/AJINGI,FC/166/KN,7,GAYA ABDULLAHI MAHMUD,MALE,APC,53512,DECLARED ELECTED,Kano_ABS-GYA-AJG-166.pdf
Kano,ALBASU/GAYA/AJINGI,FC/166/KN,8,GAYA TAFIDA TIJJANI,MALE,APDA,67,,Kano_ABS-GYA-AJG-166.pdf
Kano,ALBASU/GAYA/AJINGI,FC/166/KN,9,BALA HALADU SULAIMAN,MALE,APP,43,,Kano_ABS-GYA-AJG-166.pdf
Kano,ALBASU/GAYA/AJINGI,FC/166/KN,10,ABDULLAHI AHMAD ISAH,MALE,CAP,36,,Kano_ABS-GYA-AJG-166.pdf
Kano,ALBASU/GAYA/AJINGI,FC/166/KN,11,NUHU RUFA'I M,MALE,DPC,18,,Kano_ABS-GYA-AJG-166.pdf
Kano,ALBASU/GAYA/AJINGI,FC/166/KN,12,ADAMU MUHD MUHD,MALE,GPN,50,,Kano_ABS-GYA-AJG-166.pdf
Kano,ALBASU/GAYA/AJINGI,FC/166/KN,13,MOHAMMED YUSUF MUNZALI,MALE,JMPP,69,,Kano_ABS-GYA-AJG-166.pdf
Kano,ALBASU/GAYA/AJINGI,FC/166/KN,14,UMAR SANI JAFAR,MALE,LP,32,,Kano_ABS-GYA-AJG-166.pdf
Kano,ALBASU/GAYA/AJINGI,FC/166/KN,15,AHMAD NASIRU,MALE,LPN,89,,Kano_ABS-GYA-AJG-166.pdf
Kano,ALBASU/GAYA/AJINGI,FC/166/KN,16,RABIU BASHIR BELLO,MALE,NAC,49,,Kano_ABS-GYA-AJG-166.pdf
Kano,ALBASU/GAYA/AJINGI,FC/166/KN,17,BASHIR ABDULAHAMID AJINGI,MALE,NFD,26,,Kano_ABS-GYA-AJG-166.pdf
Kano,ALBASU/GAYA/AJINGI,FC/166/KN,18,SANI NAJIB,MALE,NPM,21,,Kano_ABS-GYA-AJG-166.pdf
Kano,ALBASU/GAYA/AJINGI,FC/166/KN,19,USMAN MOHAMMED ADAMU,MALE,PDP,39586,,Kano_ABS-GYA-AJG-166.pdf
Kano,ALBASU/GAYA/AJINGI,FC/166/KN,20,GAYA AMINU IBRAHIM,MALE,PRP,3042,,Kano_ABS-GYA-AJG-166.pdf
Kano,ALBASU/GAYA/AJINGI,FC/166/KN,21,DANLADI INUWA ABUBAKAR,MALE,UPP,100,,Kano_ABS-GYA-AJG-166.pdf
Kano,BEBEJI/KIRU,FC/168/KN,1,SULE HARUNA YAKO,MALE,ADC,12,,Kano_BBJ-KRU-168.pdf
Kano,BEBEJI/KIRU,FC/168/KN,2,USMAN USMAN SALE,MALE,ABP,2,,Kano_BBJ-KRU-168.pdf
Kano,BEBEJI/KIRU,FC/168/KN,3,LIMAN MUHAMMAD SAAD,MALE,ACD,118,,Kano_BBJ-KRU-168.pdf
Kano,BEBEJI/KIRU,FC/168/KN,4,ALIYU ISAH YAKO,MALE,ADC,20,,Kano_BBJ-KRU-168.pdf
Kano,BEBEJI/KIRU,FC/168/KN,5,ISAH AMINU,MALE,ADP,41,,Kano_BBJ-KRU-168.pdf
Kano,BEBEJI/KIRU,FC/168/KN,6,YUSUF RABIU ABUBAKAR,MALE,AGA,15,,Kano_BBJ-KRU-168.pdf
Kano,BEBEJI/KIRU,FC/168/KN,7,BEBEJI YAHAYA UMAR,MALE,ANP,104,,Kano_BBJ-KRU-168.pdf
Kano,BEBEJI/KIRU,FC/168/KN,8,ABDULMUMIN JIBRIN,MALE,APC,41070,DECLARED ELECTED,Kano_BBJ-KRU-168.pdf
Kano,BEBEJI/KIRU,FC/168/KN,9,SALISU ALHASSAN,MALE,APDA,1258,,Kano_BBJ-KRU-168.pdf
Kano,BEBEJI/KIRU,FC/168/KN,10,NUHU MU'AZU ABUBAKAR,MALE,CAP,0,,Kano_BBJ-KRU-168.pdf
Kano,BEBEJI/KIRU,FC/168/KN,11,NASIRU BADAN,MALE,GPN,1,,Kano_BBJ-KRU-168.pdf
Kano,BEBEJI/KIRU,FC/168/KN,12,DAUDA SALE,MALE,LP,18,,Kano_BBJ-KRU-168.pdf
Kano,BEBEJI/KIRU,FC/168/KN,13,KABIRU BELLO,MALE,LPN,4,,Kano_BBJ-KRU-168.pdf
Kano,BEBEJI/KIRU,FC/168/KN,14,USMAN HARUNA ADO,MALE,NPM,9,,Kano_BBJ-KRU-168.pdf
Kano,BEBEJI/KIRU,FC/168/KN,15,ALIYU DATTI YAKO,MALE,PDP,40385,,Kano_BBJ-KRU-168.pdf
Kano,BEBEJI/KIRU,FC/168/KN,16,SANI BUBA KIRU,MALE,PPN,14,,Kano_BBJ-KRU-168.pdf
Kano,BEBEJI/KIRU,FC/168/KN,17,BABALO YUSUF,MALE,PRP,455,,Kano_BBJ-KRU-168.pdf
Kano,BEBEJI/KIRU,FC/168/KN,18,MUHAMMAD YUSUF,MALE,SDP,20,,Kano_BBJ-KRU-168.pdf
Kano,BEBEJI/KIRU,FC/168/KN,19,UMAR MANNIR YAHAYA,MALE,UPP,64,,Kano_BBJ-KRU-168.pdf
Kano,BICHI,FC/169/KN,1,ABDULLAHI MOHAMMED SANI,MALE,A,6,,Kano_BCH-169.pdf
Kano,BICHI,FC/169/KN,2,IBRAHIM ABDU DAN WAIRE,MALE,ADC,33,,Kano_BCH-169.pdf
Kano,BICHI,FC/169/KN,3,SAMINU YA'U TAHIR,MALE,AGA,72,,Kano_BCH-169.pdf
Kano,BICHI,FC/169/KN,4,ADO USMAN SALEH,MALE,ANP,23,,Kano_BCH-169.pdf
Kano,BICHI,FC/169/KN,5,ABUBAKAR ABUBAKAR KABIR,MALE,APC,37573,DECLARED ELECTED,Kano_BCH-169.pdf
Kano,BICHI,FC/169/KN,6,SANI ABDULLAHI MOHAMMED,MALE,APDA,55,,Kano_BCH-169.pdf
Kano,BICHI,FC/169/KN,7,HARUNA ABUBAKAR USMAN,MALE,APP,11,,Kano_BCH-169.pdf
Kano,BICHI,FC/169/KN,8,MUDANSIR SHA'AIBU SULEMAN,MALE,LP,17,,Kano_BCH-169.pdf
Kano,BICHI,FC/169/KN,9,AHMAD IBRAHIM HAMZA,MALE,LPN,15,,Kano_BCH-169.pdf
Kano,BICHI,FC/169/KN,10,DALHATU BAFFA BICHI,MALE,NPM,43,,Kano_BCH-169.pdf
Kano,BICHI,FC/169/KN,11,AUWALU MUKTARI,MALE,PDP,16192,,Kano_BCH-169.pdf
Kano,BICHI,FC/169/KN,12,SAGIR IBRAHIM UMAR,MALE,PPC,49,,Kano_BCH-169.pdf
Kano,BICHI,FC/169/KN,13,BICHI AMINU IBRAHIM,MALE,PRP,398,,Kano_BCH-169.pdf
Kano,BICHI,FC/169/KN,14,ISMA'IL RUKAYYA,FEMALE,SDP,16,,Kano_BCH-169.pdf
Kano,BICHI,FC/169/KN,15,KABIRU DANBABA BICHI,MALE,UPP,116,,Kano_BCH-169.pdf
Kano,DALA,FC/171/KN,1,ABDULLAHI BABANGIDA ALHASSAN,MALE,APC,45531,DECLARED ELECTED,Kano_DAL-171.pdf
Kano,DALA,FC/171/KN,2,BASHIR ISMA'IL KABAWA,MALE,APDA,372,,Kano_DAL-171.pdf
Kano,DALA,FC/171/KN,3,,,HDP,8,,Kano_DAL-171.pdf
Kano,DALA,FC/171/KN,4,SURAJ IBRAHIM IMAM,MALE,PDP,25820,,Kano_DAL-171.pdf
Kano,DALA,FC/171/KN,5,DANKANI AISHA IBRAHIM,FEMALE,PRP,9031,,Kano_DAL-171.pdf
Kano,DALA,FC/171/KN,6,,,APGA,1,,Kano_DAL-171.pdf
Kano,DALA,FC/171/KN,7,MUJAHEED SABIU,MALE,GPN,23,,Kano_DAL-171.pdf
Kano,DALA,FC/171/KN,8,SHEHU GARBA,MALE,LP,18,,Kano_DAL-171.pdf
Kano,DALA,FC/171/KN,9,IBRAHIM BAKO YUNUSA,MALE,ADP,42,,Kano_DAL-171.pdf
Kano,DALA,FC/171/KN,10,,,PPA,40,,Kano_DAL-171.pdf
Kano,DALA,FC/171/KN,11,SALISU BABALLE ADAMU,MALE,ANP,61,,Kano_DAL-171.pdf
Kano,DALA,FC/171/KN,12,NASIRU BELLO ABUBAKAR,MALE,AGA,114,,Kano_DAL-171.pdf
Kano,DALA,FC/171/KN,13,,,LPN,12,,Kano_DAL-171.pdf
Kano,DALA,FC/171/KN,14,,,PA,1,,Kano_DAL-171.pdf
Kano,DALA,FC/171/KN,15,ABDULLAHI ABUBAKAR,MALE,DA,82,,Kano_DAL-171.pdf
Kano,DALA,FC/171/KN,16,SALISU RABIU BABBA,MALE,A,138,,Kano_DAL-171.pdf
Kano,DALA,FC/171/KN,17,MUSU IBRAHIM SUNUSI,MALE,UPP,28,,Kano_DAL-171.pdf
Kano,DALA,FC/171/KN,18,ABDULLAHI IBRAHIM ALI,MALE,AD,20,,Kano_DAL-171.pdf
Kano,DALA,FC/171/KN,19,,,UPN,4,,Kano_DAL-171.pdf
Kano,DALA,FC/171/KN,20,,,NAC,42,,Kano_DAL-171.pdf
Kano,DALA,FC/171/KN,21,ADAM ABDULLAHI YUSIF,MALE,SDP,33,,Kano_DAL-171.pdf
Kano,DALA,FC/171/KN,22,,,APA,121,,Kano_DAL-171.pdf
Kano,DALA,FC/171/KN,23,,,PP,1,,Kano_DAL-171.pdf
Kano,DALA,FC/171/KN,24,,,NRM,41,,Kano_DAL-171.pdf
Kano,DALA,FC/171/KN,25,IBRAHIM MUAZU ADAMU,MALE,PPC,24,,Kano_DAL-171.pdf
Kano,DALA,FC/171/KN,26,SAIDU HAMZA,MALE,CAP,7,,Kano_DAL-171.pdf
Kano,DALA,FC/171/KN,27,,,RBNP,8,,Kano_DAL-171.pdf
Kano,DALA,FC/171/KN,28,,,PT,15,,Kano_DAL-171.pdf
Kano,DALA,FC/171/KN,29,UMAR MUSA,MALE,PPN,92,,Kano_DAL-171.pdf
Kano,DALA,FC/171/KN,30,MAIWADA RABIU YUSUF,MALE,NPM,187,,Kano_DAL-171.pdf
Kano,DALA,FC/171/KN,31,NASIRU UMAR NALEE,MALE,JMPP,11,,Kano_DAL-171.pdf
Kano,DALA,FC/171/KN,32,MAS'UD DANJUMA,MALE,ADC,30,,Kano_DAL-171.pdf
Kano,DALA,FC/171/KN,33,,,ADBP,15,,Kano_DAL-171.pdf
Kano,DALA,FC/171/KN,34,,,APP,9,,Kano_DAL-171.pdf
Kano,DALA,FC/171/KN,35,,,DPC,9,,Kano_DAL-171.pdf
Kano,DALA,FC/171/KN,36,,,MMN,3,,Kano_DAL-171.pdf
Kano,DALA,FC/171/KN,37,,,SNC,7,,Kano_DAL-171.pdf
Kano,DALA,FC/171/KN,38,,,NPC,4,,Kano_DAL-171.pdf
Kano,DALA,FC/171/KN,39,,,CPA,11,,Kano_DAL-171.pdf
Kano,DALA,FC/171/KN,40,,,ACD,8,,Kano_DAL-171.pdf
Kano,DALA,FC/171/KN,41,,,UP,5,,Kano_DAL-171.pdf
Kano,DALA,FC/171/KN,42,,,NDLP,2,,Kano_DAL-171.pdf
Kano,DALA,FC/171/KN,43,,,MPN,11,,Kano_DAL-171.pdf
Kano,DALA,FC/171/KN,44,,,LIP,1,,Kano_DAL-171.pdf
Kano,DALA,FC/171/KN,45,,,UDP,2,,Kano_DAL-171.pdf
Kano,DALA,FC/171/KN,46,,,ADA,17,,Kano_DAL-171.pdf
Kano,DALA,FC/171/KN,47,,,APN,2,,Kano_DAL-171.pdf
Kano,DALA,FC/171/KN,48,,,AGAP,4,,Kano_DAL-171.pdf
Kano,DALA,FC/171/KN,49,,,APM,7,,Kano_DAL-171.pdf
Kano,DALA,FC/171/KN,50,KABIRU BAGADAZA,MALE,LPN,14,,Kano_DAL-171.pdf
Kano,DALA,FC/171/KN,51,,MALE,YP,8,,Kano_DAL-171.pdf
Kano,DALA,FC/171/KN,52,,MALE,YPP,11,,Kano_DAL-171.pdf
Kano,DANBATTA/MAKODA,FC/173/KN,1,SARKI MUHAMMED,MALE,ACD,25,,Kano_DBT-MKD-173.pdf
Kano,DANBATTA/MAKODA,FC/173/KN,2,MUJTABA SHEHU,MALE,ADP,187,,Kano_DBT-MKD-173.pdf
Kano,DANBATTA/MAKODA,FC/173/KN,3,IBRAHIM MUSA DANBATTA,MALE,ADC,18,,Kano_DBT-MKD-173.pdf
Kano,DANBATTA/MAKODA,FC/173/KN,4,NURA ISMA'IL,MALE,AGA,52,,Kano_DBT-MKD-173.pdf
Kano,DANBATTA/MAKODA,FC/173/KN,5,MUHAMMAD HASAN MAI MATASA,MALE,ANP,32,,Kano_DBT-MKD-173.pdf
Kano,DANBATTA/MAKODA,FC/173/KN,6,AYUBA BADAMASI,MALE,APC,34448,DECLARED ELECTED,Kano_DBT-MKD-173.pdf
Kano,DANBATTA/MAKODA,FC/173/KN,7,YUNUSA UMAR,MALE,APDA,11646,,Kano_DBT-MKD-173.pdf
Kano,DANBATTA/MAKODA,FC/173/KN,8,YA'U ALIYU,MALE,DA,84,,Kano_DBT-MKD-173.pdf
Kano,DANBATTA/MAKODA,FC/173/KN,9,IDRIS DANBATTA ABDUL,MALE,DPC,12,,Kano_DBT-MKD-173.pdf
Kano,DANBATTA/MAKODA,FC/173/KN,10,SADIQ IDRIS IBRAHIM,MALE,GPN,20,,Kano_DBT-MKD-173.pdf
Kano,DANBATTA/MAKODA,FC/173/KN,11,IBRAHIM AHMAD IMAM,MALE,JMPP,26,,Kano_DBT-MKD-173.pdf
Kano,DANBATTA/MAKODA,FC/173/KN,12,SALISU YAKUBU NA'IYO,MALE,LP,19,,Kano_DBT-MKD-173.pdf
Kano,DANBATTA/MAKODA,FC/173/KN,13,NURA SANI,MALE,LPN,26,,Kano_DBT-MKD-173.pdf
Kano,DANBATTA/MAKODA,FC/173/KN,14,MUHAMMAD M. UMAR,MALE,NAC,22,,Kano_DBT-MKD-173.pdf
Kano,DANBATTA/MAKODA,FC/173/KN,15,KAMALUDDEEN I. MIKO,MALE,NRM,15,,Kano_DBT-MKD-173.pdf
Kano,DANBATTA/MAKODA,FC/173/KN,16,YUSUF BELLO SULAIMAN,MALE,PDP,18662,,Kano_DBT-MKD-173.pdf
Kano,DANBATTA/MAKODA,FC/173/KN,17,ABUBAKAR JIBRIN,MALE,PPC,45,,Kano_DBT-MKD-173.pdf
Kano,DANBATTA/MAKODA,FC/173/KN,18,KOGUNA NASIRU H.,MALE,PRP,1528,,Kano_DBT-MKD-173.pdf
Kano,DANBATTA/MAKODA,FC/173/KN,19,ABDUSSALAM U. IBRAHIM,MALE,UPP,65,,Kano_DBT-MKD-173.pdf
Kano,DOGUWA/TUDUN WADA,FC/176/KN,1,ALHASSAN ADO GARBA D.,MALE,APC,39744,DECLARED ELECTED,Kano_DGW-TDW-176.pdf
Kano,DOGUWA/TUDUN WADA,FC/176/KN,2,SALISU YUSHA'U,MALE,PDP,36371,,Kano_DGW-TDW-176.pdf
Kano,DAWAKIN KUDU/WARAWA,FC/174/KN,1,MUSTAPHA DAWAKI,MALE,APC,49599,DECLARED ELECTED,Kano_DKD-WRW-174.pdf
Kano,DAWAKIN KUDU/WARAWA,FC/174/KN,2,ALI YAHUZA GANO,MALE,PDP,24736,,Kano_DKD-WRW-174.pdf
Kano,DAWAKIN KUDU/WARAWA,FC/174/KN,3,HARUNA YUNUSA,MALE,PRP,609,,Kano_DKD-WRW-174.pdf
Kano,DAWAKIN KUDU/WARAWA,FC/174/KN,4,MUHAMMAD IDRIS MUBARAK,MALE,UPP,85,,Kano_DKD-WRW-174.pdf
Kano,DAWAKIN KUDU/WARAWA,FC/174/KN,5,BUHARI NAKOLE,MALE,ADC,27,,Kano_DKD-WRW-174.pdf
Kano,DAWAKIN TOFA/TOFA/RIMIN GADO,FC/175/KN,1,SADISU L. HAYATU LAMBU,MALE,ACCORD,15,,Kano_DTF-TFA-RMG-175.pdf
Kano,DAWAKIN TOFA/TOFA/RIMIN GADO,FC/175/KN,2,ABDULLAHI MUHAMMAD,MALE,ADC,40,,Kano_DTF-TFA-RMG-175.pdf
Kano,DAWAKIN TOFA/TOFA/RIMIN GADO,FC/175/KN,3,AMINU ISA,MALE,AGA,132,,Kano_DTF-TFA-RMG-175.pdf
Kano,DAWAKIN TOFA/TOFA/RIMIN GADO,FC/175/KN,4,SAMINU HABIBU,MALE,ANDP,36,,Kano_DTF-TFA-RMG-175.pdf
Kano,DAWAKIN TOFA/TOFA/RIMIN GADO,FC/175/KN,5,JOBE TIJJANI ABDULKADIR,MALE,APC,66506,DECLARED ELECTED,Kano_DTF-TFA-RMG-175.pdf
Kano,DAWAKIN TOFA/TOFA/RIMIN GADO,FC/175/KN,6,DOKA HAMZA RABIU,MALE,APDA,91,,Kano_DTF-TFA-RMG-175.pdf
Kano,DAWAKIN TOFA/TOFA/RIMIN GADO,FC/175/KN,7,SHA'AIBU ISA HALLIRU,MALE,APP,19,,Kano_DTF-TFA-RMG-175.pdf
Kano,DAWAKIN TOFA/TOFA/RIMIN GADO,FC/175/KN,8,YAHAYA MUJAHID,MALE,DA,230,,Kano_DTF-TFA-RMG-175.pdf
Kano,DAWAKIN TOFA/TOFA/RIMIN GADO,FC/175/KN,9,MUHAMMAD AUWALSANI,MALE,GPN,289,,Kano_DTF-TFA-RMG-175.pdf
Kano,DAWAKIN TOFA/TOFA/RIMIN GADO,FC/175/KN,10,AUWALU SANI YUSIF,MALE,LP,41,,Kano_DTF-TFA-RMG-175.pdf
Kano,DAWAKIN TOFA/TOFA/RIMIN GADO,FC/175/KN,11,UMAR ATIKU,MALE,LPN,25,,Kano_DTF-TFA-RMG-175.pdf
Kano,DAWAKIN TOFA/TOFA/RIMIN GADO,FC/175/KN,12,UMAR ISYAKU,MALE,MPN,25,,Kano_DTF-TFA-RMG-175.pdf
Kano,DAWAKIN TOFA/TOFA/RIMIN GADO,FC/175/KN,13,ADAMU BABALLE,MALE,NDLP,14,,Kano_DTF-TFA-RMG-175.pdf
Kano,DAWAKIN TOFA/TOFA/RIMIN GADO,FC/175/KN,14,UMAR BASHIR MUHAMMAD,MALE,NRM,51,,Kano_DTF-TFA-RMG-175.pdf
Kano,DAWAKIN TOFA/TOFA/RIMIN GADO,FC/175/KN,15,MANNIR DAHIRU,MALE,PDP,34081,,Kano_DTF-TFA-RMG-175.pdf
Kano,DAWAKIN TOFA/TOFA/RIMIN GADO,FC/175/KN,16,YA'U AYUBA ABUBAKAR,MALE,PPC,18,,Kano_DTF-TFA-RMG-175.pdf
Kano,DAWAKIN TOFA/TOFA/RIMIN GADO,FC/175/KN,17,MUKHTAR USMAN,MALE,PPN,37,,Kano_DTF-TFA-RMG-175.pdf
Kano,DAWAKIN TOFA/TOFA/RIMIN GADO,FC/175/KN,18,AWAISU AUWALU,MALE,PRP,1299,,Kano_DTF-TFA-RMG-175.pdf
Kano,DAWAKIN TOFA/TOFA/RIMIN GADO,FC/175/KN,19,MUHAMMAD HARISU SAN,I MALE,UPP,241,,Kano_DTF-TFA-RMG-175.pdf
Kano,FAGGE,FC/185/KN,1,ADAMU ABBA,MALE,AD,38,,Kano_FGE-185.pdf
Kano,FAGGE,FC/185/KN,2,NAZIF MUHAMMAD,MALE,ADC,50,,Kano_FGE-185.pdf
Kano,FAGGE,FC/185/KN,3,YUSUF SALISU,MALE,AGA,38,,Kano_FGE-185.pdf
Kano,FAGGE,FC/185/KN,4,SULAIMAN AMINU,MALE,APC,26813,DECLARED ELECTED,Kano_FGE-185.pdf
Kano,FAGGE,FC/185/KN,5,HAMZA DANLAMI,MALE,APDA,245,,Kano_FGE-185.pdf
Kano,FAGGE,FC/185/KN,6,NURA IDRIS,MALE,DA,33,,Kano_FGE-185.pdf
Kano,FAGGE,FC/185/KN,7,BASHIR UMAR SULAIMAN,MALE,GPN,184,,Kano_FGE-185.pdf
Kano,FAGGE,FC/185/KN,8,HADIYA MOHAMMAD,MALE,LPN,7,,Kano_FGE-185.pdf
Kano,FAGGE,FC/185/KN,9,TIJJANI MUAWIYA MUSA,MALE,MMN,6,,Kano_FGE-185.pdf
Kano,FAGGE,FC/185/KN,10,IGWE ONUOHA RAPHAEL,MALE,MPN,7,,Kano_FGE-185.pdf
Kano,FAGGE,FC/185/KN,11,NWANKO OBASI OSITA,MALE,NAC,85,,Kano_FGE-185.pdf
Kano,FAGGE,FC/185/KN,12,AYUBA JAMILA MOHAMMAD,FEMALE,NDLP,2,,Kano_FGE-185.pdf
Kano,FAGGE,FC/185/KN,13,ABDULLAHI ABDULRAHMAN,MALE,NPM,11,,Kano_FGE-185.pdf
Kano,FAGGE,FC/185/KN,14,IBRAHIM JIBRIN,MALE,PDP,20502,,Kano_FGE-185.pdf
Kano,FAGGE,FC/185/KN,15,IBRAHIM LABARAN,MALE,PPC,21,,Kano_FGE-185.pdf
Kano,FAGGE,FC/185/KN,16,FAGGE SHUAIBU,MALE,PRP,562,,Kano_FGE-185.pdf
Kano,FAGGE,FC/185/KN,17,MUSA IBRAHIM TAHIR,MALE,PT,9,,Kano_FGE-185.pdf
Kano,FAGGE,FC/185/KN,18,ECHENDUM NKIRUKA FRANCES,FEMALE,RBNP,223,,Kano_FGE-185.pdf
Kano,FAGGE,FC/185/KN,19,BALA AHMAD,MALE,SDP,101,,Kano_FGE-185.pdf
Kano,FAGGE,FC/185/KN,20,MUHAMMAD ADAMU SANI,MALE,UPP,5,,Kano_FGE-185.pdf
Kano,GABASAWA/GEZAWA,FC/177/KN,1,HAMZA MUHAMMAD,MALE,AD,53,,Kano_GBW-GZW-177.pdf
Kano,GABASAWA/GEZAWA,FC/177/KN,2,HALLIRU MATO,MALE,ADC,26,,Kano_GBW-GZW-177.pdf
Kano,GABASAWA/GEZAWA,FC/177/KN,3,SALISU ISA,MALE,ADP,28,,Kano_GBW-GZW-177.pdf
Kano,GABASAWA/GEZAWA,FC/177/KN,4,HASHIM ELKABIR DANZAKI,MALE,AGA,53,,Kano_GBW-GZW-177.pdf
Kano,GABASAWA/GEZAWA,FC/177/KN,5,BUHARI SALEH,MALE,ANDP,30,,Kano_GBW-GZW-177.pdf
Kano,GABASAWA/GEZAWA,FC/177/KN,6,ADAMU AUWAL ADAMU,MALE,ANP,25,,Kano_GBW-GZW-177.pdf
Kano,GABASAWA/GEZAWA,FC/177/KN,7,NASIRU ABDUWA GABASAWA,MALE,APC,41029,DECLARED ELECTED,Kano_GBW-GZW-177.pdf
Kano,GABASAWA/GEZAWA,FC/177/KN,8,WADA ISAH,MALE,APDA,99,,Kano_GBW-GZW-177.pdf
Kano,GABASAWA/GEZAWA,FC/177/KN,9,JIBRIN NASIRU,MALE,CAP,5,,Kano_GBW-GZW-177.pdf
Kano,GABASAWA/GEZAWA,FC/177/KN,10,JAMILU UMAR FAROUK,MALE,DA,161,,Kano_GBW-GZW-177.pdf
Kano,GABASAWA/GEZAWA,FC/177/KN,11,ALIYU ISAH,MALE,GPN,25,,Kano_GBW-GZW-177.pdf
Kano,GABASAWA/GEZAWA,FC/177/KN,12,ISA AHMAD ABDULLAHI,MALE,HDP,21,,Kano_GBW-GZW-177.pdf
Kano,GABASAWA/GEZAWA,FC/177/KN,13,MUSA ISA HAMISU,MALE,JMPP,57,,Kano_GBW-GZW-177.pdf
Kano,GABASAWA/GEZAWA,FC/177/KN,14,MUHAMMAD ABDULLAHI,MALE,LP,10,,Kano_GBW-GZW-177.pdf
Kano,GABASAWA/GEZAWA,FC/177/KN,15,MAHMUD A KABIR,MALE,LPN,17,,Kano_GBW-GZW-177.pdf
Kano,GABASAWA/GEZAWA,FC/177/KN,16,ISHAQ ABUBAKAR SADI,MALE,MPN,17,,Kano_GBW-GZW-177.pdf
Kano,GABASAWA/GEZAWA,FC/177/KN,17,SULEIMAN SABIU SANI,MALE,NAC,55,,Kano_GBW-GZW-177.pdf
Kano,GABASAWA/GEZAWA,FC/177/KN,18,USMAN SALISU SALE,MALE,NDM,33,,Kano_GBW-GZW-177.pdf
Kano,GABASAWA/GEZAWA,FC/177/KN,19,MUSA ADO TSAMIYA,MALE,PDP,20973,,Kano_GBW-GZW-177.pdf
Kano,GABASAWA/GEZAWA,FC/177/KN,20,ILIYASU AUWAL MUHD,MALE,PPA,63,,Kano_GBW-GZW-177.pdf
Kano,GABASAWA/GEZAWA,FC/177/KN,21,SHU'AIBU JAZULI,MALE,PPC,30,,Kano_GBW-GZW-177.pdf
Kano,GABASAWA/GEZAWA,FC/177/KN,22,AHMAD HASSAN GAMAWA,MALE,PRP,6639,,Kano_GBW-GZW-177.pdf
Kano,GABASAWA/GEZAWA,FC/177/KN,23,ISMA'IL KAMILU,MALE,SDP,16,,Kano_GBW-GZW-177.pdf
Kano,GABASAWA/GEZAWA,FC/177/KN,24,HASSAN ABDULLAHI ABDULKADIR,MALE,UPP,131,,Kano_GBW-GZW-177.pdf
Kano,GWARZO/KABO,FC/178/KN,1,SUFFIYANU M. RABO,MALE,ADC,23,,Kano_GRZ-KAB-178.pdf
Kano,GWARZO/KABO,FC/178/KN,2,ALIYU SHADDADU DANJUMA,MALE,ANP,31,,Kano_GRZ-KAB-178.pdf
Kano,GWARZO/KABO,FC/178/KN,3,GARO MUSA UMAR,MALE,APC,55717,DECLARED ELECTED,Kano_GRZ-KAB-178.pdf
Kano,GWARZO/KABO,FC/178/KN,4,AHMED SULE HARUNA,MALE,APDA,55,,Kano_GRZ-KAB-178.pdf
Kano,GWARZO/KABO,FC/178/KN,5,ASHIRU ALIYU,MALE,DA,194,,Kano_GRZ-KAB-178.pdf
Kano,GWARZO/KABO,FC/178/KN,6,ABDULMUMIN AMINU,MALE,DPC,5,,Kano_GRZ-KAB-178.pdf
Kano,GWARZO/KABO,FC/178/KN,7,AMINU A SANI,MALE,GPN,11,,Kano_GRZ-KAB-178.pdf
Kano,GWARZO/KABO,FC/178/KN,8,SAIDU MUHAMMAD UMAR,MALE,HDP,5,,Kano_GRZ-KAB-178.pdf
Kano,GWARZO/KABO,FC/178/KN,9,MAHDI BALA MUHAMMAD,MALE,LP,18,,Kano_GRZ-KAB-178.pdf
Kano,GWARZO/KABO,FC/178/KN,10,WAKIYA GARO,MALE,LMPN,4,,Kano_GRZ-KAB-178.pdf
Kano,GWARZO/KABO,FC/178/KN,11,YUSUF FRANK ABUBAKAR,MALE,MPN,24,,Kano_GRZ-KAB-178.pdf
Kano,GWARZO/KABO,FC/178/KN,12,SAIDU DAHIRU GAMMO,MALE,NDLP,3,,Kano_GRZ-KAB-178.pdf
Kano,GWARZO/KABO,FC/178/KN,13,MUHAMMAD SUNUSI SANI SARAKI,MALE,NPM,12,,Kano_GRZ-KAB-178.pdf
Kano,GWARZO/KABO,FC/178/KN,14,NASIRU GARO SULE,MALE,PDP,25789,,Kano_GRZ-KAB-178.pdf
Kano,GWARZO/KABO,FC/178/KN,15,GARO FAROUK SULE,MALE,PRP,360,,Kano_GRZ-KAB-178.pdf
Kano,GWARZO/KABO,FC/178/KN,16,ABUBAKAR AHMAD ABUBAKAR,MALE,SDP,8,,Kano_GRZ-KAB-178.pdf
Kano,GWARZO/KABO,FC/178/KN,17,ALHASSAN ISA,MALE,UPP,127,,Kano_GRZ-KAB-178.pdf
Kano,GWALE,FC/172/KN,1,SHAMSUDDEEN SULEIMAN,MALE,AD,345,,Kano_GWL-172.pdf
Kano,GWALE,FC/172/KN,2,BELLO LAWAN ISAH,MALE,ADC,102,,Kano_GWL-172.pdf
Kano,GWALE,FC/172/KN,3,BELLO GARBA ADO,MALE,ADP,418,,Kano_GWL-172.pdf
Kano,GWALE,FC/172/KN,4,ABUBAKAR YUSUF JA'AFAR,MALE,AGA,14,,Kano_GWL-172.pdf
Kano,GWALE,FC/172/KN,5,DISO NURA MUKHTAR,MALE,ANP,55,,Kano_GWL-172.pdf
Kano,GWALE,FC/172/KN,6,KABIRU HARUNA,MALE,APA,,,Kano_GWL-172.pdf
Kano,GWALE,FC/172/KN,7,KEN-KEN LAWAN ABDULLAHI,MALE,APC,35276,DECLARED ELECTED,Kano_GWL-172.pdf
Kano,GWALE,FC/172/KN,8,HAUSAWA KAWU IDRIS,MALE,APDA,2487,,Kano_GWL-172.pdf
Kano,GWALE,FC/172/KN,9,SANI SADIYA MADUGU,FEMALE,APP,17,,Kano_GWL-172.pdf
Kano,GWALE,FC/172/KN,10,BASHIR HASIYA AMINU,FEMALE,CAP,4,,Kano_GWL-172.pdf
Kano,GWALE,FC/172/KN,11,BALA ABDULKADIR HABIBU,MALE,DPC,90,,Kano_GWL-172.pdf
Kano,GWALE,FC/172/KN,12,ABBAS SANI ABBAS,MALE,GPN,1585,,Kano_GWL-172.pdf
Kano,GWALE,FC/172/KN,13,SANI ABDULLAHI,MALE,HDP,8,,Kano_GWL-172.pdf
Kano,GWALE,FC/172/KN,14,BELLO YUSIF ALI,MALE,JMPP,,,Kano_GWL-172.pdf
Kano,GWALE,FC/172/KN,15,SAMINU ABDULZAHIR MUHAMMAD,MALE,LP,,,Kano_GWL-172.pdf
Kano,GWALE,FC/172/KN,16,ABUBAKAR GWALE,MALE,LPN,18,,Kano_GWL-172.pdf
Kano,GWALE,FC/172/KN,17,YUSIF YUSIF ABUBAKAR,MALE,MPN,,,Kano_GWL-172.pdf
Kano,GWALE,FC/172/KN,18,AUWALU DAHIRU,MALE,NDLP,10,,Kano_GWL-172.pdf
Kano,GWALE,FC/172/KN,19,ALHASSAN AMINU SANI,MALE,NPM,12,,Kano_GWL-172.pdf
Kano,GWALE,FC/172/KN,20,MUHAMMAD USMAN,MALE,NRM,25,,Kano_GWL-172.pdf
Kano,GWALE,FC/172/KN,21,GARBA IBRAHIM MOHAMMED,MALE,PDP,18989,,Kano_GWL-172.pdf
Kano,GWALE,FC/172/KN,22,MASU WADA,MALE,PRP,2477,,Kano_GWL-172.pdf
Kano,GWALE,FC/172/KN,23,ZUBAIRU SANNI HAUWA,FEMALE,PT,14,,Kano_GWL-172.pdf
Kano,GWALE,FC/172/KN,24,SANUSI GARBA DIKKO,MALE,RBNT,,,Kano_GWL-172.pdf
Kano,GWALE,FC/172/KN,25,GALADANCHI MOHAMMED HUSSAR,I MALE,SDP,300,,Kano_GWL-172.pdf
Kano,GWALE,FC/172/KN,26,ABBAS MUSA ALHASSAN,MALE,UPN,44,,Kano_GWL-172.pdf
Kano,GWALE,FC/172/KN,27,JIBRIN MUJITTAPHA,MALE,UPP,50,,Kano_GWL-172.pdf
Kano,KUMBOTSO,FC/182/KN,1,BALA MUHAMMAD ADO,MALE,A,16,,Kano_KBT-182.pdf
Kano,KUMBOTSO,FC/182/KN,2,BAHIJJA ADAMU USMAN,MALE,ABP,24,,Kano_KBT-182.pdf
Kano,KUMBOTSO,FC/182/KN,3,KABIRU HARUNA,MALE,AD,52,,Kano_KBT-182.pdf
Kano,KUMBOTSO,FC/182/KN,4,IBRAHIM GARBA,MALE,ADC,54,,Kano_KBT-182.pdf
Kano,KUMBOTSO,FC/182/KN,5,SULAIMAN MUHAMMAD,MALE,AGA,22,,Kano_KBT-182.pdf
Kano,KUMBOTSO,FC/182/KN,6,IDRIS HARUNA SHU'AIBU,MALE,ANP,36,,Kano_KBT-182.pdf
Kano,KUMBOTSO,FC/182/KN,7,ABDULAZIZ ABDULLAHI SANI,MALE,APA,120,,Kano_KBT-182.pdf
Kano,KUMBOTSO,FC/182/KN,8,DAN AGUNDI MUNIR BABBA,MALE,APC,31914,DECLARED ELECTED,Kano_KBT-182.pdf
Kano,KUMBOTSO,FC/182/KN,9,AHMADU AUWALU ABDULLAHI,MALE,APDA,255,,Kano_KBT-182.pdf
Kano,KUMBOTSO,FC/182/KN,10,YAHAYA ISAK,MALE,DA,59,,Kano_KBT-182.pdf
Kano,KUMBOTSO,FC/182/KN,11,HUSSAINI DAHIRU ABUBAKAR,MALE,GPN,24,,Kano_KBT-182.pdf
Kano,KUMBOTSO,FC/182/KN,12,MOHAMMAD UMAR SAUTULHAQ,MALE,LPN,45,,Kano_KBT-182.pdf
Kano,KUMBOTSO,FC/182/KN,13,DAHIRU ABUBAKAR SULE,MALE,NDLP,5,,Kano_KBT-182.pdf
Kano,KUMBOTSO,FC/182/KN,14,ZUBAIRU ALIYU,MALE,NRM,50,,Kano_KBT-182.pdf
Kano,KUMBOTSO,FC/182/KN,15,IBRAHIM UMAR BALLA,MALE,PDP,31566,,Kano_KBT-182.pdf
Kano,KUMBOTSO,FC/182/KN,16,DAHIRU RABIU,MALE,PPC,30,,Kano_KBT-182.pdf
Kano,KUMBOTSO,FC/182/KN,17,INUWA TIJJANI,MALE,PRP,1027,,Kano_KBT-182.pdf
Kano,KUMBOTSO,FC/182/KN,18,GARBA ABDULLAHI,MALE,PT,17,,Kano_KBT-182.pdf
Kano,KUMBOTSO,FC/182/KN,19,UMAR GARBA,MALE,RBNP,10,,Kano_KBT-182.pdf
Kano,KUMBOTSO,FC/182/KN,20,KABIRU UMAR MUHAMMAD,MALE,SDP,31,,Kano_KBT-182.pdf
Kano,KUMBOTSO,FC/182/KN,21,ABUBAKAR YAHAYA MUHAMMAD,MALE,UPN,11,,Kano_KBT-182.pdf
Kano,KUMBOTSO,FC/182/KN,22,ABUBAKAR MUKHTAR GARBA,MALE,UPP,90,,Kano_KBT-182.pdf
Kano,KANO MUNICIPAL,FC/179/KN,1,ALI KABIRU,MALE,ANP,8,,Kano_KMC-179.pdf
Kano,KANO MUNICIPAL,FC/179/KN,2,AUWAL YAHAYA IDRIS,MALE,ANDP,5,,Kano_KMC-179.pdf
Kano,KANO MUNICIPAL,FC/179/KN,3,DANBURAN ABUBAKARNUHU,MALE,PDP,24269,,Kano_KMC-179.pdf
Kano,KANO MUNICIPAL,FC/179/KN,4,LAWAN YAKUBA,MALE,APDA,116,,Kano_KMC-179.pdf
Kano,KANO MUNICIPAL,FC/179/KN,5,IBRAHIM GARBA,MALE,PRP,776,,Kano_KMC-179.pdf
Kano,KANO MUNICIPAL,FC/179/KN,6,RABIU SARKI YAKASAI,MALE,APA,108,,Kano_KMC-179.pdf
Kano,KANO MUNICIPAL,FC/179/KN,7,SALISU SALISU UMAR,MALE,YPP,729,,Kano_KMC-179.pdf
Kano,KANO MUNICIPAL,FC/179/KN,8,MAIKUDI IDRIS INDABAWA,MALE,RBNP,29,,Kano_KMC-179.pdf
Kano,KANO MUNICIPAL,FC/179/KN,9,YAKASAI MUKHTAR ISHAQ,MALE,APC,43049,DECLARED ELECTED,Kano_KMC-179.pdf
Kano,KUNCHI/TSANYAWA,FC/188/KN,1,NAFIU ZUBAIRU,MALE,ADC,27,,Kano_KNC-TYW-188.pdf
Kano,KUNCHI/TSANYAWA,FC/188/KN,2,USMAN IBRAHIM ABDULKADIR,MALE,AGA,34,,Kano_KNC-TYW-188.pdf
Kano,KUNCHI/TSANYAWA,FC/188/KN,3,RINJI HASHIMU ABDULLAHI,MALE,ANP,17,,Kano_KNC-TYW-188.pdf
Kano,KUNCHI/TSANYAWA,FC/188/KN,4,BALA SANI UMAR,MALE,APC,34735,DECLARED ELECTED,Kano_KNC-TYW-188.pdf
Kano,KUNCHI/TSANYAWA,FC/188/KN,5,ISMA'IL JAFARU,MALE,APDA,45,,Kano_KNC-TYW-188.pdf
Kano,KUNCHI/TSANYAWA,FC/188/KN,6,ABDULLAHI YUSUF,MALE,DA,14,,Kano_KNC-TYW-188.pdf
Kano,KUNCHI/TSANYAWA,FC/188/KN,7,USMAN YA'U,MALE,GPN,17,,Kano_KNC-TYW-188.pdf
Kano,KUNCHI/TSANYAWA,FC/188/KN,8,DAHIRU DOGO,MALE,LP,10,,Kano_KNC-TYW-188.pdf
Kano,KUNCHI/TSANYAWA,FC/188/KN,9,ABDULLAHI ISA SAMINU,MALE,LPN,12,,Kano_KNC-TYW-188.pdf
Kano,KUNCHI/TSANYAWA,FC/188/KN,10,ABDUSSALAM ADAMU,MALE,PDP,19102,,Kano_KNC-TYW-188.pdf
Kano,KUNCHI/TSANYAWA,FC/188/KN,11,NASARAWA KABIR,MALE,PRP,2133,,Kano_KNC-TYW-188.pdf
Kano,KUNCHI/TSANYAWA,FC/188/KN,12,SANI ABDULHAMID,MALE,SDP,8,,Kano_KNC-TYW-188.pdf
Kano,KUNCHI/TSANYAWA,FC/188/KN,13,DANLADI FALALU,MALE,UDP,10,,Kano_KNC-TYW-188.pdf
Kano,KARAYE/ROGO,FC/181/KN,1,MANSUR UMAR KURUGU,MALE,ACD,32,,Kano_KRY-RGG-181.pdf
Kano,KARAYE/ROGO,FC/181/KN,2,TASIU UMAR KARAYE,MALE,AD,24,,Kano_KRY-RGG-181.pdf
Kano,KARAYE/ROGO,FC/181/KN,3,MUSA SALE AUDU,MALE,ADC,22,,Kano_KRY-RGG-181.pdf
Kano,KARAYE/ROGO,FC/181/KN,4,SURAJA AHMED,MALE,AGA,13,,Kano_KRY-RGG-181.pdf
Kano,KARAYE/ROGO,FC/181/KN,5,SANI AHMED,MALE,ANP,28,,Kano_KRY-RGG-181.pdf
Kano,KARAYE/ROGO,FC/181/KN,6,DEDERI HARUNA ISA,MALE,APC,43209,DECLARED ELECTED,Kano_KRY-RGG-181.pdf
Kano,KARAYE/ROGO,FC/181/KN,7,GARBA JAFAR MUSTAPHA,,APDA,170,,Kano_KRY-RGG-181.pdf
Kano,KARAYE/ROGO,FC/181/KN,8,JAMILU UMAR,MALE,DA,138,,Kano_KRY-RGG-181.pdf
Kano,KARAYE/ROGO,FC/181/KN,9,AUWALU IBRAHIM,MALE,GPN,15,,Kano_KRY-RGG-181.pdf
Kano,KARAYE/ROGO,FC/181/KN,10,BELLO RABIU,MALE,LPN,7,,Kano_KRY-RGG-181.pdf
Kano,KARAYE/ROGO,FC/181/KN,11,SHEHU USMAN ALIYU,MALE,PDP,26353,,Kano_KRY-RGG-181.pdf
Kano,KARAYE/ROGO,FC/181/KN,12,MUAZU MUTTAKA SANI,MALE,PPN,45,,Kano_KRY-RGG-181.pdf
Kano,KARAYE/ROGO,FC/181/KN,13,ROGO IDRIS SALISU,MALE,PRP,7432,,Kano_KRY-RGG-181.pdf
Kano,KARAYE/ROGO,FC/181/KN,14,MURTALA HUDU,,PT,21,,Kano_KRY-RGG-181.pdf
Kano,KARAYE/ROGO,FC/181/KN,15,MUHAMMED NASIR YUNUSA,MALE,SDP,0,,Kano_KRY-RGG-181.pdf
Kano,KARAYE/ROGO,FC/181/KN,16,IBRAHIM AYUBA,MALE,UPP,7,,Kano_KRY-RGG-181.pdf
Kano,KURA/MADOBI/GARUN MALAM,FC/183/KN,1,MUSA JAFARU,MALE,ADC,25,,Kano_KUR-MDB-GRM-183.pdf
Kano,KURA/MADOBI/GARUN MALAM,FC/183/KN,2,NURA KASSIM USMAN,MALE,AGA,31,,Kano_KUR-MDB-GRM-183.pdf
Kano,KURA/MADOBI/GARUN MALAM,FC/183/KN,3,MUSTAPHA SALE,MALE,ANDP,10,,Kano_KUR-MDB-GRM-183.pdf
Kano,KURA/MADOBI/GARUN MALAM,FC/183/KN,4,TIJJANI TASIU,MALE,ANP,23,,Kano_KUR-MDB-GRM-183.pdf
Kano,KURA/MADOBI/GARUN MALAM,FC/183/KN,5,IDRIS KABIRU,MALE,APC,66867,DECLARED ELECTED,Kano_KUR-MDB-GRM-183.pdf
Kano,KURA/MADOBI/GARUN MALAM,FC/183/KN,6,BASHIR HASSAN,MALE,APDA,186,,Kano_KUR-MDB-GRM-183.pdf
Kano,KURA/MADOBI/GARUN MALAM,FC/183/KN,7,ASHIRU IBRAHIM,MALE,GPN,8,,Kano_KUR-MDB-GRM-183.pdf
Kano,KURA/MADOBI/GARUN MALAM,FC/183/KN,8,UMAR SANI JAMILU,MALE,HDP,9,,Kano_KUR-MDB-GRM-183.pdf
Kano,KURA/MADOBI/GARUN MALAM,FC/183/KN,9,ABDULRAZAK MU'AZU,MALE,JMPP,19,,Kano_KUR-MDB-GRM-183.pdf
Kano,KURA/MADOBI/GARUN MALAM,FC/183/KN,10,BADAMAS SA'IDU,MALE,LP,10,,Kano_KUR-MDB-GRM-183.pdf
Kano,KURA/MADOBI/GARUN MALAM,FC/183/KN,11,YUSIF YUNUSA,MALE,LPN,30,,Kano_KUR-MDB-GRM-183.pdf
Kano,KURA/MADOBI/GARUN MALAM,FC/183/KN,12,MUHAMMAD BUHARI SULE,MALE,PDP,38293,,Kano_KUR-MDB-GRM-183.pdf
Kano,KURA/MADOBI/GARUN MALAM,FC/183/KN,13,IBRAHIM ABDULLAHI SA'AD,MALE,PRP,6866,,Kano_KUR-MDB-GRM-183.pdf
Kano,KURA/MADOBI/GARUN MALAM,FC/183/KN,14,BASHIR UBA ADAMU,MALE,SDP,68,,Kano_KUR-MDB-GRM-183.pdf
Kano,KURA/MADOBI/GARUN MALAM,FC/183/KN,15,ISA JAMILU HARUNA,MALE,UPP,81,,Kano_KUR-MDB-GRM-183.pdf
Kano,MINJIBIR/UNGOGO,FC/187/KN,1,BADAMASI ALIYU,MALE,A,26,,Kano_MJB-UNGG-187.pdf
Kano,MINJIBIR/UNGOGO,FC/187/KN,2,,,ADP,72,,Kano_MJB-UNGG-187.pdf
Kano,MINJIBIR/UNGOGO,FC/187/KN,3,HAUWA'U HALADU HARUNA,MALE,AD,382,,Kano_MJB-UNGG-187.pdf
Kano,MINJIBIR/UNGOGO,FC/187/KN,4,ABDULHAKIM ABDULLAHI,MALE,ADC,148,,Kano_MJB-UNGG-187.pdf
Kano,MINJIBIR/UNGOGO,FC/187/KN,5,BALA MUSA,MALE,APA,191,,Kano_MJB-UNGG-187.pdf
Kano,MINJIBIR/UNGOGO,FC/187/KN,6,SANI MA'ARUF NASS,MALE,APC,55289,DECLARED ELECTED,Kano_MJB-UNGG-187.pdf
Kano,MINJIBIR/UNGOGO,FC/187/KN,7,,,APGA,33,,Kano_MJB-UNGG-187.pdf
Kano,MINJIBIR/UNGOGO,FC/187/KN,8,ISA MAKAMA,MALE,DA,117,,Kano_MJB-UNGG-187.pdf
Kano,MINJIBIR/UNGOGO,FC/187/KN,9,YUNUSA MUSA,MALE,GPN,40,,Kano_MJB-UNGG-187.pdf
Kano,MINJIBIR/UNGOGO,FC/187/KN,10,ABDULLAHI YA'U,MALE,LP,57,,Kano_MJB-UNGG-187.pdf
Kano,MINJIBIR/UNGOGO,FC/187/KN,11,YAHAYA SHU'AIBU,MALE,LPN,41,,Kano_MJB-UNGG-187.pdf
Kano,MINJIBIR/UNGOGO,FC/187/KN,12,SHAQ SHAQ SADI,MALE,MPN,29,,Kano_MJB-UNGG-187.pdf
Kano,MINJIBIR/UNGOGO,FC/187/KN,13,DANMARKA HAMISU,MALE,NAC,47,,Kano_MJB-UNGG-187.pdf
Kano,MINJIBIR/UNGOGO,FC/187/KN,14,IBRAHIM MAIGARI ALIYU UMAR,MALE,NPM,23,,Kano_MJB-UNGG-187.pdf
Kano,MINJIBIR/UNGOGO,FC/187/KN,15,TAJO USMAN ZAURA,MALE,PDP,26258,,Kano_MJB-UNGG-187.pdf
Kano,MINJIBIR/UNGOGO,FC/187/KN,16,RABO A. YAWALE,MALE,PPA,87,,Kano_MJB-UNGG-187.pdf
Kano,MINJIBIR/UNGOGO,FC/187/KN,17,GALADIMA MUSA BALA,MALE,PPN,63,,Kano_MJB-UNGG-187.pdf
Kano,MINJIBIR/UNGOGO,FC/187/KN,18,ABDULLAHI GARBA RAMAT,MALE,PRP,13993,,Kano_MJB-UNGG-187.pdf
Kano,MINJIBIR/UNGOGO,FC/187/KN,19,MUSA ADAMU,MALE,PT,35,,Kano_MJB-UNGG-187.pdf
Kano,MINJIBIR/UNGOGO,FC/187/KN,20,ABDULLAHI JAMILA,FEMALE,UPP,64,,Kano_MJB-UNGG-187.pdf
Kano,MINJIBIR/UNGOGO,FC/187/KN,21,,,APM,40,,Kano_MJB-UNGG-187.pdf
Kano,MINJIBIR/UNGOGO,FC/187/KN,22,,,AGA,34,,Kano_MJB-UNGG-187.pdf
Kano,MINJIBIR/UNGOGO,FC/187/KN,23,,,AGAP,67,,Kano_MJB-UNGG-187.pdf
Kano,MINJIBIR/UNGOGO,FC/187/KN,24,,,ANPP,12,,Kano_MJB-UNGG-187.pdf
Kano,MINJIBIR/UNGOGO,FC/187/KN,25,,,ANDP,57,,Kano_MJB-UNGG-187.pdf
Kano,MINJIBIR/UNGOGO,FC/187/KN,26,,,ANP,52,,Kano_MJB-UNGG-187.pdf
Kano,MINJIBIR/UNGOGO,FC/187/KN,27,ALHAJI GAMBO MUHAMMAD BACIRAWA,MALE,APDA,1643,,Kano_MJB-UNGG-187.pdf
Kano,MINJIBIR/UNGOGO,FC/187/KN,28,,,APP,38,,Kano_MJB-UNGG-187.pdf
Kano,MINJIBIR/UNGOGO,FC/187/KN,29,,,HDP,26,,Kano_MJB-UNGG-187.pdf
Kano,MINJIBIR/UNGOGO,FC/187/KN,30,,,JNPP,63,,Kano_MJB-UNGG-187.pdf
Kano,MINJIBIR/UNGOGO,FC/187/KN,31,,,NRN,36,,Kano_MJB-UNGG-187.pdf
Kano,MINJIBIR/UNGOGO,FC/187/KN,32,,,PPC,96,,Kano_MJB-UNGG-187.pdf
Kano,MINJIBIR/UNGOGO,FC/187/KN,34,,,SDP,45,,Kano_MJB-UNGG-187.pdf
Kano,MINJIBIR/UNGOGO,FC/187/KN,35,,,UPN,42,,Kano_MJB-UNGG-187.pdf
Kano,MINJIBIR/UNGOGO,FC/187/KN,36,,,UDP,33,,Kano_MJB-UNGG-187.pdf
Kano,MINJIBIR/UNGOGO,FC/187/KN,37,,,NDLP,35,,Kano_MJB-UNGG-187.pdf
Kano,MINJIBIR/UNGOGO,FC/187/KN,38,,,NMR,15,,Kano_MJB-UNGG-187.pdf
Kano,MINJIBIR/UNGOGO,FC/187/KN,41,,,ACD,37,,Kano_MJB-UNGG-187.pdf
Kano,MINJIBIR/UNGOGO,FC/187/KN,42,,,DPC,25,,Kano_MJB-UNGG-187.pdf
Kano,MINJIBIR/UNGOGO,FC/187/KN,43,,,ABP,30,,Kano_MJB-UNGG-187.pdf
Kano,MINJIBIR/UNGOGO,FC/187/KN,44,,,YP,27,,Kano_MJB-UNGG-187.pdf
Kano,MINJIBIR/UNGOGO,FC/187/KN,45,,MALE,NAC,46,,Kano_MJB-UNGG-187.pdf
Kano,MINJIBIR/UNGOGO,FC/187/KN,46,,,ADA,12,,Kano_MJB-UNGG-187.pdf
Kano,MINJIBIR/UNGOGO,FC/187/KN,47,,,GNP,23,,Kano_MJB-UNGG-187.pdf
Kano,MINJIBIR/UNGOGO,FC/187/KN,48,,,NFD,6,,Kano_MJB-UNGG-187.pdf
Kano,MINJIBIR/UNGOGO,FC/187/KN,49,,,PTA,1,,Kano_MJB-UNGG-187.pdf
Kano,MINJIBIR/UNGOGO,FC/187/KN,50,,,UPC,3,,Kano_MJB-UNGG-187.pdf
Kano,MINJIBIR/UNGOGO,FC/187/KN,51,,,GPN,19,,Kano_MJB-UNGG-187.pdf
Kano,MINJIBIR/UNGOGO,FC/187/KN,52,,,CAP,24,,Kano_MJB-UNGG-187.pdf
Kano,MINJIBIR/UNGOGO,FC/187/KN,53,,,LDCP,9,,Kano_MJB-UNGG-187.pdf
Kano,MINJIBIR/UNGOGO,FC/187/KN,54,,,UPNN,1,,Kano_MJB-UNGG-187.pdf
Kano,NASARAWA,FC/184/KN,1,NASSIR ALI AHMAD,MALE,APC,54166,DECLARED ELECTED,Kano_NSR-184.pdf
Kano,RANO/BUNKURE/KIBIYA,FC/170/KN,1,SALISU YAHAYA,MALE,A,16,,Kano_RNN-BKR-KBY-170.pdf
Kano,RANO/BUNKURE/KIBIYA,FC/170/KN,2,,,ABP,0,,Kano_RNN-BKR-KBY-170.pdf
Kano,RANO/BUNKURE/KIBIYA,FC/170/KN,3,,,ACD,31,,Kano_RNN-BKR-KBY-170.pdf
Kano,RANO/BUNKURE/KIBIYA,FC/170/KN,4,ZAHRADEEN ISA,MALE,AD,21,,Kano_RNN-BKR-KBY-170.pdf
Kano,RANO/BUNKURE/KIBIYA,FC/170/KN,5,SAFIYANU MUSA,,ADC,5,,Kano_RNN-BKR-KBY-170.pdf
Kano,RANO/BUNKURE/KIBIYA,FC/170/KN,6,,,ADP,42,,Kano_RNN-BKR-KBY-170.pdf
Kano,RANO/BUNKURE/KIBIYA,FC/170/KN,7,RABIU MOH'D GARKUWA,MALE,AGA,41,,Kano_RNN-BKR-KBY-170.pdf
Kano,RANO/BUNKURE/KIBIYA,FC/170/KN,8,,,AGAP,8,,Kano_RNN-BKR-KBY-170.pdf
Kano,RANO/BUNKURE/KIBIYA,FC/170/KN,9,,,ANDP,19,,Kano_RNN-BKR-KBY-170.pdf
Kano,RANO/BUNKURE/KIBIYA,FC/170/KN,10,ISAH ABDULLAHI,MALE,ANP,24,,Kano_RNN-BKR-KBY-170.pdf
Kano,RANO/BUNKURE/KIBIYA,FC/170/KN,11,,,APA,160,,Kano_RNN-BKR-KBY-170.pdf
Kano,RANO/BUNKURE/KIBIYA,FC/170/KN,12,KABIRU ALHASSAN RURUM,MALE,APC,62455,DECLARED ELECTED,Kano_RNN-BKR-KBY-170.pdf
Kano,RANO/BUNKURE/KIBIYA,FC/170/KN,13,AUWAL BASHIR,MALE,APDA,51,,Kano_RNN-BKR-KBY-170.pdf
Kano,RANO/BUNKURE/KIBIYA,FC/170/KN,14,,,APM,2,,Kano_RNN-BKR-KBY-170.pdf
Kano,RANO/BUNKURE/KIBIYA,FC/170/KN,15,ALHASSAN BASHARI ALIYU,MALE,APP,2,,Kano_RNN-BKR-KBY-170.pdf
Kano,RANO/BUNKURE/KIBIYA,FC/170/KN,16,,,CAP,4,,Kano_RNN-BKR-KBY-170.pdf
Kano,RANO/BUNKURE/KIBIYA,FC/170/KN,17,,,DA,132,,Kano_RNN-BKR-KBY-170.pdf
Kano,RANO/BUNKURE/KIBIYA,FC/170/KN,18,,,DPC,10,,Kano_RNN-BKR-KBY-170.pdf
Kano,RANO/BUNKURE/KIBIYA,FC/170/KN,19,ADO GARBA,MALE,GPN,9,,Kano_RNN-BKR-KBY-170.pdf
Kano,RANO/BUNKURE/KIBIYA,FC/170/KN,20,,,HDP,7,,Kano_RNN-BKR-KBY-170.pdf
Kano,RANO/BUNKURE/KIBIYA,FC/170/KN,21,,,JMPP,10,,Kano_RNN-BKR-KBY-170.pdf
Kano,RANO/BUNKURE/KIBIYA,FC/170/KN,22,ABUBAKAR USMAN,MALE,LP,19,,Kano_RNN-BKR-KBY-170.pdf
Kano,RANO/BUNKURE/KIBIYA,FC/170/KN,23,AHMED MAHMUD KABIRU,MALE,LPN,11,,Kano_RNN-BKR-KBY-170.pdf
Kano,RANO/BUNKURE/KIBIYA,FC/170/KN,24,,,MMN,2,,Kano_RNN-BKR-KBY-170.pdf
Kano,RANO/BUNKURE/KIBIYA,FC/170/KN,25,,,MPN,6,,Kano_RNN-BKR-KBY-170.pdf
Kano,RANO/BUNKURE/KIBIYA,FC/170/KN,26,,,NAC,24,,Kano_RNN-BKR-KBY-170.pdf
Kano,RANO/BUNKURE/KIBIYA,FC/170/KN,27,,,NDLP,0,,Kano_RNN-BKR-KBY-170.pdf
Kano,RANO/BUNKURE/KIBIYA,FC/170/KN,28,,,NFD,1,,Kano_RNN-BKR-KBY-170.pdf
Kano,RANO/BUNKURE/KIBIYA,FC/170/KN,29,SHU'AIBU BADAMASI,MALE,NPM,65,,Kano_RNN-BKR-KBY-170.pdf
Kano,RANO/BUNKURE/KIBIYA,FC/170/KN,30,,,NRM,22,,Kano_RNN-BKR-KBY-170.pdf
Kano,RANO/BUNKURE/KIBIYA,FC/170/KN,31,SANI MUHAMMAD ALIYU,MALE,PDP,33296,,Kano_RNN-BKR-KBY-170.pdf
Kano,RANO/BUNKURE/KIBIYA,FC/170/KN,32,TIJJANI ZAINAB SANI,FEMALE,PPA,180,,Kano_RNN-BKR-KBY-170.pdf
Kano,RANO/BUNKURE/KIBIYA,FC/170/KN,33,JIBRIN YUSUF,MALE,PPC,43,,Kano_RNN-BKR-KBY-170.pdf
Kano,RANO/BUNKURE/KIBIYA,FC/170/KN,34,,,PPN,19,,Kano_RNN-BKR-KBY-170.pdf
Kano,RANO/BUNKURE/KIBIYA,FC/170/KN,35,USMAN SALIHU,MALE,PRP,1280,,Kano_RNN-BKR-KBY-170.pdf
Kano,RANO/BUNKURE/KIBIYA,FC/170/KN,36,,,PT,5,,Kano_RNN-BKR-KBY-170.pdf
Kano,RANO/BUNKURE/KIBIYA,FC/170/KN,37,,,RBNP,4,,Kano_RNN-BKR-KBY-170.pdf
Kano,RANO/BUNKURE/KIBIYA,FC/170/KN,38,HAMISU DANLADI,MALE,SDP,3,,Kano_RNN-BKR-KBY-170.pdf
Kano,RANO/BUNKURE/KIBIYA,FC/170/KN,39,,,UPN,4,,Kano_RNN-BKR-KBY-170.pdf
Kano,RANO/BUNKURE/KIBIYA,FC/170/KN,40,SHA'AIBU KHAMISU S.,MALE,UPP,130,,Kano_RNN-BKR-KBY-170.pdf
Kano,RANO/BUNKURE/KIBIYA,FC/170/KN,41,,,YP,27,,Kano_RNN-BKR-KBY-170.pdf
Kano,RANO/BUNKURE/KIBIYA,FC/170/KN,42,,,YPP,8,,Kano_RNN-BKR-KBY-170.pdf
Kano,SUMAILA/TAKAI,FC/186/KN,1,HARUNA SANI,MALE,AD,11,,Kano_SML-TAK-186.pdf
Kano,SUMAILA/TAKAI,FC/186/KN,2,NAZIFI BELLO,MALE,ADC,206,,Kano_SML-TAK-186.pdf
Kano,SUMAILA/TAKAI,FC/186/KN,3,SALISU AHMAD,MALE,AGA,27,,Kano_SML-TAK-186.pdf
Kano,SUMAILA/TAKAI,FC/186/KN,4,MAKWALLA HAMISU MOHAMMED,MALE,ANP,25,,Kano_SML-TAK-186.pdf
Kano,SUMAILA/TAKAI,FC/186/KN,5,KAWU SULEIMAN ABDURRAHMAN,MALE,APC,55487,DECLARED ELECTED,Kano_SML-TAK-186.pdf
Kano,SUMAILA/TAKAI,FC/186/KN,6,ZANGI ADAMU MUHAMMAD,MALE,APDA,72,,Kano_SML-TAK-186.pdf
Kano,SUMAILA/TAKAI,FC/186/KN,7,MUHAMMED ALIYU,MALE,DA,113,,Kano_SML-TAK-186.pdf
Kano,SUMAILA/TAKAI,FC/186/KN,8,IBRAHIM USMAN ALIYU,MALE,GPN,12,,Kano_SML-TAK-186.pdf
Kano,SUMAILA/TAKAI,FC/186/KN,9,SABIU DAHIRU ALHAJI,MALE,LPN,16,,Kano_SML-TAK-186.pdf
Kano,SUMAILA/TAKAI,FC/186/KN,10,SURAJA IDRIS KANAWA,MALE,PDP,18445,,Kano_SML-TAK-186.pdf
Kano,SUMAILA/TAKAI,FC/186/KN,11,SUMAILA ALIYU ABDULLAHI,MALE,PRP,10627,,Kano_SML-TAK-186.pdf
Kano,SUMAILA/TAKAI,FC/186/KN,12,ASHIRU HALADU,MALE,SDP,28,,Kano_SML-TAK-186.pdf
Kano,SUMAILA/TAKAI,FC/186/KN,13,SALIHU ABDULAMJID,MALE,UPP,52,,Kano_SML-TAK-186.pdf
Kano,SHANONO/BAGWAI,FC/167/KN,1,BADAU YUSUF AHMAD,MALE,APC,40420,DECLARED ELECTED,Kano_SNN-BGW-167.pdf
Kano,SHANONO/BAGWAI,FC/167/KN,2,FARUK MUHAMMAD LAWAN,MALE,PDP,24764,,Kano_SNN-BGW-167.pdf
Kano,SHANONO/BAGWAI,FC/167/KN,3,BAGWAI NURA ABDULLAHI,MALE,PRP,885,,Kano_SNN-BGW-167.pdf
Kano,TARAUNI,FC/180/KN,1,ABUBAKAR MURJA,FEMALE,ADC,35,,Kano_TRN-180.pdf
Kano,TARAUNI,FC/180/KN,2,USMAN ABDULLAHI,MALE,ACD,36,,Kano_TRN-180.pdf
Kano,TARAUNI,FC/180/KN,3,AMINU MUHAMMAD,MALE,ADC,783,,Kano_TRN-180.pdf
Kano,TARAUNI,FC/180/KN,4,NASIRU ABDURRAHMAN SHU'AIBU,MALE,ADP,1085,,Kano_TRN-180.pdf
Kano,TARAUNI,FC/180/KN,5,MUSTAPHA SALISU MUSA,MALE,AGA,121,,Kano_TRN-180.pdf
Kano,TARAUNI,FC/180/KN,6,BABA ALI,MALE,AGAP,15,,Kano_TRN-180.pdf
Kano,TARAUNI,FC/180/KN,7,SANI MUSBAHU BASHIR,MALE,ANP,24,,Kano_TRN-180.pdf
Kano,TARAUNI,FC/180/KN,8,AMINA SULAIMAN ABDULLAHI,FEMALE,APA,131,,Kano_TRN-180.pdf
Kano,TARAUNI,FC/180/KN,9,IBRAHIM HAFIZ M. KAWU,MALE,APC,34668,DECLARED ELECTED,Kano_TRN-180.pdf
Kano,TARAUNI,FC/180/KN,10,AHMAD ABDULLAH TAHIR,MALE,APDA,325,,Kano_TRN-180.pdf
Kano,TARAUNI,FC/180/KN,11,SANI RABIU MAGA,MALE,APM,125,,Kano_TRN-180.pdf
Kano,TARAUNI,FC/180/KN,12,MUSA UMAR LAWAN,MALE,CAP,6,,Kano_TRN-180.pdf
Kano,TARAUNI,FC/180/KN,13,SA'ADU MUHAMMED,MALE,DA,39,,Kano_TRN-180.pdf
Kano,TARAUNI,FC/180/KN,14,SALAHUDEEN NA'IBI WALI,MALE,GPN,171,,Kano_TRN-180.pdf
Kano,TARAUNI,FC/180/KN,15,SA'AD AUWAL HASSAN,MALE,JMPP,51,,Kano_TRN-180.pdf
Kano,TARAUNI,FC/180/KN,16,MUSTAPHA IBRAHIM,MALE,LP,24,,Kano_TRN-180.pdf
Kano,TARAUNI,FC/180/KN,17,MAHMOOD AHMAD,MALE,LPN,11,,Kano_TRN-180.pdf
Kano,TARAUNI,FC/180/KN,18,BASHIR BELLO ALIYU,MALE,NDLP,7,,Kano_TRN-180.pdf
Kano,TARAUNI,FC/180/KN,19,TUKUR MANSUR MUHAMMAD,MALE,NPM,137,,Kano_TRN-180.pdf
Kano,TARAUNI,FC/180/KN,20,ALIYU MUHAMMAD ALIYU,MALE,NRM,66,,Kano_TRN-180.pdf
Kano,TARAUNI,FC/180/KN,21,NASIRU ISA,MALE,PDP,18206,,Kano_TRN-180.pdf
Kano,TARAUNI,FC/180/KN,22,SAMMANI LAWAN ABUBAKAR,MALE,PPC,28,,Kano_TRN-180.pdf
Kano,TARAUNI,FC/180/KN,23,MU'AZU MUJITTAPHA RABIU,MALE,PPN,44,,Kano_TRN-180.pdf
Kano,TARAUNI,FC/180/KN,24,DAUDA ABDULHAMID YAKUBU,MALE,PRP,1362,,Kano_TRN-180.pdf
Kano,TARAUNI,FC/180/KN,25,IBRAHIM KHALID LAWAN,MALE,PT,21,,Kano_TRN-180.pdf
Kano,TARAUNI,FC/180/KN,26,BAYERO USMAN JA'AFAR,MALE,SDP,984,,Kano_TRN-180.pdf
Kano,TARAUNI,FC/180/KN,27,IBRAHIM ABUBAKAR BABA,MALE,UPP,46,,Kano_TRN-180.pdf
Kano,TARAUNI,FC/180/KN,28,AMINU MUHAMMED AUWALU,MALE,YP,301,,Kano_TRN-180.pdf
Kano,WUDIL/GARKO,FC/189/KN,1,SANI ABDULLAHI MOHAMMAD,MALE,AD,39,,Kano_WDL-GRK-189.pdf
Kano,WUDIL/GARKO,FC/189/KN,2,SABO MUSA SALMANU,MALE,ADC,27,,Kano_WDL-GRK-189.pdf
Kano,WUDIL/GARKO,FC/189/KN,3,SAMMANI YAHYA,MALE,AGA,65,,Kano_WDL-GRK-189.pdf
Kano,WUDIL/GARKO,FC/189/KN,4,JIBO ABDULRAZAK,MALE,ANP,44,,Kano_WDL-GRK-189.pdf
Kano,WUDIL/GARKO,FC/189/KN,5,WUDIL MUHAMMAD ALI,MALE,APC,35702,DECLARED ELECTED,Kano_WDL-GRK-189.pdf
Kano,WUDIL/GARKO,FC/189/KN,6,AUWALU ALHASSAN,MALE,APDA,62,,Kano_WDL-GRK-189.pdf
Kano,WUDIL/GARKO,FC/189/KN,7,FARUK ILYA,MALE,APP,24,,Kano_WDL-GRK-189.pdf
Kano,WUDIL/GARKO,FC/189/KN,8,ADO HAYATU,MALE,GPN,29,,Kano_WDL-GRK-189.pdf
Kano,WUDIL/GARKO,FC/189/KN,9,ADAMU URWATU ABDULRAZAK,MALE,HDP,21,,Kano_WDL-GRK-189.pdf
Kano,WUDIL/GARKO,FC/189/KN,10,SANI MIKO,MALE,LPN,27,,Kano_WDL-GRK-189.pdf
Kano,WUDIL/GARKO,FC/189/KN,11,SABO SAIDU IMAM,MALE,NFD,7,,Kano_WDL-GRK-189.pdf
Kano,WUDIL/GARKO,FC/189/KN,12,MOHAMMED UMAR ABDULLAHI,MALE,NPM,26,,Kano_WDL-GRK-189.pdf
Kano,WUDIL/GARKO,FC/189/KN,13,IBRAHIM YAKUBU ADAMU,MALE,PDP,14333,,Kano_WDL-GRK-189.pdf
Kano,WUDIL/GARKO,FC/189/KN,14,WUDIL ALI ABDULLAHI,MALE,PRP,10936,,Kano_WDL-GRK-189.pdf
Kano,WUDIL/GARKO,FC/189/KN,15,ABUBAKAR MOHAMMAD SANI,MALE,PT,26,,Kano_WDL-GRK-189.pdf
Kano,WUDIL/GARKO,FC/189/KN,16,HAUWA ALIYU ZAKARIYYA,MALE,SDP,14,,Kano_WDL-GRK-189.pdf
Kano,WUDIL/GARKO,FC/189/KN,17,AUDU ABUBAKAR,MALE,UPP,170,,Kano_WDL-GRK-189.pdf
Katsina,BAKORI/DANJA,FC/190/KT,1,AMIRUDDIN TUKUR,MALE,APC,78982,DECLARED ELECTED,Katsina_BAKORI-DANJA.pdf
Katsina,BAKORI/DANJA,FC/190/KT,2,IBRAHIM TUKUR AJIYA,MALE,PDP,29786,,Katsina_BAKORI-DANJA.pdf
Katsina,BAKORI/DANJA,FC/190/KT,3,NURADEEN AUDI,MALE,PRP,3525,,Katsina_BAKORI-DANJA.pdf
Katsina,BAKORI/DANJA,FC/190/KT,4,AMIRU ABUBAKAR,MALE,PPN,38,,Katsina_BAKORI-DANJA.pdf
Katsina,BATAGARAWA/CHARANCHI/RIMI,FC/191/KT,1,HON. HAMZA DALHATU BATAGARAWA,M,APC,88135,DECLARED ELECTED,Katsina_BATAGARAWA-CHARANCHIRIMI.pdf
Katsina,BATSARI/DANMUSA/SAFANA,FC/192/KT,1,LAWAL UMAR SAFANA,M,ADC,25,,Katsina_BATSARI-DANMUSA-SAFANA.pdf
Katsina,BATSARI/DANMUSA/SAFANA,FC/192/KT,2,AHMED DAYYABU SAFANA,M,APC,73380,DECLARED ELECTED,Katsina_BATSARI-DANMUSA-SAFANA.pdf
Katsina,BATSARI/DANMUSA/SAFANA,FC/192/KT,3,SULEIMAN AUWAL,M,DA,22,,Katsina_BATSARI-DANMUSA-SAFANA.pdf
Katsina,BATSARI/DANMUSA/SAFANA,FC/192/KT,4,SAFANA IDRIS SAM,M,JMPP,17,,Katsina_BATSARI-DANMUSA-SAFANA.pdf
Katsina,BATSARI/DANMUSA/SAFANA,FC/192/KT,5,LAWAL IBRAHIM,M,NRM,1351,,Katsina_BATSARI-DANMUSA-SAFANA.pdf
Katsina,BATSARI/DANMUSA/SAFANA,FC/192/KT,6,ILIYASU ALIYU ABUBAKAR,M,PDP,31600,,Katsina_BATSARI-DANMUSA-SAFANA.pdf
Katsina,BATSARI/DANMUSA/SAFANA,FC/192/KT,7,KABIR MOHAMMED,M,PPN,23,,Katsina_BATSARI-DANMUSA-SAFANA.pdf
Katsina,BATSARI/DANMUSA/SAFANA,FC/192/KT,8,ABU IBRAHIM,M,PT,12,,Katsina_BATSARI-DANMUSA-SAFANA.pdf
Katsina,BATSARI/DANMUSA/SAFANA,FC/192/KT,9,ABBAS HASSAN NAGINI,M,UPC,5,,Katsina_BATSARI-DANMUSA-SAFANA.pdf
Katsina,BINDAWA/MANI,FC/193/KT,1,MUHAMMAD SALISU AUWAL,MALE,A,34,,Katsina_BINDAWA-MANI.pdf
Katsina,BINDAWA/MANI,FC/193/KT,2,ALH DANJUMALLE,MALE,ABP,10,,Katsina_BINDAWA-MANI.pdf
Katsina,BINDAWA/MANI,FC/193/KT,3,MUSA KABIRU,MALE,ADC,43,,Katsina_BINDAWA-MANI.pdf
Katsina,BINDAWA/MANI,FC/193/KT,4,AMINU ASHIRU MANI,MALE,APC,61000,DECLARED ELECTED,Katsina_BINDAWA-MANI.pdf
Katsina,BINDAWA/MANI,FC/193/KT,5,SANI FADALU,MALE,DA,28,,Katsina_BINDAWA-MANI.pdf
Katsina,BINDAWA/MANI,FC/193/KT,6,IBRAHIM SHUAIBU DAURA,MALE,NRM,50,,Katsina_BINDAWA-MANI.pdf
Katsina,BINDAWA/MANI,FC/193/KT,7,ALIYU HARUNA JANI,MALE,PDP,31651,,Katsina_BINDAWA-MANI.pdf
Katsina,BINDAWA/MANI,FC/193/KT,8,ABDULLAHI NURA,MALE,PPM,30,,Katsina_BINDAWA-MANI.pdf
Katsina,BINDAWA/MANI,FC/193/KT,9,SURAJO ISAH,MALE,PT,3,,Katsina_BINDAWA-MANI.pdf
Katsina,DAURA/SANDAMU/MAI'ADUA,FC/194/KT,1,SADA MURJANATU IYAL,F,A,2433,,Katsina_DAURA-SANDAMU-MAIADUA.pdf
Katsina,DAURA/SANDAMU/MAI'ADUA,FC/194/KT,2,ABUBAKAR SANI,M,ABP,18,,Katsina_DAURA-SANDAMU-MAIADUA.pdf
Katsina,DAURA/SANDAMU/MAI'ADUA,FC/194/KT,3,MALLAM LAWALI,M,ADC,48,,Katsina_DAURA-SANDAMU-MAIADUA.pdf
Katsina,DAURA/SANDAMU/MAI'ADUA,FC/194/KT,4,FATAHU MUHAMMED,M,APC,94734,DECLARED ELECTED,Katsina_DAURA-SANDAMU-MAIADUA.pdf
Katsina,DAURA/SANDAMU/MAI'ADUA,FC/194/KT,5,TUKUR MUHAMMAD,M,DA,13,,Katsina_DAURA-SANDAMU-MAIADUA.pdf
Katsina,DAURA/SANDAMU/MAI'ADUA,FC/194/KT,6,MUHAMMAD UMAR,M,NRM,410,,Katsina_DAURA-SANDAMU-MAIADUA.pdf
Katsina,DAURA/SANDAMU/MAI'ADUA,FC/194/KT,7,USMAN SULEIMAN,M,PDP,25114,,Katsina_DAURA-SANDAMU-MAIADUA.pdf
Katsina,DAURA/SANDAMU/MAI'ADUA,FC/194/KT,8,BELLO IBRAHIM,M,PPN,4,,Katsina_DAURA-SANDAMU-MAIADUA.pdf
Katsina,DAURA/SANDAMU/MAI'ADUA,FC/194/KT,9,GARBA BASHIR,M,SDP,18,,Katsina_DAURA-SANDAMU-MAIADUA.pdf
Katsina,DAURA/SANDAMU/MAI'ADUA,FC/194/KT,10,UMAR BALA SULAIMAN,M,UPC,30,,Katsina_DAURA-SANDAMU-MAIADUA.pdf
Katsina,DUTSIN-MA/KURFI,FC/195/KT,1,"ABDULKADIR, ARMAYA'U",MALE,APC,57447,DECLARED ELECTED,Katsina_DUTSIN-MAKURFI.pdf
Katsina,DUTSIN-MA/KURFI,FC/195/KT,2,AMADI B. NURA,MALE,PDP,24190,,Katsina_DUTSIN-MAKURFI.pdf
Katsina,DUTSIN-MA/KURFI,FC/195/KT,3,"LURWAN, ALIYU",MALE,PT,4,,Katsina_DUTSIN-MAKURFI.pdf
Katsina,FUNTUA/DANDUME,FC/197/KT,1,UMAR SADISU,MALE,ADC,93,,Katsina_FUNTUA-DANDUME.pdf
Katsina,FUNTUA/DANDUME,FC/197/KT,2,HON. ALH. MUKTAR MOHAMMED,MALE,APC,74901,DECLARED ELECTED,Katsina_FUNTUA-DANDUME.pdf
Katsina,FUNTUA/DANDUME,FC/197/KT,3,SADA UMAR ALIYU,MALE,CC,0,,Katsina_FUNTUA-DANDUME.pdf
Katsina,FUNTUA/DANDUME,FC/197/KT,4,LURWANU UMAR,MALE,DA,11,,Katsina_FUNTUA-DANDUME.pdf
Katsina,FUNTUA/DANDUME,FC/197/KT,5,UMAR USMAN,MALE,NRM,308,,Katsina_FUNTUA-DANDUME.pdf
Katsina,FUNTUA/DANDUME,FC/197/KT,6,HON. ALH. ABDULAZIZ AHMED,MALE,PDP,23096,,Katsina_FUNTUA-DANDUME.pdf
Katsina,FUNTUA/DANDUME,FC/197/KT,7,SALIMU SANI,MALE,PPN,59,,Katsina_FUNTUA-DANDUME.pdf
Katsina,FUNTUA/DANDUME,FC/197/KT,8,YAHAYA MUAZU LADAN,MALE,PT,10,,Katsina_FUNTUA-DANDUME.pdf
Katsina,FUNTUA/DANDUME,FC/197/KT,9,LAWAL HASSAN,MALE,SDP,41,,Katsina_FUNTUA-DANDUME.pdf
Katsina,FUNTUA/DANDUME,FC/197/KT,10,GARBA LAWAL,MALE,UPC,8,,Katsina_FUNTUA-DANDUME.pdf
Katsina,JIBIA/KAITA,FC/199/KT,1,SULEIMAN ISAH,M,ADC,70,,Katsina_JIBIYA-KAITA.pdf
Katsina,JIBIA/KAITA,FC/199/KT,2,SADA SOLI,M,APC,56143,DECLARED ELECTED,Katsina_JIBIYA-KAITA.pdf
Katsina,JIBIA/KAITA,FC/199/KT,3,IBRAHIM SADIQ,M,DA,35,,Katsina_JIBIYA-KAITA.pdf
Katsina,JIBIA/KAITA,FC/199/KT,4,JAWI IBRAHIM,M,JMPP,28,,Katsina_JIBIYA-KAITA.pdf
Katsina,JIBIA/KAITA,FC/199/KT,5,LAWAL MUSA,M,PDP,20935,,Katsina_JIBIYA-KAITA.pdf
Katsina,JIBIA/KAITA,FC/199/KT,6,SAMA'ILA I. ALIYU,M,PPN,43,,Katsina_JIBIYA-KAITA.pdf
Katsina,JIBIA/KAITA,FC/199/KT,7,ISAH KHALID IBRAHIM,M,PT,10,,Katsina_JIBIYA-KAITA.pdf
Katsina,JIBIA/KAITA,FC/199/KT,8,BALA AMADU,M,UPC,10,,Katsina_JIBIYA-KAITA.pdf
Katsina,KATSINA,FC/201/KT,1,SALISU MUHAMMAD,M,A,1760,,Katsina_KATSINA-1.pdf
Katsina,KATSINA,FC/201/KT,2,MATO KABIRU,M,ADC,91,,Katsina_KATSINA-1.pdf
Katsina,KATSINA,FC/201/KT,3,YAKUBU UMAR FARUK,M,ANRP,1482,,Katsina_KATSINA-1.pdf
Katsina,KATSINA,FC/201/KT,4,SALISU IRO ISANSI,M,APC,58314,DECLARED ELECTED,Katsina_KATSINA-1.pdf
Katsina,KATSINA,FC/201/KT,5,MUNTARI AHMED JIBRIN,M,GPN,31,,Katsina_KATSINA-1.pdf
Katsina,KATSINA,FC/201/KT,6,ABDULLAHI IBRAHIM,M,JMPP,9,,Katsina_KATSINA-1.pdf
Katsina,KATSINA,FC/201/KT,7,ALIYU NURADDEEN YARO,M,NDLP,27,,Katsina_KATSINA-1.pdf
Katsina,KATSINA,FC/201/KT,8,MUSA ALIYU,M,NRM,733,,Katsina_KATSINA-1.pdf
Katsina,KATSINA,FC/201/KT,9,AMINU AHMED CHINDO,M,PDP,21454,,Katsina_KATSINA-1.pdf
Katsina,KATSINA,FC/201/KT,10,SALISU SURAJO,M,PPN,38,,Katsina_KATSINA-1.pdf
Katsina,KATSINA,FC/201/KT,11,ZAKARADEEN GAMBO,M,PT,5,,Katsina_KATSINA-1.pdf
Katsina,KATSINA,FC/201/KT,12,IBRAHIM HAFSAT,F,UPC,19,,Katsina_KATSINA-1.pdf
Katsina,KUSADA/KANKIA/INGAWA,FC/198/KT,3,ABUBAKAR YAHAYA KUSADA,M,APC,75520,DECLARED ELECTED,Katsina_KUSADA-KANKIA-INGAWA.pdf
Katsina,MALUMFASHI/KAFUR,FC/200/KT,1,MOHAMMED IBRAHIM,M,ADC,23,,Katsina_MALUMFASHI-KAFUR.pdf
Katsina,MALUMFASHI/KAFUR,FC/200/KT,2,BABANGIDA IBRAHIM,M,APC,113496,DECLARED ELECTED,Katsina_MALUMFASHI-KAFUR.pdf
Katsina,MALUMFASHI/KAFUR,FC/200/KT,3,IBRAHIM MARYAM IDRIS,F,APM,142,,Katsina_MALUMFASHI-KAFUR.pdf
Katsina,MALUMFASHI/KAFUR,FC/200/KT,4,LAWAL SADI,M,CC,20,,Katsina_MALUMFASHI-KAFUR.pdf
Katsina,MALUMFASHI/KAFUR,FC/200/KT,5,MAISUMA USMAN ABUBAKAR,M,DA,33,,Katsina_MALUMFASHI-KAFUR.pdf
Katsina,MALUMFASHI/KAFUR,FC/200/KT,6,LAWAL KABIR,M,NRM,78,,Katsina_MALUMFASHI-KAFUR.pdf
Katsina,MALUMFASHI/KAFUR,FC/200/KT,7,MUSTAPHA SALISU HAIBA,M,PDP,32234,,Katsina_MALUMFASHI-KAFUR.pdf
Katsina,MALUMFASHI/KAFUR,FC/200/KT,8,ALIYU SAMAILA,M,PPN,34,,Katsina_MALUMFASHI-KAFUR.pdf
Katsina,MALUMFASHI/KAFUR,FC/200/KT,9,MALUMFASHI JAFARA,M,PRP,971,,Katsina_MALUMFASHI-KAFUR.pdf
Katsina,MALUMFASHI/KAFUR,FC/200/KT,10,SAIFULLAHI IBRAHIM,M,PT,5,,Katsina_MALUMFASHI-KAFUR.pdf
Katsina,MALUMFASHI/KAFUR,FC/200/KT,11,IBRAHIM ADAMU MOH,M,SDP,12,,Katsina_MALUMFASHI-KAFUR.pdf
Katsina,MALUMFASHI/KAFUR,FC/200/KT,12,KASIMU ALIYU LAWAL,M,UPC,2,,Katsina_MALUMFASHI-KAFUR.pdf
Katsina,MASHI/DUTSI,FC/202/KT,1,JABIRU HAMZA,M,ABP,15,,Katsina_MASHI-DUTSI.pdf
Katsina,MASHI/DUTSI,FC/202/KT,2,ISAH MASHI ZUBAIRU,M,ADC,28,,Katsina_MASHI-DUTSI.pdf
Katsina,MASHI/DUTSI,FC/202/KT,3,MANSIR ALIYU MASHI,M,APC,49326,DECLARED ELECTED,Katsina_MASHI-DUTSI.pdf
Katsina,MASHI/DUTSI,FC/202/KT,4,ABDULAZEEZ MUHAMMAD,M,DA,21,,Katsina_MASHI-DUTSI.pdf
Katsina,MASHI/DUTSI,FC/202/KT,5,ABASHE LURWANU,M,JMPP,24,,Katsina_MASHI-DUTSI.pdf
Katsina,MASHI/DUTSI,FC/202/KT,6,YUSUF SAIDU,M,PDP,25472,,Katsina_MASHI-DUTSI.pdf
Katsina,MASHI/DUTSI,FC/202/KT,7,MUSTAPHA ABDULLAHI GUSAU,M,PPN,33,,Katsina_MASHI-DUTSI.pdf
Katsina,MATAZU/MUSAWA,FC/203/KT,1,AHMED USMAN LIMAN,MALE,APC,52767,DECLARED ELECTED,Katsina_MATAZU-MUSAWA.pdf
Katsina,MATAZU/MUSAWA,FC/203/KT,2,SADA ABDULLAHI,MALE,PDP,21971,,Katsina_MATAZU-MUSAWA.pdf
Katsina,ZANGO/BAURE,FC/204/KT,1,SANI ALI,MALE,A,334,,Katsina_ZANGO-BAURE.pdf
Katsina,ZANGO/BAURE,FC/204/KT,2,IBRAHIM,MALE,ABP,7,,Katsina_ZANGO-BAURE.pdf
Katsina,ZANGO/BAURE,FC/204/KT,3,NASIRU SANI ZANGON DAURA,MALE,APC,54765,DECLARED ELECTED,Katsina_ZANGO-BAURE.pdf
Katsina,ZANGO/BAURE,FC/204/KT,4,SALISU ABUBAKAR,MALE,DA,22,,Katsina_ZANGO-BAURE.pdf
Katsina,ZANGO/BAURE,FC/204/KT,5,SANI ADO YANDUNA,MALE,PDP,26660,,Katsina_ZANGO-BAURE.pdf
Katsina,ZANGO/BAURE,FC/204/KT,6,MOHAMMED HAMISU,MALE,PPN,28,,Katsina_ZANGO-BAURE.pdf
Katsina,ZANGO/BAURE,FC/204/KT,7,ABDULAHI AHMADU,MALE,SDP,5,,Katsina_ZANGO-BAURE.pdf
Katsina,ZANGO/BAURE,FC/204/KT,8,LAWAL SHAMSUDDEEN MOHAMMED,MALE,UPC,2,,Katsina_ZANGO-BAURE.pdf
Kebbi,ALEIRO/GWANDU/JEGA,FC/209/KB,1,NURA SANI JEGA,M,AD,11,,Kebbi_ALEIRO-GWANDU-JEGA.pdf
Kebbi,ALEIRO/GWANDU/JEGA,FC/209/KB,2,JEGA MUHAMMAD UMAR,M,APC,81480,DECLARED ELECTED,Kebbi_ALEIRO-GWANDU-JEGA.pdf
Kebbi,ALEIRO/GWANDU/JEGA,FC/209/KB,3,SHEHU BABANGIDA,M,DA,25,,Kebbi_ALEIRO-GWANDU-JEGA.pdf
Kebbi,ALEIRO/GWANDU/JEGA,FC/209/KB,4,SAMAILA HARUNA JEGA,M,JMPP,9,,Kebbi_ALEIRO-GWANDU-JEGA.pdf
Kebbi,ALEIRO/GWANDU/JEGA,FC/209/KB,5,LADAN ALIYU,M,NCMP,18,,Kebbi_ALEIRO-GWANDU-JEGA.pdf
Kebbi,ALEIRO/GWANDU/JEGA,FC/209/KB,6,BELLO MUHAMMAD GWANDU,M,NRM,56,,Kebbi_ALEIRO-GWANDU-JEGA.pdf
Kebbi,ALEIRO/GWANDU/JEGA,FC/209/KB,7,HASSAN ABDULLAHI,M,PDM,56,,Kebbi_ALEIRO-GWANDU-JEGA.pdf
Kebbi,ALEIRO/GWANDU/JEGA,FC/209/KB,8,UMAR HALILU ALEIRU,M,PDP,27105,,Kebbi_ALEIRO-GWANDU-JEGA.pdf
Kebbi,ALEIRO/GWANDU/JEGA,FC/209/KB,9,MISBAHU YUSUF,M,PT,16,,Kebbi_ALEIRO-GWANDU-JEGA.pdf
Kebbi,ALEIRO/GWANDU/JEGA,FC/209/KB,10,HASSAN SHEHU DALIJAN,M,SNP,12,,Kebbi_ALEIRO-GWANDU-JEGA.pdf
Kebbi,AREWA/DANDI,FC/205/KB,1,SULEIMAN KANGIWA H.,M,APC,59224,DECLARED ELECTED,Kebbi_AREWA-DANDI-FC.pdf
Kebbi,AREWA/DANDI,FC/205/KB,2,BALA ABDULLAHI B.,M,PDP,18250,,Kebbi_AREWA-DANDI-FC.pdf
Kebbi,AREWA/DANDI,FC/205/KB,3,HASSAN DANDARE,M,APA,315,,Kebbi_AREWA-DANDI-FC.pdf
Kebbi,AREWA/DANDI,FC/205/KB,4,BALA NURA EINGILLA,M,NRM,77,,Kebbi_AREWA-DANDI-FC.pdf
Kebbi,AREWA/DANDI,FC/205/KB,5,SAMAILA ADAMU,M,KP,67,,Kebbi_AREWA-DANDI-FC.pdf
Kebbi,AREWA/DANDI,FC/205/KB,6,BELLO SAIDU,M,JMPP,62,,Kebbi_AREWA-DANDI-FC.pdf
Kebbi,AREWA/DANDI,FC/205/KB,7,TUNGA ABDULLAHI USMAN,M,NPC,46,,Kebbi_AREWA-DANDI-FC.pdf
Kebbi,AREWA/DANDI,FC/205/KB,8,ISAKA HANAFI,M,HDP,33,,Kebbi_AREWA-DANDI-FC.pdf
Kebbi,AREWA/DANDI,FC/205/KB,1,SULEIMAN KANGIWA H.,M,APC,59224,DECLARED ELECTED,Kebbi_AREWA-DANDI.pdf
Kebbi,AREWA/DANDI,FC/205/KB,2,BALA ABDULLAHI B.,M,PDP,18250,,Kebbi_AREWA-DANDI.pdf
Kebbi,AREWA/DANDI,FC/205/KB,3,HASSAN DANDARE,M,APA,315,,Kebbi_AREWA-DANDI.pdf
Kebbi,AREWA/DANDI,FC/205/KB,4,BALA NURA EINGILLA,M,NRM,77,,Kebbi_AREWA-DANDI.pdf
Kebbi,AREWA/DANDI,FC/205/KB,5,SAMAILA ADAMU,M,KP,67,,Kebbi_AREWA-DANDI.pdf
Kebbi,AREWA/DANDI,FC/205/KB,6,BELLO SAIDU,M,JMPP,62,,Kebbi_AREWA-DANDI.pdf
Kebbi,AREWA/DANDI,FC/205/KB,7,TUNGA ABDULLAHI USMAN,M,NPC,46,,Kebbi_AREWA-DANDI.pdf
Kebbi,AREWA/DANDI,FC/205/KB,8,ISAKA HANAFI,M,HDP,33,,Kebbi_AREWA-DANDI.pdf
Kebbi,ARGUNGU/AUGIE,FC/206/KB,1,YUNUSA MUHAMMED,M,ADC,43,,Kebbi_ARGUNGU-AUGIE-FC.pdf
Kebbi,ARGUNGU/AUGIE,FC/206/KB,2,GARBA ALI DUNA,M,APA,180,,Kebbi_ARGUNGU-AUGIE-FC.pdf
Kebbi,ARGUNGU/AUGIE,FC/206/KB,3,BASHIR ISAH,M,APC,58270,DECLARED ELECTED,Kebbi_ARGUNGU-AUGIE-FC.pdf
Kebbi,ARGUNGU/AUGIE,FC/206/KB,4,IBRAHIM NAFIU,M,DA,33,,Kebbi_ARGUNGU-AUGIE-FC.pdf
Kebbi,ARGUNGU/AUGIE,FC/206/KB,5,USMAN ALI GIRIS,M,GPN,51,,Kebbi_ARGUNGU-AUGIE-FC.pdf
Kebbi,ARGUNGU/AUGIE,FC/206/KB,6,MUHAMMED ABDULLAHI,M,JMPP,21,,Kebbi_ARGUNGU-AUGIE-FC.pdf
Kebbi,ARGUNGU/AUGIE,FC/206/KB,7,NAJIBULLAH UMAR TAFIDA,M,PDP,27131,,Kebbi_ARGUNGU-AUGIE-FC.pdf
Kebbi,ARGUNGU/AUGIE,FC/206/KB,8,MUSTAPHA DALHATU,M,PT,23,,Kebbi_ARGUNGU-AUGIE-FC.pdf
Kebbi,ARGUNGU/AUGIE,FC/206/KB,9,YAKUBU ABDULLAHI,M,SDP,36,,Kebbi_ARGUNGU-AUGIE-FC.pdf
Kebbi,BAGUDU/SURU,FC/207/KB,1,MUHAMMAD BARMU A.,M,PDP,23415,,Kebbi_BAGUDO-SURU-FC.pdf
Kebbi,BAGUDU/SURU,FC/207/KB,2,BELLO A KAOJE,M,APC,49243,DECLARED ELECTED,Kebbi_BAGUDO-SURU-FC.pdf
Kebbi,BUNZA/BKEBBI/KALGO,FC/208/KB,1,SHEHU HASSAN,M,AA,10,,Kebbi_BUNZA-BKEBBI-KALGO.pdf
Kebbi,BUNZA/BKEBBI/KALGO,FC/208/KB,2,MUFTAHU HARUNA,M,AAP,74,,Kebbi_BUNZA-BKEBBI-KALGO.pdf
Kebbi,BUNZA/BKEBBI/KALGO,FC/208/KB,3,MUHAMMED IDRIS,M,ADC,49,,Kebbi_BUNZA-BKEBBI-KALGO.pdf
Kebbi,BUNZA/BKEBBI/KALGO,FC/208/KB,4,MUHAMMADU FARUK,M,APA,339,,Kebbi_BUNZA-BKEBBI-KALGO.pdf
Kebbi,BUNZA/BKEBBI/KALGO,FC/208/KB,5,MUHAMMED B. YAKUB,M,APC,107422,DECLARED ELECTED,Kebbi_BUNZA-BKEBBI-KALGO.pdf
Kebbi,BUNZA/BKEBBI/KALGO,FC/208/KB,6,ZAKARI ABDULLAHI,M,APP,212,,Kebbi_BUNZA-BKEBBI-KALGO.pdf
Kebbi,BUNZA/BKEBBI/KALGO,FC/208/KB,7,TARASA HAMZA SHEHU,M,DA,35,,Kebbi_BUNZA-BKEBBI-KALGO.pdf
Kebbi,BUNZA/BKEBBI/KALGO,FC/208/KB,8,UMAR ABUBAKAR MUHAMMAD,M,DPC,43,,Kebbi_BUNZA-BKEBBI-KALGO.pdf
Kebbi,BUNZA/BKEBBI/KALGO,FC/208/KB,9,ZAURO SHEHU BELLO,M,DPP,84,,Kebbi_BUNZA-BKEBBI-KALGO.pdf
Kebbi,BUNZA/BKEBBI/KALGO,FC/208/KB,10,LAWAL ISIYAKU,M,GNP,16,,Kebbi_BUNZA-BKEBBI-KALGO.pdf
Kebbi,BUNZA/BKEBBI/KALGO,FC/208/KB,11,ABUBAKAR IBRAHIM,M,KP,22,,Kebbi_BUNZA-BKEBBI-KALGO.pdf
Kebbi,BUNZA/BKEBBI/KALGO,FC/208/KB,12,BASIRU UMAR,M,NCMP,17,,Kebbi_BUNZA-BKEBBI-KALGO.pdf
Kebbi,BUNZA/BKEBBI/KALGO,FC/208/KB,13,SHEHU BELLO,F,NRM,144,,Kebbi_BUNZA-BKEBBI-KALGO.pdf
Kebbi,BUNZA/BKEBBI/KALGO,FC/208/KB,14,B/KEBBI UMAR,M,PDM,192,,Kebbi_BUNZA-BKEBBI-KALGO.pdf
Kebbi,BUNZA/BKEBBI/KALGO,FC/208/KB,15,BELLO ABBA MOHAMMED,M,PDP,27612,,Kebbi_BUNZA-BKEBBI-KALGO.pdf
Kebbi,BUNZA/BKEBBI/KALGO,FC/208/KB,16,BOYI AMINU,M,PPA,79,,Kebbi_BUNZA-BKEBBI-KALGO.pdf
Kebbi,BUNZA/BKEBBI/KALGO,FC/208/KB,17,YAHAYA ABDULLAHI,M,PPN,15,,Kebbi_BUNZA-BKEBBI-KALGO.pdf
Kebbi,BUNZA/BKEBBI/KALGO,FC/208/KB,18,ALIYU ALIYU,M,PT,11,,Kebbi_BUNZA-BKEBBI-KALGO.pdf
Kebbi,BUNZA/BKEBBI/KALGO,FC/208/KB,19,ABDULLAHI ABUBAKAR MUH'D,M,RP,22,,Kebbi_BUNZA-BKEBBI-KALGO.pdf
Kebbi,BUNZA/BKEBBI/KALGO,FC/208/KB,20,UMAIYA ALIYU LIMAN,M,SNP,25,,Kebbi_BUNZA-BKEBBI-KALGO.pdf
Kebbi,FAKAI/SAKABA/WASAGU/DANKO/ZURU,FC/211/KB,1,MUSA ABDULLAHI G.,M,ADC,75,,Kebbi_FAKAI-SAKABA-WASAGU-DANKO-ZURU.pdf
Kebbi,FAKAI/SAKABA/WASAGU/DANKO/ZURU,FC/211/KB,2,TUKURA KABIR IBRAHIM,M,APC,77542,DECLARED ELECTED,Kebbi_FAKAI-SAKABA-WASAGU-DANKO-ZURU.pdf
Kebbi,FAKAI/SAKABA/WASAGU/DANKO/ZURU,FC/211/KB,3,GELWASA MAMUDA GARBA,M,DA,63,,Kebbi_FAKAI-SAKABA-WASAGU-DANKO-ZURU.pdf
Kebbi,FAKAI/SAKABA/WASAGU/DANKO/ZURU,FC/211/KB,4,TAZURU MUSA,F,GPN,24,,Kebbi_FAKAI-SAKABA-WASAGU-DANKO-ZURU.pdf
Kebbi,FAKAI/SAKABA/WASAGU/DANKO/ZURU,FC/211/KB,5,ALH UMARU GARBA DAN,M,NRMP,14,,Kebbi_FAKAI-SAKABA-WASAGU-DANKO-ZURU.pdf
Kebbi,FAKAI/SAKABA/WASAGU/DANKO/ZURU,FC/211/KB,6,YAKUBU RIFKATU LAMI,F,NRM,44,,Kebbi_FAKAI-SAKABA-WASAGU-DANKO-ZURU.pdf
Kebbi,FAKAI/SAKABA/WASAGU/DANKO/ZURU,FC/211/KB,7,BALKISU MAGORO,F,PDP,36845,,Kebbi_FAKAI-SAKABA-WASAGU-DANKO-ZURU.pdf
Kebbi,FAKAI/SAKABA/WASAGU/DANKO/ZURU,FC/211/KB,8,IBRAHIM FAKI ABDULLAHI,M,PT,20,,Kebbi_FAKAI-SAKABA-WASAGU-DANKO-ZURU.pdf
Kebbi,KOKO/BESSE/MAIYAMA,FC/21/KB,1,MOHAMMED SHEHU,M,APC,42202,DECLARED ELECTED,Kebbi_KOKO-BESSE-MAIYAMA.pdf
Kebbi,KOKO/BESSE/MAIYAMA,FC/21/KB,2,BUNZA ABDULAZIZ AHMAD,M,DA,8,,Kebbi_KOKO-BESSE-MAIYAMA.pdf
Kebbi,KOKO/BESSE/MAIYAMA,FC/21/KB,3,UMAR SANUSI,M,NCMP,4,,Kebbi_KOKO-BESSE-MAIYAMA.pdf
Kebbi,KOKO/BESSE/MAIYAMA,FC/21/KB,4,BALA SAFIYANU KOKO,M,NRM,8,,Kebbi_KOKO-BESSE-MAIYAMA.pdf
Kebbi,KOKO/BESSE/MAIYAMA,FC/21/KB,5,MOHAMMED,M,PDM,97,,Kebbi_KOKO-BESSE-MAIYAMA.pdf
Kebbi,KOKO/BESSE/MAIYAMA,FC/21/KB,6,AMINU MUSA KOKO,M,PDP,5591,,Kebbi_KOKO-BESSE-MAIYAMA.pdf
Kebbi,KOKO/BESSE/MAIYAMA,FC/21/KB,7,KOKO SALISU GARBA,M,SDP,22015,,Kebbi_KOKO-BESSE-MAIYAMA.pdf
Kebbi,NGASKI/SHANGA/YAURI,FC/21/KB,1,KABIRU UMAR YELWA,M,ANDP,19,,Kebbi_NGASKI-SHANGA-YAURI.pdf
Kebbi,NGASKI/SHANGA/YAURI,FC/21/KB,2,YUSUF TANKO SUNUNU,M,APC,59298,DECLARED ELECTED,Kebbi_NGASKI-SHANGA-YAURI.pdf
Kebbi,NGASKI/SHANGA/YAURI,FC/21/KB,3,BARAMA ALIYU USMAN,M,DA,51,,Kebbi_NGASKI-SHANGA-YAURI.pdf
Kebbi,NGASKI/SHANGA/YAURI,FC/21/KB,4,ATIKU YAKUBU ALKALI,M,GPN,41,,Kebbi_NGASKI-SHANGA-YAURI.pdf
Kebbi,NGASKI/SHANGA/YAURI,FC/21/KB,5,NASIRU IBRAHIM,M,JMPP,26,,Kebbi_NGASKI-SHANGA-YAURI.pdf
Kebbi,NGASKI/SHANGA/YAURI,FC/21/KB,6,MOHAMMED,M,PDM,70,,Kebbi_NGASKI-SHANGA-YAURI.pdf
Kebbi,NGASKI/SHANGA/YAURI,FC/21/KB,7,AHMED HALIRU DUGU,M,PDP,25316,,Kebbi_NGASKI-SHANGA-YAURI.pdf
Kebbi,NGASKI/SHANGA/YAURI,FC/21/KB,8,RUKAYYA HASHIM,F,PT,37,,Kebbi_NGASKI-SHANGA-YAURI.pdf
Kogi,AJAOKUTA,FC/218/KG,1,YUSUF BRIDGET,FEMALE,A,2,,Kogi_AJAOKUTA.pdf
Kogi,AJAOKUTA,FC/218/KG,2,ALIYU IDRIS,MALE,ACPN,1,,Kogi_AJAOKUTA.pdf
Kogi,AJAOKUTA,FC/218/KG,3,KADIR SHEHU TIJANI,MALE,ADC,76,,Kogi_AJAOKUTA.pdf
Kogi,AJAOKUTA,FC/218/KG,4,IDRIS AWAL MOH'D,MALE,APC,12796,ELECTED,Kogi_AJAOKUTA.pdf
Kogi,AJAOKUTA,FC/218/KG,6,EKPE MEMUNAT F.,FEMALE,APM,5,,Kogi_AJAOKUTA.pdf
Kogi,AJAOKUTA,FC/218/KG,7,JOSEPH OLUSEGUN,MALE,CAP,2,,Kogi_AJAOKUTA.pdf
Kogi,AJAOKUTA,FC/218/KG,8,SHAIBU JOSEPH A.,MALE,DA,1,,Kogi_AJAOKUTA.pdf
Kogi,AJAOKUTA,FC/218/KG,9,USMAN FARUK,MALE,DPP,3,,Kogi_AJAOKUTA.pdf
Kogi,AJAOKUTA,FC/218/KG,10,JIMOH AMINA,FEMALE,LP,8,,Kogi_AJAOKUTA.pdf
Kogi,AJAOKUTA,FC/218/KG,11,OJONO ADEZA A.,MALE,PDP,10891,,Kogi_AJAOKUTA.pdf
Kogi,AJAOKUTA,FC/218/KG,13,ABDULMUMUNI KARIM,MALE,PT,14,,Kogi_AJAOKUTA.pdf
Kogi,AJAOKUTA,FC/218/KG,14,SHEID AVIDIME M.,MALE,UPC,2,,Kogi_AJAOKUTA.pdf
Kogi,AJAOKUTA,FC/218/KG,15,JIMON,MALE,,,,Kogi_AJAOKUTA.pdf
Kogi,AJAOKUTA,FC/218/KG,17,ABDUL RAHEEM .H.,FEMALE,UPP,1,,Kogi_AJAOKUTA.pdf
Kogi,AJAOKUTA,FC/218/KG,18,OMAYOZA,MALE,,,,Kogi_AJAOKUTA.pdf
Kogi,ANKPA/OMALA,FC/214/KG,1,MOHAMMED IBRAHIM IDRIS,MALE,A,1979,,Kogi_ANKPA.pdf
Kogi,ANKPA/OMALA,FC/214/KG,2,ONUA EMMANUEL ATTAH,MALE,ACPN,47,,Kogi_ANKPA.pdf
Kogi,ANKPA/OMALA,FC/214/KG,3,HASSAN OMALE ATAYOWA,MALE,ADC,8349,,Kogi_ANKPA.pdf
Kogi,ANKPA/OMALA,FC/214/KG,4,AUDU EMINENCE ENEMONA A,MALE,ANN,141,,Kogi_ANKPA.pdf
Kogi,ANKPA/OMALA,FC/214/KG,5,ALI ABDULLAHI IBRAHIM,MALE,APC,38398,ELECTED,Kogi_ANKPA.pdf
Kogi,ANKPA/OMALA,FC/214/KG,6,OTENE ANIBE AUTEEN,MALE,APDA,1424,,Kogi_ANKPA.pdf
Kogi,ANKPA/OMALA,FC/214/KG,7,SALEH ZAKARI,MALE,APM,70,,Kogi_ANKPA.pdf
Kogi,ANKPA/OMALA,FC/214/KG,8,ARWAAJO TIJANI,MALE,DA,28,,Kogi_ANKPA.pdf
Kogi,ANKPA/OMALA,FC/214/KG,9,ABU UMARU,MALE,DPP,22,,Kogi_ANKPA.pdf
Kogi,ANKPA/OMALA,FC/214/KG,10,ONAJI SUNDAY FRANK,MALE,GD,11,,Kogi_ANKPA.pdf
Kogi,ANKPA/OMALA,FC/214/KG,11,YUSUF SOLOMON OJOCHENEN,MALE,JMPP,92,,Kogi_ANKPA.pdf
Kogi,ANKPA/OMALA,FC/214/KG,12,OGBEJE PETER MICHAEL,MALE,KP,21,,Kogi_ANKPA.pdf
Kogi,ANKPA/OMALA,FC/214/KG,13,OGBANAG D MUHAMMED J,MALE,LP,414,,Kogi_ANKPA.pdf
Kogi,ANKPA/OMALA,FC/214/KG,14,MUHAMMED KHALID,MALE,MPN,162,,Kogi_ANKPA.pdf
Kogi,ANKPA/OMALA,FC/214/KG,15,HUDU ALI,MALE,NCP,65,,Kogi_ANKPA.pdf
Kogi,ANKPA/OMALA,FC/214/KG,16,HABIBA MUHAMMED DEEN,FEMALE,PDP,26845,,Kogi_ANKPA.pdf
Kogi,ANKPA/OMALA,FC/214/KG,17,AUDU ENEMONA,MALE,PT,36,,Kogi_ANKPA.pdf
Kogi,ANKPA/OMALA,FC/214/KG,18,OJONUGWA BABA,MALE,SDP,859,,Kogi_ANKPA.pdf
Kogi,ANKPA/OMALA,FC/214/KG,19,AGALA OJONUGWA,MALE,UPC,7,,Kogi_ANKPA.pdf
Kogi,ANKPA/OMALA,FC/214/KG,20,OCHIKA MARY,FEMALE,UPP,6,,Kogi_ANKPA.pdf
Kogi,IBAJI/IDAH/IGALAMELA-ODOLU,FC/216/KG,1,EGBUNU AMANABO YUSUF,MALE,A,371,,Kogi_IDAH.pdf
Kogi,IBAJI/IDAH/IGALAMELA-ODOLU,FC/216/KG,2,AROME ALIYU AUDU,MALE,ADC,6506,,Kogi_IDAH.pdf
Kogi,IBAJI/IDAH/IGALAMELA-ODOLU,FC/216/KG,3,ENEMAKU GABRIEL ONUCHE,MALE,ANDP,44,,Kogi_IDAH.pdf
Kogi,IBAJI/IDAH/IGALAMELA-ODOLU,FC/216/KG,4,ZACHARIAS DAVID IDRIS,MALE,APC,44884,ELECTED,Kogi_IDAH.pdf
Kogi,IBAJI/IDAH/IGALAMELA-ODOLU,FC/216/KG,5,OGAH MARK OKPANACHI,MALE,APDA,1624,,Kogi_IDAH.pdf
Kogi,IBAJI/IDAH/IGALAMELA-ODOLU,FC/216/KG,6,IBRAHIM ISAH,MALE,APGA,1305,,Kogi_IDAH.pdf
Kogi,IBAJI/IDAH/IGALAMELA-ODOLU,FC/216/KG,7,IDRIS A. YUSUF,MALE,APM,69,,Kogi_IDAH.pdf
Kogi,IBAJI/IDAH/IGALAMELA-ODOLU,FC/216/KG,8,SALFU MOSES,MALE,DA,28,,Kogi_IDAH.pdf
Kogi,IBAJI/IDAH/IGALAMELA-ODOLU,FC/216/KG,9,ATTAH JOSEPH OJONE,MALE,DPP,24,,Kogi_IDAH.pdf
Kogi,IBAJI/IDAH/IGALAMELA-ODOLU,FC/216/KG,10,IBRAHIM YAHAYA A.,MALE,LP,30,,Kogi_IDAH.pdf
Kogi,IBAJI/IDAH/IGALAMELA-ODOLU,FC/216/KG,11,AYIKOYE EMMANUEL OMALE,MALE,MPN,189,,Kogi_IDAH.pdf
Kogi,IBAJI/IDAH/IGALAMELA-ODOLU,FC/216/KG,12,ITANYI VICTOR UGBEDE,MALE,MRDD,21,,Kogi_IDAH.pdf
Kogi,IBAJI/IDAH/IGALAMELA-ODOLU,FC/216/KG,13,JOSEPH SIMON A.,MALE,NCP,87,,Kogi_IDAH.pdf
Kogi,IBAJI/IDAH/IGALAMELA-ODOLU,FC/216/KG,14,EGWU EMMANUEL MAKOJI,MALE,PDP,27315,,Kogi_IDAH.pdf
Kogi,IBAJI/IDAH/IGALAMELA-ODOLU,FC/216/KG,15,ALEGI OJONIMI GODSPOWER,MALE,PPN,98,,Kogi_IDAH.pdf
Kogi,IBAJI/IDAH/IGALAMELA-ODOLU,FC/216/KG,16,JIBRIL LUKMAN,MALE,PT,17,,Kogi_IDAH.pdf
Kogi,IBAJI/IDAH/IGALAMELA-ODOLU,FC/216/KG,17,ABDULLAHI ABRAHAM OJODALE,MALE,SDP,1610,,Kogi_IDAH.pdf
Kogi,IBAJI/IDAH/IGALAMELA-ODOLU,FC/216/KG,18,ADAMA MUHAMMED MUSA,MALE,SNP,41,,Kogi_IDAH.pdf
Kogi,IBAJI/IDAH/IGALAMELA-ODOLU,FC/216/KG,19,SHAIBU USMAN OJIH,MALE,UPC,11,,Kogi_IDAH.pdf
Kogi,IBAJI/IDAH/IGALAMELA-ODOLU,FC/216/KG,20,IBRAHIM MUSA,MALE,UPP,16,,Kogi_IDAH.pdf
Kogi,IBAJI/IDAH/IGALAMELA-ODOLU,FC/216/KG,21,ADELE LUCKY USMAN,MALE,YDP,29,,Kogi_IDAH.pdf
Kogi,LOKOJA,FC/219/KG,1,USMAN RABI MUHAMMED,FEMALE,A,22,,Kogi_LOKOJA.pdf
Kogi,LOKOJA,FC/219/KG,2,ABDULLAHI GARBA BAKO,MALE,AD,49,,Kogi_LOKOJA.pdf
Kogi,LOKOJA,FC/219/KG,3,JONATHAN ZACCHAEUS,MALE,ADC,402,,Kogi_LOKOJA.pdf
Kogi,LOKOJA,FC/219/KG,4,NDAKWO TANKO ABDULRAHMAN,MALE,ADP,94,,Kogi_LOKOJA.pdf
Kogi,LOKOJA,FC/219/KG,5,ISAH ABDULKAREEM USMAN,MALE,APC,37356,ELECTED,Kogi_LOKOJA.pdf
Kogi,LOKOJA,FC/219/KG,6,ZAKARI IBRAHIM,MALE,APM,8,,Kogi_LOKOJA.pdf
Kogi,LOKOJA,FC/219/KG,7,HAMZA IBRAHIM JANSIRAJ,MALE,DA,3,,Kogi_LOKOJA.pdf
Kogi,LOKOJA,FC/219/KG,8,LAWAL ABUBAKKAR ALIU,MALE,DPP,26,,Kogi_LOKOJA.pdf
Kogi,LOKOJA,FC/219/KG,9,IBRAHIM KHADIJAT DEDE,FEMALE,LP,20,,Kogi_LOKOJA.pdf
Kogi,LOKOJA,FC/219/KG,10,USMAN BELLO,MALE,MPN,3,,Kogi_LOKOJA.pdf
Kogi,LOKOJA,FC/219/KG,11,WAMBEBE AILUKA GODWIN,MALE,NCP,38,,Kogi_LOKOJA.pdf
Kogi,LOKOJA,FC/219/KG,12,IBRAHIM SHABA ISAH,MALE,PDP,33662,,Kogi_LOKOJA.pdf
Kogi,LOKOJA,FC/219/KG,13,YAKUBU SHUAIBU,MALE,PPN,2,,Kogi_LOKOJA.pdf
Kogi,LOKOJA,FC/219/KG,14,ALI MUHAMMED,MALE,PT,5,,Kogi_LOKOJA.pdf
Kogi,LOKOJA,FC/219/KG,15,ABDULLAHI BABA ABDUL,MALE,SNP,403,,Kogi_LOKOJA.pdf
Kogi,LOKOJA,FC/219/KG,16,AHMEDU AMINU,MALE,UPC,4,,Kogi_LOKOJA.pdf
Kogi,LOKOJA,FC/219/KG,17,ADOGA TOSIN FAITH,FEMALE,UPP,4,,Kogi_LOKOJA.pdf
Kogi,OKENE/OGORIMAGONGO,FC/220/KG,1,ALIYU RUKAYAT,FEMALE,A,6,,Kogi_OKENE.pdf
Kogi,OKENE/OGORIMAGONGO,FC/220/KG,2,IYELA SHEGUN,MALE,ACPN,19,,Kogi_OKENE.pdf
Kogi,OKENE/OGORIMAGONGO,FC/220/KG,3,OHUGERI .I. SUBERU,MALE,ADC,161,,Kogi_OKENE.pdf
Kogi,OKENE/OGORIMAGONGO,FC/220/KG,4,SALAWU IDRIS,MALE,ADP,28,,Kogi_OKENE.pdf
Kogi,OKENE/OGORIMAGONGO,FC/220/KG,5,OTUSHE PAUL MICHAEL,MALE,ANDP,11,,Kogi_OKENE.pdf
Kogi,OKENE/OGORIMAGONGO,FC/220/KG,6,YUSUF AHMED TIJANI,MALE,APC,371997,,Kogi_OKENE.pdf
Kogi,OKENE/OGORIMAGONGO,FC/220/KG,7,MOHAMMED OZIOGU JINOH,MALE,APM,114,,Kogi_OKENE.pdf
Kogi,OKENE/OGORIMAGONGO,FC/220/KG,8,SANI-OMOLORI ASMAU-GOGO,FEMALE,APN,8,,Kogi_OKENE.pdf
Kogi,OKENE/OGORIMAGONGO,FC/220/KG,9,ATEKE BESTY IDIMIBE,FEMALE,CAP,10,,Kogi_OKENE.pdf
Kogi,OKENE/OGORIMAGONGO,FC/220/KG,10,TEKARON OSIGBODI,MALE,DA,4,,Kogi_OKENE.pdf
Kogi,OKENE/OGORIMAGONGO,FC/220/KG,11,OVAYIOZA BASHIR ZAINAB,FEMALE,DPP,6,,Kogi_OKENE.pdf
Kogi,OKENE/OGORIMAGONGO,FC/220/KG,12,BELLO JOY MAFO LAMI,FEMALE,LP,32,,Kogi_OKENE.pdf
Kogi,OKENE/OGORIMAGONGO,FC/220/KG,13,MOHAMMED AWAL ABDUSALAM,MALE,MPN,8857,,Kogi_OKENE.pdf
Kogi,OKENE/OGORIMAGONGO,FC/220/KG,14,ISAH SUKA MOHAMMAD,MALE,PDP,17,,Kogi_OKENE.pdf
Kogi,OKENE/OGORIMAGONGO,FC/220/KG,15,ANTHONY ARONMOSI ANIMASHAUN,MALE,PPN,93,,Kogi_OKENE.pdf
Kogi,OKENE/OGORIMAGONGO,FC/220/KG,16,SUNDAY DENNIS OZOMATA,MALE,PRP,6,,Kogi_OKENE.pdf
Kogi,OKENE/OGORIMAGONGO,FC/220/KG,17,OJURUBE HADI,MALE,PT,2820,,Kogi_OKENE.pdf
Kogi,OKENE/OGORIMAGONGO,FC/220/KG,18,ROSEMARY HOIEZU,FEMALE,SDP,2,,Kogi_OKENE.pdf
Kogi,OKENE/OGORIMAGONGO,FC/220/KG,19,ABUBAKAR NANA,FEMALE,UPC,116,,Kogi_OKENE.pdf
Kogi,OKENE/OGORIMAGONGO,FC/220/KG,20,ONUSAGBA A. JAMIU,MALE,YDP,0,,Kogi_OKENE.pdf
Kogi,YAGBA EAST,FC/221/KG,1,JONATHAN AYOKUNLE OLUSHOLA,MALE,A,41,,Kogi_YAGBA-EAST.pdf
Kogi,YAGBA EAST,FC/221/KG,2,SOMIDIRE COMFORT,FEMALE,ACPN,16,,Kogi_YAGBA-EAST.pdf
Kogi,YAGBA EAST,FC/221/KG,3,LEKE JOSEPH ADEJIDE,MALE,ADC,17548,ELECTED,Kogi_YAGBA-EAST.pdf
Kogi,YAGBA EAST,FC/221/KG,4,ABIMBOLA HENRY TUESDAY,MALE,APC,12399,,Kogi_YAGBA-EAST.pdf
Kogi,YAGBA EAST,FC/221/KG,5,BALOGUN BLESSING O,FEMALE,APM,22,,Kogi_YAGBA-EAST.pdf
Kogi,YAGBA EAST,FC/221/KG,6,YUSUF MARY OLUWATOYIN,FEMALE,DA,14,,Kogi_YAGBA-EAST.pdf
Kogi,YAGBA EAST,FC/221/KG,7,ISAH SAIDU,MALE,LP,6,,Kogi_YAGBA-EAST.pdf
Kogi,YAGBA EAST,FC/221/KG,8,OLUROPO ODOFIN AUGUSTINE,MALE,MPN,66,,Kogi_YAGBA-EAST.pdf
Kogi,YAGBA EAST,FC/221/KG,9,FABOLA BOLA JAMES,MALE,PDP,11628,,Kogi_YAGBA-EAST.pdf
Kogi,YAGBA EAST,FC/221/KG,10,ADEBAYO KENNETH A.,MALE,PPC,73,,Kogi_YAGBA-EAST.pdf
Kogi,YAGBA EAST,FC/221/KG,11,ATTEH OLADIMEJI,MALE,PPN,16,,Kogi_YAGBA-EAST.pdf
Kogi,YAGBA EAST,FC/221/KG,12,ABDURAFIU ISMAIL,MALE,PT,1,,Kogi_YAGBA-EAST.pdf
Kogi,YAGBA EAST,FC/221/KG,13,SELAIYE OLUWAFEMI D.,MALE,SDP,1022,,Kogi_YAGBA-EAST.pdf
Kogi,YAGBA EAST,FC/221/KG,14,OMOLE DAVID B.,MALE,UPC,1,,Kogi_YAGBA-EAST.pdf
Kogi,YAGBA EAST,FC/221/KG,15,OMOWAIYE ETE A.,MALE,UPP,3,,Kogi_YAGBA-EAST.pdf
Kwara,BARUTEN/KAIAMA,FC/222/KW,1,ISHAQ SIANO SABI,M,A,7,,Kwara_BarutenKaiama.pdf
Kwara,BARUTEN/KAIAMA,FC/222/KW,2,MOHAMMED ILIYASU,M,AA,14,,Kwara_BarutenKaiama.pdf
Kwara,BARUTEN/KAIAMA,FC/222/KW,3,MOHAMMED ZELIAT,F,ACPN,66,,Kwara_BarutenKaiama.pdf
Kwara,BARUTEN/KAIAMA,FC/222/KW,4,MUHAMMED OMAR BIO,M,APC,37914,DECLARED ELECTED,Kwara_BarutenKaiama.pdf
Kwara,BARUTEN/KAIAMA,FC/222/KW,5,SALIHU ABDULRAHMAN,M,APN,74,,Kwara_BarutenKaiama.pdf
Kwara,BARUTEN/KAIAMA,FC/222/KW,6,SALAMI JUMOKE,M,DA,19,,Kwara_BarutenKaiama.pdf
Kwara,BARUTEN/KAIAMA,FC/222/KW,7,SHERO MOHAMMED,M,LP,13,,Kwara_BarutenKaiama.pdf
Kwara,BARUTEN/KAIAMA,FC/222/KW,8,ABUBAKAR MUSA,F,PDP,14476,,Kwara_BarutenKaiama.pdf
Kwara,BARUTEN/KAIAMA,FC/222/KW,9,BARUTEN KAIAMA,M,PPN,41,,Kwara_BarutenKaiama.pdf
Kwara,BARUTEN/KAIAMA,FC/222/KW,10,HASSAN MAUZU,M,PT,135,,Kwara_BarutenKaiama.pdf
Kwara,BARUTEN/KAIAMA,FC/222/KW,11,MUDASHIRU ALIYU .A,M,SDP,23,,Kwara_BarutenKaiama.pdf
Kwara,EDU/MORO/PATEGI,FC/223/KW,1,FAYEYE ADEBAYO HENRY SEYE,M,AA,21,,Kwara_EduMoroPategi.pdf
Kwara,EDU/MORO/PATEGI,FC/223/KW,2,BABA AHMED,M,ACPN,112,,Kwara_EduMoroPategi.pdf
Kwara,EDU/MORO/PATEGI,FC/223/KW,3,DIKKO YUNUSA LIMAN,F,ADC,130,,Kwara_EduMoroPategi.pdf
Kwara,EDU/MORO/PATEGI,FC/223/KW,4,YAHAYA MOHAMMED,M,ANP,185,,Kwara_EduMoroPategi.pdf
Kwara,EDU/MORO/PATEGI,FC/223/KW,5,AHMED ABUBAKAR NDAKENNE,M,APC,58045,DECLARED ELECTED,Kwara_EduMoroPategi.pdf
Kwara,EDU/MORO/PATEGI,FC/223/KW,6,IBRAHIM MOHAMMED LADAN,M,APN,108,,Kwara_EduMoroPategi.pdf
Kwara,EDU/MORO/PATEGI,FC/223/KW,7,BALOGUN OLALEKAN,M,DA,17,,Kwara_EduMoroPategi.pdf
Kwara,EDU/MORO/PATEGI,FC/223/KW,8,KAWU ALIYU B.,F,LP,13,,Kwara_EduMoroPategi.pdf
Kwara,EDU/MORO/PATEGI,FC/223/KW,9,HASSAN MAHMUD BABAKO,M,PDP,19144,,Kwara_EduMoroPategi.pdf
Kwara,EDU/MORO/PATEGI,FC/223/KW,10,JIBRIL IBRAHIM,M,PPA,98,,Kwara_EduMoroPategi.pdf
Kwara,EDU/MORO/PATEGI,FC/223/KW,11,JAIYEOLA DEBORAH MOTUNRAYO,F,PPN,38,,Kwara_EduMoroPategi.pdf
Kwara,EDU/MORO/PATEGI,FC/223/KW,12,FEMI AYANNIYI BELLO,M,PT,254,,Kwara_EduMoroPategi.pdf
Kwara,EDU/MORO/PATEGI,FC/223/KW,13,RASAQ JIMOH AYODELE,M,RP,24,,Kwara_EduMoroPategi.pdf
Kwara,EDU/MORO/PATEGI,FC/223/KW,14,GIDEON SABA YISA,M,SDP,18,,Kwara_EduMoroPategi.pdf
Kwara,EKITI/ISIN/IREPODUN/OKE-ERO,FC/224/KW,1,OLUYEYE BOLA TITI,M,AA,12,,Kwara_EkitiIsinIrepodunOkeEro.pdf
Kwara,EKITI/ISIN/IREPODUN/OKE-ERO,FC/224/KW,2,ABDULRAHEEM OLANIYI JIMOH,M,ACPN,91,,Kwara_EkitiIsinIrepodunOkeEro.pdf
Kwara,EKITI/ISIN/IREPODUN/OKE-ERO,FC/224/KW,3,OLAYINKA KAMARDEEN KADIRI,F,ADC,270,,Kwara_EkitiIsinIrepodunOkeEro.pdf
Kwara,EKITI/ISIN/IREPODUN/OKE-ERO,FC/224/KW,4,BAMIDELE GABRIEL ADE,M,ANP,84,,Kwara_EkitiIsinIrepodunOkeEro.pdf
Kwara,EKITI/ISIN/IREPODUN/OKE-ERO,FC/224/KW,5,OLAWUYI ABDULRAHEEM OLATUNJI,M,APC,33386,DECLARED ELECTED,Kwara_EkitiIsinIrepodunOkeEro.pdf
Kwara,EKITI/ISIN/IREPODUN/OKE-ERO,FC/224/KW,6,IDRIS ABDULLAHI A,M,APN,91,,Kwara_EkitiIsinIrepodunOkeEro.pdf
Kwara,EKITI/ISIN/IREPODUN/OKE-ERO,FC/224/KW,7,DADA OLUBUNMI LOVETH,M,DA,6,,Kwara_EkitiIsinIrepodunOkeEro.pdf
Kwara,EKITI/ISIN/IREPODUN/OKE-ERO,FC/224/KW,8,OWOLABI SAMUEL KAYODE,F,FRESH,9,,Kwara_EkitiIsinIrepodunOkeEro.pdf
Kwara,EKITI/ISIN/IREPODUN/OKE-ERO,FC/224/KW,9,OBAFAYE SAMUEL AYODELE,M,JMPP,11,,Kwara_EkitiIsinIrepodunOkeEro.pdf
Kwara,EKITI/ISIN/IREPODUN/OKE-ERO,FC/224/KW,10,OBAYOMI OTUNBA OWOLABI J. OLABODE,M,LP,10,,Kwara_EkitiIsinIrepodunOkeEro.pdf
Kwara,EKITI/ISIN/IREPODUN/OKE-ERO,FC/224/KW,11,ATOLAGBE BOSEDE ODUNOLA,F,PDC,95,,Kwara_EkitiIsinIrepodunOkeEro.pdf
Kwara,EKITI/ISIN/IREPODUN/OKE-ERO,FC/224/KW,12,DARE BANKOLE,M,PDP,26954,,Kwara_EkitiIsinIrepodunOkeEro.pdf
Kwara,EKITI/ISIN/IREPODUN/OKE-ERO,FC/224/KW,13,BOLADALE QUADRI RAFIU,M,PPN,25,,Kwara_EkitiIsinIrepodunOkeEro.pdf
Kwara,EKITI/ISIN/IREPODUN/OKE-ERO,FC/224/KW,14,SULEIMAN TOYIN FOLORUNSHO,M,PT,229,,Kwara_EkitiIsinIrepodunOkeEro.pdf
Kwara,EKITI/ISIN/IREPODUN/OKE-ERO,FC/224/KW,15,MAKANJUOLA JULIUS,M,SDP,15,,Kwara_EkitiIsinIrepodunOkeEro.pdf
Kwara,EKITI/ISIN/IREPODUN/OKE-ERO,FC/224/KW,16,OLANIYAN TAIYE AYORINDE,M,UPN,3,,Kwara_EkitiIsinIrepodunOkeEro.pdf
Kwara,IFELODUN/OFFA/OYUN,FC/227/KW,1,ABDULFATAI ABDULRAZAK IRANLOYE,M,AA,142,,Kwara_IfelodunOffaOyun.pdf
Kwara,IFELODUN/OFFA/OYUN,FC/227/KW,2,OLOBI MUFUTAU K.O.,F,ACPN,58,,Kwara_IfelodunOffaOyun.pdf
Kwara,IFELODUN/OFFA/OYUN,FC/227/KW,3,ADEKUNLE ADEYEMI SAHEED,M,ADC,76,,Kwara_IfelodunOffaOyun.pdf
Kwara,IFELODUN/OFFA/OYUN,FC/227/KW,4,KEHINDE JIMOH LATEEF,M,ANP,233,,Kwara_IfelodunOffaOyun.pdf
Kwara,IFELODUN/OFFA/OYUN,FC/227/KW,5,TIJANI KAYODE ISMAIL,M,APC,54410,DECLARED ELECTED,Kwara_IfelodunOffaOyun.pdf
Kwara,IFELODUN/OFFA/OYUN,FC/227/KW,6,OLUWATOYIN AMOD OWOLABI,M,APN,134,,Kwara_IfelodunOffaOyun.pdf
Kwara,IFELODUN/OFFA/OYUN,FC/227/KW,7,MUSTAPHA MUSBAU ABIODUN,M,DA,14,,Kwara_IfelodunOffaOyun.pdf
Kwara,IFELODUN/OFFA/OYUN,FC/227/KW,8,GIWA SALIHU MUHEDDEEN,M,LP,19,,Kwara_IfelodunOffaOyun.pdf
Kwara,IFELODUN/OFFA/OYUN,FC/227/KW,9,ALABI MICHEAL KAYODE,M,NCP,9,,Kwara_IfelodunOffaOyun.pdf
Kwara,IFELODUN/OFFA/OYUN,FC/227/KW,10,OLARINOYE TOPE OLAYONU,M,PDP,19449,,Kwara_IfelodunOffaOyun.pdf
Kwara,IFELODUN/OFFA/OYUN,FC/227/KW,11,OLADIPO RUTH OMOLADE,F,PPN,23,,Kwara_IfelodunOffaOyun.pdf
Kwara,IFELODUN/OFFA/OYUN,FC/227/KW,12,AFOLABI FEMI,M,PT,267,,Kwara_IfelodunOffaOyun.pdf
Kwara,IFELODUN/OFFA/OYUN,FC/227/KW,13,KOLAWOLE ZECHARIAH .O,M,SDP,16,,Kwara_IfelodunOffaOyun.pdf
Kwara,IFELODUN/OFFA/OYUN,FC/227/KW,14,ADEKEYE OLUWAYOMI FUNSHO,M,UPN,13,,Kwara_IfelodunOffaOyun.pdf
Kwara,ILORIN WEST/ASA,FC/226/KW,1,IMAM ABDULRASHEED,M,A,37,,Kwara_ILORIN-WEST-ASA.pdf
Kwara,ILORIN WEST/ASA,FC/226/KW,2,ADEBAYO Y AKANBI LAWAL,M,AA,99,,Kwara_ILORIN-WEST-ASA.pdf
Kwara,ILORIN WEST/ASA,FC/226/KW,3,JIMOH HASSAN,M,ACPN,199,,Kwara_ILORIN-WEST-ASA.pdf
Kwara,ILORIN WEST/ASA,FC/226/KW,4,ABDULHAMEED HAFSAT BADA,F,ADC,83,,Kwara_ILORIN-WEST-ASA.pdf
Kwara,ILORIN WEST/ASA,FC/226/KW,5,TOYIN ABDULRASHEED SAKA,M,ANP,147,,Kwara_ILORIN-WEST-ASA.pdf
Kwara,ILORIN WEST/ASA,FC/226/KW,6,ALAJAGUSI ABDULYEKEEN SADIQ,M,APC,68585,DECLARED ELECTED,Kwara_ILORIN-WEST-ASA.pdf
Kwara,ILORIN WEST/ASA,FC/226/KW,7,OLADIPUPO ALIYU ZULUGAMBARI,M,APN,60,,Kwara_ILORIN-WEST-ASA.pdf
Kwara,ILORIN WEST/ASA,FC/226/KW,8,OLUSOLA OLUFEMI BENJAMIN,M,DA,8,,Kwara_ILORIN-WEST-ASA.pdf
Kwara,ILORIN WEST/ASA,FC/226/KW,9,LAWAL RAFAT,F,LP,12,,Kwara_ILORIN-WEST-ASA.pdf
Kwara,ILORIN WEST/ASA,FC/226/KW,10,ABDULRAZAQ MOHAMMED LAWAL,M,PDP,42068,,Kwara_ILORIN-WEST-ASA.pdf
Kwara,ILORIN EAST/ILORIN SOUTH,FC/225/KW,1,HASSAN ABDUKADIR,M,A,26,,Kwara_IlorinEastIlorin-South.pdf
Kwara,ILORIN EAST/ILORIN SOUTH,FC/225/KW,2,MOGAJI AISHAT MOPELOLA,F,AA,117,,Kwara_IlorinEastIlorin-South.pdf
Kwara,ILORIN EAST/ILORIN SOUTH,FC/225/KW,3,YUSUF ABDULATEEF,M,ACPN,118,,Kwara_IlorinEastIlorin-South.pdf
Kwara,ILORIN EAST/ILORIN SOUTH,FC/225/KW,4,ABDULLATEEF SULYMAN,M,ADC,100,,Kwara_IlorinEastIlorin-South.pdf
Kwara,ILORIN EAST/ILORIN SOUTH,FC/225/KW,5,LAWAL BANDEGARAJE HAKEEM,M,ANP,190,,Kwara_IlorinEastIlorin-South.pdf
Kwara,ILORIN EAST/ILORIN SOUTH,FC/225/KW,6,OLODODO ABDULGANIYU SAKA COOK,M,APC,56496,DECLARED ELECTED,Kwara_IlorinEastIlorin-South.pdf
Kwara,ILORIN EAST/ILORIN SOUTH,FC/225/KW,7,OLANIYI SHUAIB YUSUF,M,APN,87,,Kwara_IlorinEastIlorin-South.pdf
Kwara,ILORIN EAST/ILORIN SOUTH,FC/225/KW,8,ABUBAKAR YAHYA,M,DA,22,,Kwara_IlorinEastIlorin-South.pdf
Kwara,ILORIN EAST/ILORIN SOUTH,FC/225/KW,9,IBRAHEEM ALFA ABDULRASHEED BOLAKALE,M,LP,56,,Kwara_IlorinEastIlorin-South.pdf
Kwara,ILORIN EAST/ILORIN SOUTH,FC/225/KW,10,ABDULWAHAB OLADIMEJI ISSA,M,PDP,27737,,Kwara_IlorinEastIlorin-South.pdf
Kwara,ILORIN EAST/ILORIN SOUTH,FC/225/KW,11,AYINDE ATOLAGBE MOHAMMED,M,PPA,98,,Kwara_IlorinEastIlorin-South.pdf
Kwara,ILORIN EAST/ILORIN SOUTH,FC/225/KW,12,LUQMAN ADISA ABERE,M,PPN,33,,Kwara_IlorinEastIlorin-South.pdf
Kwara,ILORIN EAST/ILORIN SOUTH,FC/225/KW,13,AJIDE ROTIMI,M,PT,381,,Kwara_IlorinEastIlorin-South.pdf
Kwara,ILORIN EAST/ILORIN SOUTH,FC/225/KW,14,ABDULGANIYU NUHU,M,SDP,57,,Kwara_IlorinEastIlorin-South.pdf
Lagos,AGEGE,FC/228/LA,1,OLADIPUPO AYINDE .B,MALE,A,5490,,Lagos_AGEGE-1.pdf
Lagos,AGEGE,FC/228/LA,2,OKEREKE HONESTY .O,MALE,AD,227,,Lagos_AGEGE-1.pdf
Lagos,AGEGE,FC/228/LA,3,ADENIJI KAZEEM,MALE,ADC,721,,Lagos_AGEGE-1.pdf
Lagos,AGEGE,FC/228/LA,4,ISHOLA ABIOYE .J,MALE,ADP,137,,Lagos_AGEGE-1.pdf
Lagos,AGEGE,FC/228/LA,5,ADEJARE SAMUEL .B,MALE,APC,32114,DECLARED ELECTED,Lagos_AGEGE-1.pdf
Lagos,AGEGE,FC/228/LA,6,SULEIMAN ADAMS .A,MALE,DPC,12,,Lagos_AGEGE-1.pdf
Lagos,AGEGE,FC/228/LA,7,OLUWOLE JOSEPH .A,MALE,PDP,13886,,Lagos_AGEGE-1.pdf
Lagos,AGEGE,FC/228/LA,8,ISHOLA JOHNSON .B,MALE,PPC,73,,Lagos_AGEGE-1.pdf
Lagos,AGEGE,FC/228/LA,9,SOBITAN BABAJIDE,MALE,PPN,182,,Lagos_AGEGE-1.pdf
Lagos,AGEGE,FC/228/LA,10,ODUNAYO EKUNDAYO,MALE,PT,14,,Lagos_AGEGE-1.pdf
Lagos,AJEROMI/IFELODUN,FC/245/LA,1,IWONLAWE MATIN OWODUNNI,M,A,587,,Lagos_AJEROMI-IFELODUN-1.pdf
Lagos,AJEROMI/IFELODUN,FC/245/LA,2,DAVID KOLA DANIEL,M,AD,158,,Lagos_AJEROMI-IFELODUN-1.pdf
Lagos,AJEROMI/IFELODUN,FC/245/LA,3,ADEGBENRO ADEBAYO,M,ADC,107,,Lagos_AJEROMI-IFELODUN-1.pdf
Lagos,AJEROMI/IFELODUN,FC/245/LA,4,UGOEKE MICHAEL,M,ADP,149,,Lagos_AJEROMI-IFELODUN-1.pdf
Lagos,AJEROMI/IFELODUN,FC/245/LA,5,KOLAWOLE TAIWO MUSIBAU,M,APC,26115,DECLARED ELECTED,Lagos_AJEROMI-IFELODUN-1.pdf
Lagos,AJEROMI/IFELODUN,FC/245/LA,6,KING JULIE IFEYINWA,F,APDA,112,,Lagos_AJEROMI-IFELODUN-1.pdf
Lagos,AJEROMI/IFELODUN,FC/245/LA,7,OLADIPUPO VICTORIA,F,DA,6,,Lagos_AJEROMI-IFELODUN-1.pdf
Lagos,AJEROMI/IFELODUN,FC/245/LA,8,JACOB OGUNDIRAN,M,DPC,17,,Lagos_AJEROMI-IFELODUN-1.pdf
Lagos,AJEROMI/IFELODUN,FC/245/LA,9,OLUWOLE MORENIKEJI,M,NPN,39,,Lagos_AJEROMI-IFELODUN-1.pdf
Lagos,AJEROMI/IFELODUN,FC/245/LA,10,ORJI RITA,F,PDP,32557,,Lagos_AJEROMI-IFELODUN-1.pdf
Lagos,AJEROMI/IFELODUN,FC/245/LA,11,KENNEDY NZEMIPO AARE,M,PPC,90,,Lagos_AJEROMI-IFELODUN-1.pdf
Lagos,AJEROMI/IFELODUN,FC/245/LA,12,JIMOH RASHEED LASUN,M,PPN,206,,Lagos_AJEROMI-IFELODUN-1.pdf
Lagos,ALIMOSHO,FC/230/LA,1,SANYA OLUSHOLA .F,F,A,120,,Lagos_ALIMOSHO-1.pdf
Lagos,ALIMOSHO,FC/230/LA,2,OLUSHOLA ADEKUNLE .A,M,AAC,511,,Lagos_ALIMOSHO-1.pdf
Lagos,ALIMOSHO,FC/230/LA,3,AMULUDEN GBENGA .H,M,AD,651,,Lagos_ALIMOSHO-1.pdf
Lagos,ALIMOSHO,FC/230/LA,4,SHODIMU AKANBI .F,M,ADC,4661,,Lagos_ALIMOSHO-1.pdf
Lagos,ALIMOSHO,FC/230/LA,5,MUSIBAU ADEBIYI .A,M,ADP,365,,Lagos_ALIMOSHO-1.pdf
Lagos,ALIMOSHO,FC/230/LA,6,ONWUEGBU THEOPHILUS .C,M,ANP,136,,Lagos_ALIMOSHO-1.pdf
Lagos,ALIMOSHO,FC/230/LA,7,OLUFEMI BANDELE .A,M,APC,55136,DECLARED ELECTED,Lagos_ALIMOSHO-1.pdf
Lagos,ALIMOSHO,FC/230/LA,8,ALABANA SHERIF ALADE,M,ASD,326,,Lagos_ALIMOSHO-1.pdf
Lagos,ALIMOSHO,FC/230/LA,9,OGUNDELE JUMOKE .R,F,CAP,19,,Lagos_ALIMOSHO-1.pdf
Lagos,ALIMOSHO,FC/230/LA,10,MADUKA GLORIA AKEETTE,F,DA,37,,Lagos_ALIMOSHO-1.pdf
Lagos,ALIMOSHO,FC/230/LA,11,ADENIPEBI MODE .A,M,DPC,35,,Lagos_ALIMOSHO-1.pdf
Lagos,ALIMOSHO,FC/230/LA,12,OKONGWU PAUL .C,M,GPN,27,,Lagos_ALIMOSHO-1.pdf
Lagos,ALIMOSHO,FC/230/LA,13,AKINWALE AKINSANYA .A,M,PDP,37539,,Lagos_ALIMOSHO-1.pdf
Lagos,ALIMOSHO,FC/230/LA,14,KEHINDE BAMIDELE .R,M,PPC,542,,Lagos_ALIMOSHO-1.pdf
Lagos,ALIMOSHO,FC/230/LA,15,OWOLABI VICTOR .A,M,PPN,279,,Lagos_ALIMOSHO-1.pdf
Lagos,ALIMOSHO,FC/230/LA,16,FODOJU OLUWAFEMI .D,M,PT,18,,Lagos_ALIMOSHO-1.pdf
Lagos,AMUWO ODOFIN,FC/244/LA,1,AJOPKPA OGHENE,M,PDP,30467,DECLARED ELECTED,Lagos_AMUWO-ODOFIN.pdf
Lagos,AMUWO ODOFIN,FC/244/LA,2,ADESEYE ADENIYI,F,APC,17885,,Lagos_AMUWO-ODOFIN.pdf
Lagos,AMUWO ODOFIN,FC/244/LA,3,OGBONNIA LEONARD,M,APGA,3990,,Lagos_AMUWO-ODOFIN.pdf
Lagos,AMUWO ODOFIN,FC/244/LA,4,ABAYOMI JOHN,M,AD,210,,Lagos_AMUWO-ODOFIN.pdf
Lagos,AMUWO ODOFIN,FC/244/LA,5,ILEGBUNE DOROTHY,F,ADC,139,,Lagos_AMUWO-ODOFIN.pdf
Lagos,AMUWO ODOFIN,FC/244/LA,6,OMALE ANDREW,M,ADP,125,,Lagos_AMUWO-ODOFIN.pdf
Lagos,AMUWO ODOFIN,FC/244/LA,7,EBONYI JOY,F,APM,1,,Lagos_AMUWO-ODOFIN.pdf
Lagos,AMUWO ODOFIN,FC/244/LA,8,NWOGU MAUREEN,F,DA,6,,Lagos_AMUWO-ODOFIN.pdf
Lagos,AMUWO ODOFIN,FC/244/LA,9,OHABUNWA NNANNA,M,GPN,15,,Lagos_AMUWO-ODOFIN.pdf
Lagos,AMUWO ODOFIN,FC/244/LA,10,OBAYOMI ADESHINA,M,MPN,17,,Lagos_AMUWO-ODOFIN.pdf
Lagos,AMUWO ODOFIN,FC/244/LA,11,ADENIRAN ADEYEYE,M,PPN,95,,Lagos_AMUWO-ODOFIN.pdf
Lagos,AMUWO ODOFIN,FC/244/LA,12,RICHARD ADEMOLA,M,PT,11,,Lagos_AMUWO-ODOFIN.pdf
Lagos,AMUWO ODOFIN,FC/244/LA,13,EZEMEGWALU PETER,M,UPP,43,,Lagos_AMUWO-ODOFIN.pdf
Lagos,AMUWO ODOFIN,FC/244/LA,14,OKPOZAC GEOFERRY,M,YPP,217,,Lagos_AMUWO-ODOFIN.pdf
Lagos,APAPA,FC/235/LA,1,ADEGOKE AJIBADE,M,AD,58,,Lagos_APAPA.pdf
Lagos,APAPA,FC/235/LA,2,AFOLABI ASMIYU .T,M,ADC,86,,Lagos_APAPA.pdf
Lagos,APAPA,FC/235/LA,3,OKANI MARY .D,F,ADP,67,,Lagos_APAPA.pdf
Lagos,APAPA,FC/235/LA,4,EGBERONGBE MUFUTAU .A,M,APC,17961,DECLARED ELECTED,Lagos_APAPA.pdf
Lagos,APAPA,FC/235/LA,5,OGUNLEYE GRACE .O,M,CAP,6,,Lagos_APAPA.pdf
Lagos,APAPA,FC/235/LA,6,OAMEN JOY .R,F,DA,5,,Lagos_APAPA.pdf
Lagos,APAPA,FC/235/LA,7,NWACHUKWU PEACE .N,F,GPN,12,,Lagos_APAPA.pdf
Lagos,APAPA,FC/235/LA,8,OJOBO PETER .A,F,ID,8,,Lagos_APAPA.pdf
Lagos,APAPA,FC/235/LA,9,IKUEBOLAJI LEVITICUS .E,M,MPN,17,,Lagos_APAPA.pdf
Lagos,APAPA,FC/235/LA,10,ADEWOLE OLUDARE .A,M,PDP,11845,,Lagos_APAPA.pdf
Lagos,APAPA,FC/235/LA,11,ODELOLA AFEEZ .O,M,PPN,85,,Lagos_APAPA.pdf
Lagos,APAPA,FC/235/LA,12,IDRIS TOKUNBO .O,M,ZLP,324,,Lagos_APAPA.pdf
Lagos,BADAGRY,FC/231/LA,1,MOTALANI ADEBOLA .M,F,A,45,,Lagos_BADAGRY.pdf
Lagos,BADAGRY,FC/231/LA,2,BELLO OLAREWAJU .A,M,AD,104,,Lagos_BADAGRY.pdf
Lagos,BADAGRY,FC/231/LA,3,SOVI BABATUNDE,M,ADC,177,,Lagos_BADAGRY.pdf
Lagos,BADAGRY,FC/231/LA,4,OLANIYAN FATASEJITRO,M,ADP,189,,Lagos_BADAGRY.pdf
Lagos,BADAGRY,FC/231/LA,5,JACOB PRINCE .S,M,ANP,139,,Lagos_BADAGRY.pdf
Lagos,BADAGRY,FC/231/LA,6,HUMPE ADANDE .B,M,APC,23309,DECLARED ELECTED,Lagos_BADAGRY.pdf
Lagos,BADAGRY,FC/231/LA,7,OLUFOWOSE OMOLOLA .M,F,CAP,9,,Lagos_BADAGRY.pdf
Lagos,BADAGRY,FC/231/LA,8,OJO OLUWABUNMI .E,F,DA,2,,Lagos_BADAGRY.pdf
Lagos,BADAGRY,FC/231/LA,9,OLADAPO TAIWO .S,M,DPC,15,,Lagos_BADAGRY.pdf
Lagos,BADAGRY,FC/231/LA,10,IBRAHIM OLISA,M,MPM,34,,Lagos_BADAGRY.pdf
Lagos,BADAGRY,FC/231/LA,11,SEYON AINA .H,M,PDP,15662,,Lagos_BADAGRY.pdf
Lagos,BADAGRY,FC/231/LA,12,MEDEMARU ABAYOMI .M,M,YPP,89,,Lagos_BADAGRY.pdf
Lagos,EPE,FC/232/LA,1,MURUPHDEEN ABDULRAHMAN,M,A,1,,Lagos_EPE.pdf
Lagos,EPE,FC/232/LA,2,DAKO OLAWALE .I,M,AD,49,,Lagos_EPE.pdf
Lagos,EPE,FC/232/LA,3,RAIMI OLUKOYA .T,M,ADC,42,,Lagos_EPE.pdf
Lagos,EPE,FC/232/LA,4,JACKSON IVIANHO,M,ADP,61,,Lagos_EPE.pdf
Lagos,EPE,FC/232/LA,5,RASHED AREH.O,M,ANP,10,,Lagos_EPE.pdf
Lagos,EPE,FC/232/LA,6,TASIR RAJI .O,M,APC,18327,DECLARED ELECTED,Lagos_EPE.pdf
Lagos,EPE,FC/232/LA,7,ADEGBOLA OLAIDE .H,M,DPC,6,,Lagos_EPE.pdf
Lagos,EPE,FC/232/LA,8,OYEBOLAJI AYODEJI .A,M,PDP,13318,,Lagos_EPE.pdf
Lagos,EPE,FC/232/LA,9,MUSHAFAU OLUFEYISAN,M,MPN,14,,Lagos_EPE.pdf
Lagos,EPE,FC/232/LA,10,ADENIJI OLUKAYODE,M,PPN,58,,Lagos_EPE.pdf
Lagos,ETI OSA,FC/234/LA,1,OBANIKORO IBRAHIM BABAJIDE,M,APC,22250,DECLARED ELECTED,Lagos_ETI-OSA.pdf
Lagos,ETI OSA,FC/234/LA,2,ANTHONY AKALA BAKARE,M,PDP,18767,,Lagos_ETI-OSA.pdf
Lagos,ETI OSA,FC/234/LA,3,WELLINGTON OLUBANKOLE,M,MDP,7130,,Lagos_ETI-OSA.pdf
Lagos,ETI OSA,FC/234/LA,4,FERDINAND LADI ADIMEFE,M,ANN,582,,Lagos_ETI-OSA.pdf
Lagos,ETI OSA,FC/234/LA,5,MOSEBOLATAN ABIODUN,M,ADC,451,,Lagos_ETI-OSA.pdf
Lagos,ETI OSA,FC/234/LA,6,AWOKOYA OLUKAYODE BABATUNDE,M,ANRP,367,,Lagos_ETI-OSA.pdf
Lagos,ETI OSA,FC/234/LA,7,OBOH ERNEST OSEZUA,M,ADP,247,,Lagos_ETI-OSA.pdf
Lagos,ETI OSA,FC/234/LA,8,,,AAC,201,,Lagos_ETI-OSA.pdf
Lagos,ETI OSA,FC/234/LA,9,OWOLABI THERESA CHARITY,F,SDP,189,,Lagos_ETI-OSA.pdf
Lagos,ETI OSA,FC/234/LA,10,,,NFD,180,,Lagos_ETI-OSA.pdf
Lagos,ETI OSA,FC/234/LA,11,,,PPC,178,,Lagos_ETI-OSA.pdf
Lagos,ETI OSA,FC/234/LA,12,,,YPP,142,,Lagos_ETI-OSA.pdf
Lagos,ETI OSA,FC/234/LA,13,,,MPN,132,,Lagos_ETI-OSA.pdf
Lagos,ETI OSA,FC/234/LA,14,,,PPN,115,,Lagos_ETI-OSA.pdf
Lagos,ETI OSA,FC/234/LA,15,HASSAN OLADOTUN,M,AD,102,,Lagos_ETI-OSA.pdf
Lagos,ETI OSA,FC/234/LA,16,,,APDA,61,,Lagos_ETI-OSA.pdf
Lagos,ETI OSA,FC/234/LA,17,,,ANP,60,,Lagos_ETI-OSA.pdf
Lagos,ETI OSA,FC/234/LA,18,,,APGA,53,,Lagos_ETI-OSA.pdf
Lagos,ETI OSA,FC/234/LA,19,,,DPP,48,,Lagos_ETI-OSA.pdf
Lagos,ETI OSA,FC/234/LA,20,,,ACPN,39,,Lagos_ETI-OSA.pdf
Lagos,ETI OSA,FC/234/LA,21,,,YDP,37,,Lagos_ETI-OSA.pdf
Lagos,ETI OSA,FC/234/LA,22,ADENIJI ADEYOSOLA,M,PPM,37,,Lagos_ETI-OSA.pdf
Lagos,ETI OSA,FC/234/LA,23,,,LM,21,,Lagos_ETI-OSA.pdf
Lagos,ETI OSA,FC/234/LA,24,,,NPN,19,,Lagos_ETI-OSA.pdf
Lagos,ETI OSA,FC/234/LA,25,,,KP,19,,Lagos_ETI-OSA.pdf
Lagos,ETI OSA,FC/234/LA,26,OBI QUEEN ADAEZE,F,DA,18,,Lagos_ETI-OSA.pdf
Lagos,ETI OSA,FC/234/LA,27,,,YP,18,,Lagos_ETI-OSA.pdf
Lagos,ETI OSA,FC/234/LA,28,ADEJIMI MOSHOOD OLAOSEBIKAN,M,YES,16,,Lagos_ETI-OSA.pdf
Lagos,ETI OSA,FC/234/LA,29,,,UPP,15,,Lagos_ETI-OSA.pdf
Lagos,ETI OSA,FC/234/LA,30,,,ZLP,14,,Lagos_ETI-OSA.pdf
Lagos,ETI OSA,FC/234/LA,31,,,GPN,14,,Lagos_ETI-OSA.pdf
Lagos,ETI OSA,FC/234/LA,32,,,APM,13,,Lagos_ETI-OSA.pdf
Lagos,ETI OSA,FC/234/LA,33,,,FRESH,13,,Lagos_ETI-OSA.pdf
Lagos,ETI OSA,FC/234/LA,34,ALEBIOSU MOPE ALEBIOSU,F,PT,9,,Lagos_ETI-OSA.pdf
Lagos,ETI OSA,FC/234/LA,35,,,UDP,6,,Lagos_ETI-OSA.pdf
Lagos,ETI OSA,FC/234/LA,36,,,DA,6,,Lagos_ETI-OSA.pdf
Lagos,ETI OSA,FC/234/LA,37,,,ASD,4,,Lagos_ETI-OSA.pdf
Lagos,ETI OSA,FC/234/LA,38,,,NDPA,2,,Lagos_ETI-OSA.pdf
Lagos,ETI OSA,FC/234/LA,39,,,PND,2,,Lagos_ETI-OSA.pdf
Lagos,ETI OSA,FC/234/LA,40,,,AO,1,,Lagos_ETI-OSA.pdf
Lagos,ETI OSA,FC/234/LA,41,,,ACCORD,1,,Lagos_ETI-OSA.pdf
Lagos,IBEJU LEKKI,FC/233/LA,1,OLOWU ABIOLA .O,M,A,7732,,Lagos_IBEJU-LEKKI.pdf
Lagos,IBEJU LEKKI,FC/233/LA,2,OLUWASEUN JAIYEOLA .S,M,AD,89,,Lagos_IBEJU-LEKKI.pdf
Lagos,IBEJU LEKKI,FC/233/LA,3,EKANEM IDARA .S,F,ADC,176,,Lagos_IBEJU-LEKKI.pdf
Lagos,IBEJU LEKKI,FC/233/LA,4,IGE JOSEPH .O,M,ADP,52,,Lagos_IBEJU-LEKKI.pdf
Lagos,IBEJU LEKKI,FC/233/LA,5,ISMAIL BADMUS .D,M,ANP,10,,Lagos_IBEJU-LEKKI.pdf
Lagos,IBEJU LEKKI,FC/233/LA,6,BALOGUN ADEBAYO .O,M,APC,10673,DECLARED ELECTED,Lagos_IBEJU-LEKKI.pdf
Lagos,IBEJU LEKKI,FC/233/LA,7,AKOREDE WASIU .E,M,PDP,5907,,Lagos_IBEJU-LEKKI.pdf
Lagos,IBEJU LEKKI,FC/233/LA,8,SHOKUNLE OLADIMEJI .A,M,PPN,64,,Lagos_IBEJU-LEKKI.pdf
Lagos,IBEJU LEKKI,FC/233/LA,9,OLANIYI OLUFEMI .O,M,SDP,7,,Lagos_IBEJU-LEKKI.pdf
Lagos,IFAKO-IJAYE,FC/229/LA,1,ADEBOLA ABASS .L,M,A,92,,Lagos_IFAKO-IJAYE.pdf
Lagos,IFAKO-IJAYE,FC/229/LA,2,ADEJUMO OLADAPO .D,M,ACPN,38,,Lagos_IFAKO-IJAYE.pdf
Lagos,IFAKO-IJAYE,FC/229/LA,3,AKINTOLA TOLULOPE .O,M,AD,178,,Lagos_IFAKO-IJAYE.pdf
Lagos,IFAKO-IJAYE,FC/229/LA,4,TIMI OLORUNSAYE,M,ADC,290,,Lagos_IFAKO-IJAYE.pdf
Lagos,IFAKO-IJAYE,FC/229/LA,5,ADEBAYO AYORINDE,M,ADP,80,,Lagos_IFAKO-IJAYE.pdf
Lagos,IFAKO-IJAYE,FC/229/LA,6,OWOLABI ADISA,M,APC,34204,DECLARED ELECTED,Lagos_IFAKO-IJAYE.pdf
Lagos,IFAKO-IJAYE,FC/229/LA,7,ROFIU BILIKIS .A,M,CAP,12,,Lagos_IFAKO-IJAYE.pdf
Lagos,IFAKO-IJAYE,FC/229/LA,8,AJAYI YOMI ODUNTAN,M,DPC,27,,Lagos_IFAKO-IJAYE.pdf
Lagos,IFAKO-IJAYE,FC/229/LA,9,OGUNMUYIWA KOLAWOLE .S,M,AD,9,,Lagos_IFAKO-IJAYE.pdf
Lagos,IFAKO-IJAYE,FC/229/LA,10,FAKOJO OLUFUNKE .A,F,MPN,20,,Lagos_IFAKO-IJAYE.pdf
Lagos,IFAKO-IJAYE,FC/229/LA,11,FATIMOH MOHAMMED .A,F,PDP,18271,,Lagos_IFAKO-IJAYE.pdf
Lagos,IFAKO-IJAYE,FC/229/LA,12,EMMANUEL ADEAGBO,M,PPC,68,,Lagos_IFAKO-IJAYE.pdf
Lagos,IFAKO-IJAYE,FC/229/LA,13,CHUKWUKA IFEANYI,M,PPN,147,,Lagos_IFAKO-IJAYE.pdf
Lagos,IFAKO-IJAYE,FC/229/LA,14,DUDUYEMI ONIRETI ADEBAYO,M,PT,15,,Lagos_IFAKO-IJAYE.pdf
Lagos,IFAKO-IJAYE,FC/229/LA,15,AYIND OLARENWAJU,M,YPP,119,,Lagos_IFAKO-IJAYE.pdf
Lagos,IKEJA,FC/236/LA,1,OLUSOJI MOJISOLA,F,A,32,,Lagos_IKEJA.pdf
Lagos,IKEJA,FC/236/LA,2,ADE-ADEDEJI ADEYERA,M,AAC,378,,Lagos_IKEJA.pdf
Lagos,IKEJA,FC/236/LA,3,BABALOLA TEMITOPE WASIU,M,AD,118,,Lagos_IKEJA.pdf
Lagos,IKEJA,FC/236/LA,4,ODOEMENAM CALLISTUS,M,ADC,456,,Lagos_IKEJA.pdf
Lagos,IKEJA,FC/236/LA,5,AROWOSAYE ISIAKA .A,M,ADP,85,,Lagos_IKEJA.pdf
Lagos,IKEJA,FC/236/LA,6,ORAJIUKA AZUBUIKE,M,ANP,34,,Lagos_IKEJA.pdf
Lagos,IKEJA,FC/236/LA,7,JAMES ABIODUN .F,M,APC,25195,DECLARED ELECTED,Lagos_IKEJA.pdf
Lagos,IKEJA,FC/236/LA,8,OKUNOLA FAREEDAH .O,F,ASD,39,,Lagos_IKEJA.pdf
Lagos,IKEJA,FC/236/LA,9,IBIKUNLE COMFORT .A,F,CAP,5,,Lagos_IKEJA.pdf
Lagos,IKEJA,FC/236/LA,10,OBIAKOR ROSE .C,F,DA,4,,Lagos_IKEJA.pdf
Lagos,IKEJA,FC/236/LA,11,EZE EMEKA,M,DPC,6,,Lagos_IKEJA.pdf
Lagos,IKEJA,FC/236/LA,12,ADESIGBIN OLUDOLAPO,M,FRESH,436,,Lagos_IKEJA.pdf
Lagos,IKEJA,FC/236/LA,13,OKEKE CHIZOBA .A,F,GPN,8,,Lagos_IKEJA.pdf
Lagos,IKEJA,FC/236/LA,14,TEMITOPE OLOWOLAFE,M,MPN,33,,Lagos_IKEJA.pdf
Lagos,IKEJA,FC/236/LA,15,MUTIU OLAKUNLE,M,PDP,21373,,Lagos_IKEJA.pdf
Lagos,IKEJA,FC/236/LA,16,OLURANTI ODIMAYO,M,PPC,74,,Lagos_IKEJA.pdf
Lagos,IKEJA,FC/236/LA,17,LAWALSON ADEBAYO,M,PPN,112,,Lagos_IKEJA.pdf
Lagos,IKEJA,FC/236/LA,18,UDEH CHUKWUMA,M,PT,65,,Lagos_IKEJA.pdf
Lagos,IKEJA,FC/236/LA,19,OHIERO MOJISOLA,F,SDP,70,,Lagos_IKEJA.pdf
Lagos,IKORODU,FC/237/LA,1,EZEOBI NGOZI. E,F,A,47,,Lagos_IKORODU.pdf
Lagos,IKORODU,FC/237/LA,2,BAKARE AHMED .T,M,AD,180,,Lagos_IKORODU.pdf
Lagos,IKORODU,FC/237/LA,3,ARINZE CHRIS .E,M,ADC,360,,Lagos_IKORODU.pdf
Lagos,IKORODU,FC/237/LA,4,BENSON BABAJIMI .A,M,APC,42563,DECLARED ELECTED,Lagos_IKORODU.pdf
Lagos,IKORODU,FC/237/LA,5,IJAOLA ODUNAYO .O,F,CAP,11,,Lagos_IKORODU.pdf
Lagos,IKORODU,FC/237/LA,6,OGUNSANMI EMMANUEL,M,MPN,24,,Lagos_IKORODU.pdf
Lagos,IKORODU,FC/237/LA,7,DISU RAMOTA .O,F,PDP,19825,,Lagos_IKORODU.pdf
Lagos,IKORODU,FC/237/LA,8,OLAYIWOLA ADAM,M,PPN,11,,Lagos_IKORODU.pdf
Lagos,IKORODU,FC/237/LA,9,AREMU BETTY,F,PT,10,,Lagos_IKORODU.pdf
Lagos,IKORODU,FC/237/LA,10,INIMFON OSIKOYA,M,SDP,68,,Lagos_IKORODU.pdf
Lagos,IKORODU,FC/237/LA,11,KOMINA OLUWAKEMI,F,YPP,208,,Lagos_IKORODU.pdf
Lagos,KOSOFE,FC/249/LA,1,AJALA OLUGBENGA,M,A,142,,Lagos_KOSOFE.pdf
Lagos,KOSOFE,FC/249/LA,2,IDOWU SHOLA .I,M,AD,177,,Lagos_KOSOFE.pdf
Lagos,KOSOFE,FC/249/LA,3,OLAYIEOLA ABISOYE,M,ADC,619,,Lagos_KOSOFE.pdf
Lagos,KOSOFE,FC/249/LA,4,AGUNSOYE OLUWAROTIMI .O,M,APC,41593,DECLARED ELECTED,Lagos_KOSOFE.pdf
Lagos,KOSOFE,FC/249/LA,5,TOKUNBOH AKINBIYI,M,KP,138,,Lagos_KOSOFE.pdf
Lagos,KOSOFE,FC/249/LA,6,ADEDOKUN ADENIKE,F,MPN,36,,Lagos_KOSOFE.pdf
Lagos,KOSOFE,FC/249/LA,7,OLUSHOLAS SHERIFAT .H,F,PDP,28087,,Lagos_KOSOFE.pdf
Lagos,KOSOFE,FC/249/LA,8,OSUN YINKA,M,PPN,130,,Lagos_KOSOFE.pdf
Lagos,KOSOFE,FC/249/LA,9,ABIYE ODELEKE,F,PT,24,,Lagos_KOSOFE.pdf
Lagos,LAGOS ISLAND I,FC/238/LA,1,ENITAN DOLAPO,M,APC,15245,DECLARED ELECTED,Lagos_LAGOS-ISLAND-I.pdf
Lagos,LAGOS ISLAND I,FC/238/LA,2,ADELE LATEEF,M,AD,125,,Lagos_LAGOS-ISLAND-I.pdf
Lagos,LAGOS ISLAND I,FC/238/LA,3,BALOGUN OLAJIDE,M,ADC,41,,Lagos_LAGOS-ISLAND-I.pdf
Lagos,LAGOS ISLAND I,FC/238/LA,4,OLUTAYO MARY .A,F,MPN,4,,Lagos_LAGOS-ISLAND-I.pdf
Lagos,LAGOS ISLAND I,FC/238/LA,5,VIOLET OLAITAN,F,PDP,3258,,Lagos_LAGOS-ISLAND-I.pdf
Lagos,LAGOS ISLAND I,FC/238/LA,6,RAJI RICHARD,M,PPN,37,,Lagos_LAGOS-ISLAND-I.pdf
Lagos,LAGOS ISLAND II,FC/239/LA,1,AKIOLU MOSHOOD .K,M,APC,12988,DECLARED ELECTED,Lagos_LAGOS-ISLAND-II.pdf
Lagos,LAGOS ISLAND II,FC/239/LA,2,ADEWUYI OLUWAKEMI .K,F,ADC,44,,Lagos_LAGOS-ISLAND-II.pdf
Lagos,LAGOS ISLAND II,FC/239/LA,3,ADETUNJI MUSTAPHA .O,M,ADC,50,,Lagos_LAGOS-ISLAND-II.pdf
Lagos,LAGOS ISLAND II,FC/239/LA,4,ADAMOH FANIYAN .O,M,PDP,4345,,Lagos_LAGOS-ISLAND-II.pdf
Lagos,LAGOS MAINLAND,FC/240/LA,1,OGB,F,A,40,,Lagos_LAGOS-MAINLAND.pdf
Lagos,LAGOS MAINLAND,FC/240/LA,2,BALOGUN SHOBOWALE,M,AD,88,,Lagos_LAGOS-MAINLAND.pdf
Lagos,LAGOS MAINLAND,FC/240/LA,3,JIMOH ABDULRAHEEM,M,APC,22073,DECLARED ELECTED,Lagos_LAGOS-MAINLAND.pdf
Lagos,LAGOS MAINLAND,FC/240/LA,4,OLAIDE OMOLARA,M,CAP,5,,Lagos_LAGOS-MAINLAND.pdf
Lagos,LAGOS MAINLAND,FC/240/LA,5,OLORUNDA OGUNSEMOPE,F,MPN,21,,Lagos_LAGOS-MAINLAND.pdf
Lagos,LAGOS MAINLAND,FC/240/LA,6,TAJUDEEN JAIYEOLA,M,PDP,16834,,Lagos_LAGOS-MAINLAND.pdf
Lagos,LAGOS MAINLAND,FC/240/LA,7,OGUNOLA AKINWUNMI,M,PPN,45,,Lagos_LAGOS-MAINLAND.pdf
Lagos,LAGOS MAINLAND,FC/240/LA,8,KAYODE TIMI,M,SDP,24,,Lagos_LAGOS-MAINLAND.pdf
Lagos,LAGOS MAINLAND,FC/240/LA,9,AKANDE OLUWATOSIN,F,YES,31,,Lagos_LAGOS-MAINLAND.pdf
Lagos,MUSHIN I,FC/241/LA,1,AKINSANYA TAOREED,M,A,6763,,Lagos_MUSHIN-I.pdf
Lagos,MUSHIN I,FC/241/LA,2,AIYEWOLO ADEOLA,M,AD,58,,Lagos_MUSHIN-I.pdf
Lagos,MUSHIN I,FC/241/LA,3,ADEBOWALE ADEMOSU,M,ADC,110,,Lagos_MUSHIN-I.pdf
Lagos,MUSHIN I,FC/241/LA,4,SANUSI MADINA,F,ANRP,53,,Lagos_MUSHIN-I.pdf
Lagos,MUSHIN I,FC/241/LA,5,ALLI ADEYEMI,M,APC,14221,DECLARED ELECTED,Lagos_MUSHIN-I.pdf
Lagos,MUSHIN I,FC/241/LA,6,OLULETI BUKKY,F,CAP,2,,Lagos_MUSHIN-I.pdf
Lagos,MUSHIN I,FC/241/LA,7,AKINSANWO DORCAS,F,DA,1,,Lagos_MUSHIN-I.pdf
Lagos,MUSHIN I,FC/241/LA,8,OLUDAYO BAMIDELE,M,PDP,3289,,Lagos_MUSHIN-I.pdf
Lagos,MUSHIN I,FC/241/LA,9,SINAT OMODELE,F,PPC,21,,Lagos_MUSHIN-I.pdf
Lagos,Mushin/Ii,,1,AYODELE ADELUOLA,M,A,9590,,Lagos_MUSHIN-II.pdf
Lagos,Mushin/Ii,,2,OLUDEJI ADEWALE,M,AD,149,,Lagos_MUSHIN-II.pdf
Lagos,Mushin/Ii,,3,OLUREMI ADEYELU,M,ADC,1027,,Lagos_MUSHIN-II.pdf
Lagos,Mushin/Ii,,4,JIMOH YUSUF,M,ADP,97,,Lagos_MUSHIN-II.pdf
Lagos,Mushin/Ii,,5,ETTU IZUAGBE,M,ANRP,269,,Lagos_MUSHIN-II.pdf
Lagos,Mushin/Ii,,6,BOLAJIO YUSUF,M,APC,20383,,Lagos_MUSHIN-II.pdf
Lagos,Mushin/Ii,,7,OLUWADARE MUJIDAT,M,CAP,0,,Lagos_MUSHIN-II.pdf
Lagos,Mushin/Ii,,8,CHARLES MABEL,F,DA,7,,Lagos_MUSHIN-II.pdf
Lagos,Mushin/Ii,,9,ADEBAKIN ADEMOLA,F,KP,74,,Lagos_MUSHIN-II.pdf
Lagos,Mushin/Ii,,10,ADEJUMO PAUL,M,MPN,7,,Lagos_MUSHIN-II.pdf
Lagos,Mushin/Ii,,11,JUDE OBIEKWE,M,PDP,11185,,Lagos_MUSHIN-II.pdf
Lagos,Mushin/Ii,,12,SHOREMEKUN O.,M,PPC,44,,Lagos_MUSHIN-II.pdf
Lagos,Mushin/Ii,,13,ARIORI OJUOLAPE,F,PT,4,,Lagos_MUSHIN-II.pdf
Lagos,Mushin/Ii,,14,KASUMU OLADAPO,M,SDP,55,,Lagos_MUSHIN-II.pdf
Lagos,Mushin/Ii,,15,NOAH TAIWO,M,YDP,27,,Lagos_MUSHIN-II.pdf
Lagos,Mushin/Ii,,16,FOLARIN OPEYEMI,M,YPP,75,,Lagos_MUSHIN-II.pdf
Lagos,OSHODI ISOLO I,FC/246/LA,1,AJIBOLA OLUWAROTIMI,M,A,19,,Lagos_OSHODI-ISOLO-I.pdf
Lagos,OSHODI ISOLO I,FC/246/LA,2,ADELEYE KELVIN O,M,AD,62,,Lagos_OSHODI-ISOLO-I.pdf
Lagos,OSHODI ISOLO I,FC/246/LA,3,ABIODUN OLADIPUPO JOHN,M,ADC,50,,Lagos_OSHODI-ISOLO-I.pdf
Lagos,OSHODI ISOLO I,FC/246/LA,4,ABAYOMI ABOYARIN,M,ADP,62,,Lagos_OSHODI-ISOLO-I.pdf
Lagos,OSHODI ISOLO I,FC/246/LA,5,DAWODU BASHIRU AYINLA,M,APC,14353,DECLARED ELECTED,Lagos_OSHODI-ISOLO-I.pdf
Lagos,OSHODI ISOLO I,FC/246/LA,6,EGBEYEMI DORIS JOY,F,CAP,0,,Lagos_OSHODI-ISOLO-I.pdf
Lagos,OSHODI ISOLO I,FC/246/LA,7,OLATUNJI OLANDE TAWAKALIT,F,DA,4,,Lagos_OSHODI-ISOLO-I.pdf
Lagos,OSHODI ISOLO I,FC/246/LA,8,ADETUNJI AKINTUNDE WAHEED,M,LM,102,,Lagos_OSHODI-ISOLO-I.pdf
Lagos,OSHODI ISOLO I,FC/246/LA,9,ADAMS MARIAM ADESHINA,F,MPN,12,,Lagos_OSHODI-ISOLO-I.pdf
Lagos,OSHODI ISOLO I,FC/246/LA,10,EFFIONG ANIEKAN ASUQUO,M,NFD,17,,Lagos_OSHODI-ISOLO-I.pdf
Lagos,OSHODI ISOLO I,FC/246/LA,11,MUTIU SHADIMU ALAO,M,PDP,10121,,Lagos_OSHODI-ISOLO-I.pdf
Lagos,OSHODI ISOLO I,FC/246/LA,12,OGUH EMEKA I,M,PPC,21,,Lagos_OSHODI-ISOLO-I.pdf
Lagos,OSHODI ISOLO I,FC/246/LA,13,OSHODE OLUWATOYIN,F,PT,1,,Lagos_OSHODI-ISOLO-I.pdf
Lagos,OSHODI ISOLO I,FC/246/LA,14,DR BAMIGBOYE AHMED O,F,YPP,69,,Lagos_OSHODI-ISOLO-I.pdf
Lagos,OSHODI ISOLO II,FC/247/LA,1,GBADEBO LAWAL AKEEM,M,A,24,,Lagos_OSHODI-ISOLO-II.pdf
Lagos,OSHODI ISOLO II,FC/247/LA,2,UDEAGU EMEKA ISAAC,M,AD,213,,Lagos_OSHODI-ISOLO-II.pdf
Lagos,OSHODI ISOLO II,FC/247/LA,3,IKEAGWU MADU LEO,M,ADC,220,,Lagos_OSHODI-ISOLO-II.pdf
Lagos,OSHODI ISOLO II,FC/247/LA,4,GANIYU ABIODUN JOHNSON,M,APC,21484,DECLARED ELECTED,Lagos_OSHODI-ISOLO-II.pdf
Lagos,OSHODI ISOLO II,FC/247/LA,5,FREDERICK AMOBI CHIJOKE,M,APGA,806,,Lagos_OSHODI-ISOLO-II.pdf
Lagos,OSHODI ISOLO II,FC/247/LA,6,OLAYODE` ABOSEDE,F,CAP,1,,Lagos_OSHODI-ISOLO-II.pdf
Lagos,OSHODI ISOLO II,FC/247/LA,7,BOBOLA OMOTOYE,M,MPN,9,,Lagos_OSHODI-ISOLO-II.pdf
Lagos,OSHODI ISOLO II,FC/247/LA,8,EMMANUEL UGOCHUKWU NNODIM,M,PDP,16817,,Lagos_OSHODI-ISOLO-II.pdf
Lagos,OSHODI ISOLO II,FC/247/LA,9,ITUWE AUSTINE,M,PPC,50,,Lagos_OSHODI-ISOLO-II.pdf
Lagos,OSHODI ISOLO II,FC/247/LA,10,MURSKET OLOLADE,M,PT,47,,Lagos_OSHODI-ISOLO-II.pdf
Lagos,OSHODI ISOLO II,FC/247/LA,11,ADIELE CHIMAOBI,M,UPP,69,,Lagos_OSHODI-ISOLO-II.pdf
Lagos,SHOMOLU,FC/248/LA,1,ISHOLA OLATUNDE ABRAHAM,M,AAC,308,,Lagos_SHOMOLU.pdf
Lagos,SHOMOLU,FC/248/LA,2,ADELEKE RAHMAN ADESOLA,M,ADC,163,,Lagos_SHOMOLU.pdf
Lagos,SHOMOLU,FC/248/LA,3,KUYE ADEMORIN ALIU,M,APC,28722,DECLARED ELECTED,Lagos_SHOMOLU.pdf
Lagos,SHOMOLU,FC/248/LA,4,AZEEZ AFOLASHADE ABOSEDE,F,CAP,2,,Lagos_SHOMOLU.pdf
Lagos,SHOMOLU,FC/248/LA,5,ABIODUN ADEWALE,M,DPC,3,,Lagos_SHOMOLU.pdf
Lagos,SHOMOLU,FC/248/LA,6,OKONGWU EJIKE AUSTIN,M,GPN,0,,Lagos_SHOMOLU.pdf
Lagos,SHOMOLU,FC/248/LA,7,OLAWALE SUNDAY MICHAEL,M,ID,7,,Lagos_SHOMOLU.pdf
Lagos,SHOMOLU,FC/248/LA,8,SUNDAY OLUDOTUN O.,M,MPN,25,,Lagos_SHOMOLU.pdf
Lagos,SHOMOLU,FC/248/LA,9,OLOWU OLUWASEYI,M,PDP,25202,,Lagos_SHOMOLU.pdf
Lagos,SHOMOLU,FC/248/LA,10,ADENIJI BABATUNDE ADEOLA,M,PPN,107,,Lagos_SHOMOLU.pdf
Lagos,SURULERE I,FC/250/LA,1,OLAQWOYIN AKEEM,M,A,58,,Lagos_SURULERE-I.pdf
Lagos,SURULERE I,FC/250/LA,2,FOLAMI ABIOLA .A,F,AD,97,,Lagos_SURULERE-I.pdf
Lagos,SURULERE I,FC/250/LA,3,ORIYOMI BARBARA .O,F,ADC,71,,Lagos_SURULERE-I.pdf
Lagos,SURULERE I,FC/250/LA,4,ADEMOLA OSHINAYA .R,M,ANP,36,,Lagos_SURULERE-I.pdf
Lagos,SURULERE I,FC/250/LA,5,FEMI GBAJAMBIAMILA,M,APC,14617,DECLARED ELECTED,Lagos_SURULERE-I.pdf
Lagos,SURULERE I,FC/250/LA,6,ROBINSON EMILIA,F,DA,1,,Lagos_SURULERE-I.pdf
Lagos,SURULERE I,FC/250/LA,7,ADAM OLAYINKA .O,M,AD,6,,Lagos_SURULERE-I.pdf
Lagos,SURULERE I,FC/250/LA,8,OLATUNJI FAHIM .R,M,MPN,24,,Lagos_SURULERE-I.pdf
Lagos,SURULERE I,FC/250/LA,9,ADEWARA MICHAEL .D,M,PDP,8085,,Lagos_SURULERE-I.pdf
Lagos,SURULERE I,FC/250/LA,10,BADMUS ABIODUN .A,F,PPN,29,,Lagos_SURULERE-I.pdf
Lagos,SURULERE II,FC/251/LA,1,TAIWO IBIRONKE,M,AAC,247,,Lagos_SURULERE-II.pdf
Lagos,SURULERE II,FC/251/LA,2,ALAMINA ADEFOWOKE,F,ADC,417,,Lagos_SURULERE-II.pdf
Lagos,SURULERE II,FC/251/LA,3,OLUTAYO OLUMIDE,M,ANN,224,,Lagos_SURULERE-II.pdf
Lagos,SURULERE II,FC/251/LA,4,FERGUSON CHIOMA,F,ANP,628,,Lagos_SURULERE-II.pdf
Lagos,SURULERE II,FC/251/LA,5,LANRE OKUNLOLA,M,APC,17910,DECLARED ELECTED,Lagos_SURULERE-II.pdf
Lagos,SURULERE II,FC/251/LA,6,NWOGU ASUMPTA,F,GBN,11,,Lagos_SURULERE-II.pdf
Lagos,SURULERE II,FC/251/LA,7,OLATUNJI ABIOLA,M,PDP,19950,,Lagos_SURULERE-II.pdf
Lagos,SURULERE II,FC/251/LA,8,GBOLAHAN LAWANSON,M,SDP,376,,Lagos_SURULERE-II.pdf
Lagos,SURULERE II,FC/251/LA,9,OLUWOLE AUGUSTINE,M,YPP,271,,Lagos_SURULERE-II.pdf
Nasarawa,AKWANGA/NASSARAWA/EGGON/WAMBA,FC/252/NW,1,SOLOMON SUNDAY AKU,M,ADP,150,,Nasarawa_Akwanga-Nassarawa-Eggon-Wamba.pdf
Nasarawa,AKWANGA/NASSARAWA/EGGON/WAMBA,FC/252/NW,2,DR. MUHAMMED ABDULLAHI YAU,M,APC,40848,,Nasarawa_Akwanga-Nassarawa-Eggon-Wamba.pdf
Nasarawa,AKWANGA/NASSARAWA/EGGON/WAMBA,FC/252/NW,3,MAKPA MALLA,M,APGA,22434,,Nasarawa_Akwanga-Nassarawa-Eggon-Wamba.pdf
Nasarawa,AKWANGA/NASSARAWA/EGGON/WAMBA,FC/252/NW,4,MUH'D FATIMA LADAN,F,DA,14,,Nasarawa_Akwanga-Nassarawa-Eggon-Wamba.pdf
Nasarawa,AKWANGA/NASSARAWA/EGGON/WAMBA,FC/252/NW,5,UMARU SADAMU MUH'D,M,GPN,0,,Nasarawa_Akwanga-Nassarawa-Eggon-Wamba.pdf
Nasarawa,AKWANGA/NASSARAWA/EGGON/WAMBA,FC/252/NW,6,ANJUBU DANJUMA ESHA,M,JMPP,12,,Nasarawa_Akwanga-Nassarawa-Eggon-Wamba.pdf
Nasarawa,AKWANGA/NASSARAWA/EGGON/WAMBA,FC/252/NW,7,ADAMU YAHAYA BABANGATA,M,KP,22,,Nasarawa_Akwanga-Nassarawa-Eggon-Wamba.pdf
Nasarawa,AKWANGA/NASSARAWA/EGGON/WAMBA,FC/252/NW,8,BAKYU EMMANUEL,M,LP,2804,,Nasarawa_Akwanga-Nassarawa-Eggon-Wamba.pdf
Nasarawa,AKWANGA/NASSARAWA/EGGON/WAMBA,FC/252/NW,9,JAMES EMMANUEL RAIN,M,NCP,7,,Nasarawa_Akwanga-Nassarawa-Eggon-Wamba.pdf
Nasarawa,AKWANGA/NASSARAWA/EGGON/WAMBA,FC/252/NW,10,ALIYU AGNES ASHEUSTLA,M,NNPP,3937,,Nasarawa_Akwanga-Nassarawa-Eggon-Wamba.pdf
Nasarawa,AKWANGA/NASSARAWA/EGGON/WAMBA,FC/252/NW,11,ABDULKARIM USMAN,M,PDP,57322,DECLARED ELECTED,Nasarawa_Akwanga-Nassarawa-Eggon-Wamba.pdf
Nasarawa,AKWANGA/NASSARAWA/EGGON/WAMBA,FC/252/NW,12,MAISAJE KINGSLEY,M,PRP,15,,Nasarawa_Akwanga-Nassarawa-Eggon-Wamba.pdf
Nasarawa,AKWANGA/NASSARAWA/EGGON/WAMBA,FC/252/NW,13,OMBAGADO BALA JOHN,M,PT,120,,Nasarawa_Akwanga-Nassarawa-Eggon-Wamba.pdf
Nasarawa,AKWANGA/NASSARAWA/EGGON/WAMBA,FC/252/NW,14,AZIZI DAVID,M,RBNP,5,,Nasarawa_Akwanga-Nassarawa-Eggon-Wamba.pdf
Nasarawa,AKWANGA/NASSARAWA/EGGON/WAMBA,FC/252/NW,15,SHUKI GODWIN BISHARA,M,SDP,506,,Nasarawa_Akwanga-Nassarawa-Eggon-Wamba.pdf
Nasarawa,AKWANGA/NASSARAWA/EGGON/WAMBA,FC/252/NW,16,,,ADC,4429,,Nasarawa_Akwanga-Nassarawa-Eggon-Wamba.pdf
Nasarawa,AWE/DOMA/KEANA,FC/253/NW,1,HASSAN ABUBAKAR NALARABA,MALE,APC,41535,DECLARED ELECTED,Nasarawa_Awe-Doma-Keana.pdf
Nasarawa,AWE/DOMA/KEANA,FC/253/NW,2,OMAKU ASAMU ISAAC,MALE,APGA,337,,Nasarawa_Awe-Doma-Keana.pdf
Nasarawa,AWE/DOMA/KEANA,FC/253/NW,3,ABUBAKAR IDRIS GANI,MALE,PDP,30410,,Nasarawa_Awe-Doma-Keana.pdf
Nasarawa,AWE/DOMA/KEANA,FC/253/NW,4,IBRAHIM IDRIS JIBRIN,MALE,SDP,30,,Nasarawa_Awe-Doma-Keana.pdf
Nasarawa,AWE/DOMA/KEANA,FC/253/NW,5,EMMANUEL ABARI,MALE,ZLP,14606,,Nasarawa_Awe-Doma-Keana.pdf
Nasarawa,AWE/DOMA/KEANA,FC/253/NW,6,JIBRIN ALIYU,MALE,PT,21,,Nasarawa_Awe-Doma-Keana.pdf
Nasarawa,AWE/DOMA/KEANA,FC/253/NW,7,LIMAN UMAR ABUBAKAR,MALE,DA,13,,Nasarawa_Awe-Doma-Keana.pdf
Nasarawa,AWE/DOMA/KEANA,FC/253/NW,8,SHITU MOHAMMED SHEHU,MALE,PRP,6,,Nasarawa_Awe-Doma-Keana.pdf
Nasarawa,KEFFI/KARU/KOKONA,FC/254/NW,1,JACOB OKARI OWA,M,APC,59661,,Nasarawa_Keffi-Karu-Kokona.pdf
Nasarawa,KEFFI/KARU/KOKONA,FC/254/NW,2,HASSAN MICHAH ELANG,M,APM,13,,Nasarawa_Keffi-Karu-Kokona.pdf
Nasarawa,KEFFI/KARU/KOKONA,FC/254/NW,3,KANO MOHAMMED ALI,M,DA,54,,Nasarawa_Keffi-Karu-Kokona.pdf
Nasarawa,KEFFI/KARU/KOKONA,FC/254/NW,4,ADAMU AISHA UMAR,M,GPN,5,,Nasarawa_Keffi-Karu-Kokona.pdf
Nasarawa,KEFFI/KARU/KOKONA,FC/254/NW,5,SHUAIBU SALISU ABDULRAZAK,F,LP,31,,Nasarawa_Keffi-Karu-Kokona.pdf
Nasarawa,KEFFI/KARU/KOKONA,FC/254/NW,6,HON AKOLO HARUNA FIDELIS,M,NFD,53,,Nasarawa_Keffi-Karu-Kokona.pdf
Nasarawa,KEFFI/KARU/KOKONA,FC/254/NW,7,GAZA JONATHAN GBEFWI,M,PDP,92282,DECLARED ELECTED,Nasarawa_Keffi-Karu-Kokona.pdf
Nasarawa,KEFFI/KARU/KOKONA,FC/254/NW,8,ABUBAKAR YUSUF DANLAMI,M,PPA,133,,Nasarawa_Keffi-Karu-Kokona.pdf
Nasarawa,KEFFI/KARU/KOKONA,FC/254/NW,9,TANKO ZUBAIRU ABDULKADIR,M,PPN,582,,Nasarawa_Keffi-Karu-Kokona.pdf
Nasarawa,KEFFI/KARU/KOKONA,FC/254/NW,10,BUHARI DANLAMI BARAU,M,PRP,20,,Nasarawa_Keffi-Karu-Kokona.pdf
Nasarawa,KEFFI/KARU/KOKONA,FC/254/NW,11,DOUGLAS DADA,M,PT,11,,Nasarawa_Keffi-Karu-Kokona.pdf
Nasarawa,KEFFI/KARU/KOKONA,FC/254/NW,12,EMMANUEL BAKO,M,SDP,3723,,Nasarawa_Keffi-Karu-Kokona.pdf
Nasarawa,LAFIA OBI,FC/255/NW,1,ABUBAKAR SARKI DAHIRU,MALE,APC,61992,DECLARED ELECTED,Nasarawa_Lafia-OBI.pdf
Nasarawa,LAFIA OBI,FC/255/NW,2,HON. ELISHA AGWADU,MALE,APGA,19239,,Nasarawa_Lafia-OBI.pdf
Nasarawa,LAFIA OBI,FC/255/NW,3,DR. JOSEPH HARUNA KIGBU,MALE,PDP,52392,,Nasarawa_Lafia-OBI.pdf
Nasarawa,LAFIA OBI,FC/255/NW,4,ALIYU GAMBO,MALE,ZLP,2043,,Nasarawa_Lafia-OBI.pdf
Nasarawa,LAFIA OBI,FC/255/NW,5,ADAGADZU SIMON JOSEPH,MALE,SDP,479,,Nasarawa_Lafia-OBI.pdf
Nasarawa,LAFIA OBI,FC/255/NW,6,UMAR YUKUBU YUNUSA,MALE,PPN,85,,Nasarawa_Lafia-OBI.pdf
Nasarawa,LAFIA OBI,FC/255/NW,7,ADAMU ALIYU DOGARA,MALE,UPC,14,,Nasarawa_Lafia-OBI.pdf
Nasarawa,LAFIA OBI,FC/255/NW,8,SULEIMAN YUSUF KYA-SHULLU,MALE,AGA,79,,Nasarawa_Lafia-OBI.pdf
Nasarawa,LAFIA OBI,FC/255/NW,9,TANKO SALISU ABDULHAMID,MALE,LP,20,,Nasarawa_Lafia-OBI.pdf
Nasarawa,LAFIA OBI,FC/255/NW,10,ANTHONY AKIKA,MALE,PT,38,,Nasarawa_Lafia-OBI.pdf
Nasarawa,LAFIA OBI,FC/255/NW,11,ZACHARIAH AUDU AKWE,MALE,MAJA,4,,Nasarawa_Lafia-OBI.pdf
Nasarawa,LAFIA OBI,FC/255/NW,12,EGGA AUDU JAMES,MALE,NNPP,21,,Nasarawa_Lafia-OBI.pdf
Nasarawa,LAFIA OBI,FC/255/NW,13,LAMINO DAHIRU MANSUR,MALE,DA,7,,Nasarawa_Lafia-OBI.pdf
Nasarawa,NASSARAWA TOTO,FC/256/NW,1,DAWUD USMAN MUHAMMED,M,ADP,2860,,Nasarawa_Nassarawa-Toto.pdf
Nasarawa,NASSARAWA TOTO,FC/256/NW,2,ARI MUHAMMED ABDULMUMIN,M,APC,33197,DECLARED ELECTED,Nasarawa_Nassarawa-Toto.pdf
Nasarawa,NASSARAWA TOTO,FC/256/NW,3,ADAMS GWANWA NYISANA,M,APGA,5384,,Nasarawa_Nassarawa-Toto.pdf
Nasarawa,NASSARAWA TOTO,FC/256/NW,4,SHAWEI SULEIMAN IBRAHIM,M,LP,2,,Nasarawa_Nassarawa-Toto.pdf
Nasarawa,NASSARAWA TOTO,FC/256/NW,5,MUSA AHMED MOHAMMED,M,PDP,17695,,Nasarawa_Nassarawa-Toto.pdf
Nasarawa,NASSARAWA TOTO,FC/256/NW,6,MOSES YAKUBU EDE,M,PT,15,,Nasarawa_Nassarawa-Toto.pdf
Nasarawa,NASSARAWA TOTO,FC/256/NW,7,MUHAMMED DIRISU ISAH,M,NRM,13,,Nasarawa_Nassarawa-Toto.pdf
Nasarawa,NASSARAWA TOTO,FC/256/NW,8,AL-ASI ABDULLAHI IBRAHIM,M,SDP,9333,,Nasarawa_Nassarawa-Toto.pdf
Nasarawa,NASSARAWA TOTO,FC/256/NW,9,YUSUF YUNUSA MOHAMMED,M,ZLP,146,,Nasarawa_Nassarawa-Toto.pdf
Nasarawa,NASSARAWA TOTO,FC/256/NW,10,AHMED SALAU AHMED,M,PRP,5,,Nasarawa_Nassarawa-Toto.pdf
Nasarawa,NASSARAWA TOTO,FC/256/NW,11,HON MOHAMMED KASSIMU,M,NFD,4,,Nasarawa_Nassarawa-Toto.pdf
Niger,AGAIE/LAPAI,FC/257/NG,1,MR GANNA DAVID,M,ADC,38,,Niger_AGAIE-LAPAI.pdf
Niger,AGAIE/LAPAI,FC/257/NG,2,IBRAHIM MAHMUD,M,ADP,1385,,Niger_AGAIE-LAPAI.pdf
Niger,AGAIE/LAPAI,FC/257/NG,3,IBRAHIM ALIYU ETSU,M,AGA,17,,Niger_AGAIE-LAPAI.pdf
Niger,AGAIE/LAPAI,FC/257/NG,4,MAMUDU ABDULLAHI,M,APC,19927,DECLARED ELECTED,Niger_AGAIE-LAPAI.pdf
Niger,AGAIE/LAPAI,FC/257/NG,5,IBRAHIM SALIHU,M,DA,9,,Niger_AGAIE-LAPAI.pdf
Niger,AGAIE/LAPAI,FC/257/NG,6,BALA SANUSI,M,LP,4,,Niger_AGAIE-LAPAI.pdf
Niger,AGAIE/LAPAI,FC/257/NG,7,MOHAMMED DANTENI ABDULLAHI,M,NRM,5,,Niger_AGAIE-LAPAI.pdf
Niger,AGAIE/LAPAI,FC/257/NG,8,ISAH SAIDU,M,PDP,14496,,Niger_AGAIE-LAPAI.pdf
Niger,AGAIE/LAPAI,FC/257/NG,9,MOHAMMED DANTENI,M,PPN,25,,Niger_AGAIE-LAPAI.pdf
Niger,AGAIE/LAPAI,FC/257/NG,10,ABDULKADIR ABDULKADIR,M,PRP,547,,Niger_AGAIE-LAPAI.pdf
Niger,AGAIE/LAPAI,FC/257/NG,11,KOLO ADAMU M,M,PT,,,Niger_AGAIE-LAPAI.pdf
Niger,AGAIE/LAPAI,FC/257/NG,12,YAHAYA MOHAMMED,M,SDP,3,,Niger_AGAIE-LAPAI.pdf
Niger,AGWARA/BORGU,FC/258/NG,1,SAIFULLAH HARUNA UMAR,M,ACD,320,,Niger_AGWARA-BORGU.pdf
Niger,AGWARA/BORGU,FC/258/NG,2,ALIYU ABUBAKAR JIKUSAMU,M,AGA,26,,Niger_AGWARA-BORGU.pdf
Niger,AGWARA/BORGU,FC/258/NG,3,MOHAMMED JAFARU,M,APC,32840,DECLARED ELECTED,Niger_AGWARA-BORGU.pdf
Niger,AGWARA/BORGU,FC/258/NG,4,YUSUF MUHAMMAD GUNU,M,LPN,725,,Niger_AGWARA-BORGU.pdf
Niger,AGWARA/BORGU,FC/258/NG,5,MOHAMMED DANJUMA HAMZA,M,NNPP,7,,Niger_AGWARA-BORGU.pdf
Niger,AGWARA/BORGU,FC/258/NG,6,AMINU WAMBAI,M,NRM,16,,Niger_AGWARA-BORGU.pdf
Niger,AGWARA/BORGU,FC/258/NG,7,ABDULRAHMAN BALA GAMBO,M,PDP,20356,,Niger_AGWARA-BORGU.pdf
Niger,AGWARA/BORGU,FC/258/NG,8,AHMADU BELLO ISHIAKU,M,PPM,66,,Niger_AGWARA-BORGU.pdf
Niger,AGWARA/BORGU,FC/258/NG,9,UMAR MOHAMMED B.,M,SDP,3,,Niger_AGWARA-BORGU.pdf
Niger,BIDA/GBAKO/KATCHA,FC/259/NG,1,ADAM BABA UMARU,M,ACD,619,,Niger_BidaGbakoKatcha.pdf
Niger,BIDA/GBAKO/KATCHA,FC/259/NG,2,HON ABUBAKAR A NMA,M,ADC,105,,Niger_BidaGbakoKatcha.pdf
Niger,BIDA/GBAKO/KATCHA,FC/259/NG,3,YAKUBU MOHAMMED,M,ADP,2206,,Niger_BidaGbakoKatcha.pdf
Niger,BIDA/GBAKO/KATCHA,FC/259/NG,4,ABDULLAHI SAIDU MUSA,M,APC,57746,DECLARED ELECTED,Niger_BidaGbakoKatcha.pdf
Niger,BIDA/GBAKO/KATCHA,FC/259/NG,5,ADAMU MA'AJIN USMAN,M,CAP,12,,Niger_BidaGbakoKatcha.pdf
Niger,BIDA/GBAKO/KATCHA,FC/259/NG,6,MOMOH ZAINAB MUSA,F,GPN,17,,Niger_BidaGbakoKatcha.pdf
Niger,BIDA/GBAKO/KATCHA,FC/259/NG,7,SALIHU ISAH,M,LP,14,,Niger_BidaGbakoKatcha.pdf
Niger,BIDA/GBAKO/KATCHA,FC/259/NG,8,BABA MOHAMMED,M,NNPP,35,,Niger_BidaGbakoKatcha.pdf
Niger,BIDA/GBAKO/KATCHA,FC/259/NG,9,MOHAMMED MOHAMMED NAZIR,M,NRM,14,,Niger_BidaGbakoKatcha.pdf
Niger,BIDA/GBAKO/KATCHA,FC/259/NG,10,SHARU MOHAMMED BABA,M,PDP,37993,,Niger_BidaGbakoKatcha.pdf
Niger,BIDA/GBAKO/KATCHA,FC/259/NG,11,SALIHU SULEIMAN,M,PPN,47,,Niger_BidaGbakoKatcha.pdf
Niger,BIDA/GBAKO/KATCHA,FC/259/NG,12,HARUNA ABUBAKAR,M,PRP,10,,Niger_BidaGbakoKatcha.pdf
Niger,BIDA/GBAKO/KATCHA,FC/259/NG,13,IBRAHIM MUSA,M,PT,4,,Niger_BidaGbakoKatcha.pdf
Niger,BIDA/GBAKO/KATCHA,FC/259/NG,14,ALIYU ALH. SULE,M,SDP,14,,Niger_BidaGbakoKatcha.pdf
Niger,BOSSO/PAIKORO,FC/260/NG,1,JAMES BAITACHI,M,ADP,9559,,Niger_BossoPaikoro.pdf
Niger,BOSSO/PAIKORO,FC/260/NG,2,BARWA SHEHU BEJI,M,APC,46512,DECLARED ELECTED,Niger_BossoPaikoro.pdf
Niger,BOSSO/PAIKORO,FC/260/NG,3,MOHAMMED DADA ABDULLAHI,M,PDP,21578,,Niger_BossoPaikoro.pdf
Niger,CHANCHAGA,,1,MOSES ALKALI,M,ACD,779,,Niger_CHANCHAGA.pdf
Niger,CHANCHAGA,,2,ALH MUSA GIWA USMAN,M,ADC,266,,Niger_CHANCHAGA.pdf
Niger,CHANCHAGA,,3,AHMED NMAA ABUBAKAR,M,ADP,4415,,Niger_CHANCHAGA.pdf
Niger,CHANCHAGA,,4,IBRAHIM MUSTAPHA,M,ANRP,356,,Niger_CHANCHAGA.pdf
Niger,CHANCHAGA,,5,MOHAMMED UMARU BAGO,M,APC,39391,DECLARED ELECTED,Niger_CHANCHAGA.pdf
Niger,CHANCHAGA,,6,SANI ABUBAKAR,F,APP,132,,Niger_CHANCHAGA.pdf
Niger,CHANCHAGA,,7,SULEIMAN A A TAKUJI,M,BNPP,6,,Niger_CHANCHAGA.pdf
Niger,CHANCHAGA,,8,IBRAHIM MAMMAN,M,CAP,9,,Niger_CHANCHAGA.pdf
Niger,CHANCHAGA,,9,MUHAMMED HULERA AUTA,F,GPN,9,,Niger_CHANCHAGA.pdf
Niger,CHANCHAGA,,10,ASHIRU ISAH,M,LP,14,,Niger_CHANCHAGA.pdf
Niger,CHANCHAGA,,11,AALIYU SALIHU BAB,M,NCP,75,,Niger_CHANCHAGA.pdf
Niger,CHANCHAGA,,12,HARUNA MUSA,M,NNPP,28,,Niger_CHANCHAGA.pdf
Niger,CHANCHAGA,,13,ALIYU MUHAMMAD,M,NRM,35,,Niger_CHANCHAGA.pdf
Niger,CHANCHAGA,,14,ABUBAKAR ABDUL BUBA,M,PDP,17869,,Niger_CHANCHAGA.pdf
Niger,CHANCHAGA,,15,ABUBAKAR IDRIS KATAMBA,M,PPN,39,,Niger_CHANCHAGA.pdf
Niger,CHANCHAGA,,16,GARBA SULEIMAN A.,M,PRP,155,,Niger_CHANCHAGA.pdf
Niger,CHANCHAGA,,17,MUSTAPHA MOHAMMED,M,PT,2,,Niger_CHANCHAGA.pdf
Niger,CHANCHAGA,,18,USMAN AISHA,F,SDP,19,,Niger_CHANCHAGA.pdf
Niger,GURARA/SULEJA/TAPA,FC/262/NG,1,YUSUF GARBA TAGWAI,M,ACD,7391,,Niger_GuraraSulejaTapa.pdf
Niger,GURARA/SULEJA/TAPA,FC/262/NG,2,HALILU ABUBAKAR YAWALE,M,ADC,600,,Niger_GuraraSulejaTapa.pdf
Niger,GURARA/SULEJA/TAPA,FC/262/NG,3,ABDULLAHI ABUBAKAR LADO,M,APC,54224,DECLARED ELECTED,Niger_GuraraSulejaTapa.pdf
Niger,GURARA/SULEJA/TAPA,FC/262/NG,4,AHMED DAHIRU TANKO,M,APGA,1053,,Niger_GuraraSulejaTapa.pdf
Niger,GURARA/SULEJA/TAPA,FC/262/NG,5,UMAR GARBA,M,DA,32,,Niger_GuraraSulejaTapa.pdf
Niger,GURARA/SULEJA/TAPA,FC/262/NG,6,ADAMU FATIMA,F,GPN,17,,Niger_GuraraSulejaTapa.pdf
Niger,GURARA/SULEJA/TAPA,FC/262/NG,7,FAHAD MOHAMMED,M,LP,49,,Niger_GuraraSulejaTapa.pdf
Niger,GURARA/SULEJA/TAPA,FC/262/NG,8,HABIBU MUSA BELLO,M,NNPP,21,,Niger_GuraraSulejaTapa.pdf
Niger,GURARA/SULEJA/TAPA,FC/262/NG,9,IDRIS IBRAHIM,M,NPM,33,,Niger_GuraraSulejaTapa.pdf
Niger,GURARA/SULEJA/TAPA,FC/262/NG,10,MUSTAFA HARUNA,M,NRM,25,,Niger_GuraraSulejaTapa.pdf
Niger,GURARA/SULEJA/TAPA,FC/262/NG,11,DANLADI TEKPEZHI I IYAH,M,PDP,38732,,Niger_GuraraSulejaTapa.pdf
Niger,GURARA/SULEJA/TAPA,FC/262/NG,12,FRANCIS ADAMU,M,PT,26,,Niger_GuraraSulejaTapa.pdf
Niger,GURARA/SULEJA/TAPA,FC/262/NG,13,MUHAMMED ABDULKARIM,M,SDP,128,,Niger_GuraraSulejaTapa.pdf
Niger,GURARA/SULEJA/TAPA,FC/262/NG,14,YAKUBU TANKO,M,ZLP,1176,,Niger_GuraraSulejaTapa.pdf
Niger,KONTAGORA/WUSHISHI/MARIGA/MASHEGU,FC/265/NG,1,SALISU YA'U NABARA,M,ACD,935,,Niger_KontagoraWushishi.pdf
Niger,KONTAGORA/WUSHISHI/MARIGA/MASHEGU,FC/265/NG,2,MOHAMMED K GARBA,M,ADC,185,,Niger_KontagoraWushishi.pdf
Niger,KONTAGORA/WUSHISHI/MARIGA/MASHEGU,FC/265/NG,3,IBRAHIM BAKO,M,ADP,929,,Niger_KontagoraWushishi.pdf
Niger,KONTAGORA/WUSHISHI/MARIGA/MASHEGU,FC/265/NG,4,IDRIS GARBA ABDULLAHI,,APC,95454,DECLARED ELECTED,Niger_KontagoraWushishi.pdf
Niger,KONTAGORA/WUSHISHI/MARIGA/MASHEGU,FC/265/NG,5,MUHAMMED ABUBAKAR,M,BNPP,65,,Niger_KontagoraWushishi.pdf
Niger,KONTAGORA/WUSHISHI/MARIGA/MASHEGU,FC/265/NG,6,MUSA HANNATU ALHERI,F,GPN,35,,Niger_KontagoraWushishi.pdf
Niger,KONTAGORA/WUSHISHI/MARIGA/MASHEGU,FC/265/NG,7,HAUWA DANJUMA,F,NNPP,75,,Niger_KontagoraWushishi.pdf
Niger,KONTAGORA/WUSHISHI/MARIGA/MASHEGU,FC/265/NG,8,ZAKARIYA'U ALIYU,M,NRM,2596,,Niger_KontagoraWushishi.pdf
Niger,KONTAGORA/WUSHISHI/MARIGA/MASHEGU,FC/265/NG,9,SA'ADATU KOLO MOHAMMED,F,PDP,25182,,Niger_KontagoraWushishi.pdf
Niger,KONTAGORA/WUSHISHI/MARIGA/MASHEGU,FC/265/NG,10,SAIDU YUSUF,M,PPN,168,,Niger_KontagoraWushishi.pdf
Niger,KONTAGORA/WUSHISHI/MARIGA/MASHEGU,FC/265/NG,11,IBRAHIM MADAWAKI,M,PRP,408,,Niger_KontagoraWushishi.pdf
Niger,KONTAGORA/WUSHISHI/MARIGA/MASHEGU,FC/265/NG,12,ISHOLA ADEREMI,M,SDP,22,,Niger_KontagoraWushishi.pdf
Niger,LAVUN/MOKWA/EDATI,FC/263/NG,1,THEOPHILUS DANJUMA SHESHI,M,ACD,660,,Niger_LavunMokwaEdati.pdf
Niger,LAVUN/MOKWA/EDATI,FC/263/NG,2,AHMED MUSA IBRAHIM,M,ADC,165,,Niger_LavunMokwaEdati.pdf
Niger,LAVUN/MOKWA/EDATI,FC/263/NG,3,ABUBAKAR SADIQ ADAMU,M,ADP,4808,,Niger_LavunMokwaEdati.pdf
Niger,LAVUN/MOKWA/EDATI,FC/263/NG,4,USMAN ABDULLAHI,M,APC,52665,DECLARED ELECTED,Niger_LavunMokwaEdati.pdf
Niger,LAVUN/MOKWA/EDATI,FC/263/NG,5,KOLO MOHAMMED TSAZAKO,M,NNPP,25,,Niger_LavunMokwaEdati.pdf
Niger,LAVUN/MOKWA/EDATI,FC/263/NG,6,ALIYU MOHAMMED FATIMA,F,NRM,11,,Niger_LavunMokwaEdati.pdf
Niger,LAVUN/MOKWA/EDATI,FC/263/NG,7,GANA PAUL YISA,M,PDM,312,,Niger_LavunMokwaEdati.pdf
Niger,LAVUN/MOKWA/EDATI,FC/263/NG,8,ABUBAKAR SULAIMAN,M,PDP,36587,,Niger_LavunMokwaEdati.pdf
Niger,LAVUN/MOKWA/EDATI,FC/263/NG,9,ZHITSU AHMED,M,PPN,41,,Niger_LavunMokwaEdati.pdf
Niger,LAVUN/MOKWA/EDATI,FC/263/NG,10,YAKUBU ISAH,M,PT,6,,Niger_LavunMokwaEdati.pdf
Niger,LAVUN/MOKWA/EDATI,FC/263/NG,11,ABU AHMED,M,SDP,1445,,Niger_LavunMokwaEdati.pdf
Niger,MAGAMA/RIJAU,FC/264/NG,1,ADAMU SALIHU,M,ACD,148,,Niger_MagamaRijau.pdf
Niger,MAGAMA/RIJAU,FC/264/NG,2,IBRAHIM GARBA,M,ADC,40,,Niger_MagamaRijau.pdf
Niger,MAGAMA/RIJAU,FC/264/NG,3,GARBA SHEHU MALAMI,M,ADP,154,,Niger_MagamaRijau.pdf
Niger,MAGAMA/RIJAU,FC/264/NG,4,SALEH SHEHU RIJAU,M,APC,39889,DECLARED ELECTED,Niger_MagamaRijau.pdf
Niger,MAGAMA/RIJAU,FC/264/NG,5,SALISU GARBA KHAIRU,M,DA,26,,Niger_MagamaRijau.pdf
Niger,MAGAMA/RIJAU,FC/264/NG,6,HARUNA AHMED,F,GPN,14,,Niger_MagamaRijau.pdf
Niger,MAGAMA/RIJAU,FC/264/NG,7,UMAR HUSSAINI,M,LP,15,,Niger_MagamaRijau.pdf
Niger,MAGAMA/RIJAU,FC/264/NG,8,ADAMU SALE,M,NRM,14,,Niger_MagamaRijau.pdf
Niger,MAGAMA/RIJAU,FC/264/NG,9,GARBA MOHAMMED DUKKU,M,PDP,23747,,Niger_MagamaRijau.pdf
Niger,MAGAMA/RIJAU,FC/264/NG,10,HARUNA AHMED,M,PPN,91,,Niger_MagamaRijau.pdf
Niger,MAGAMA/RIJAU,FC/264/NG,11,GARBA ALH. IBRAHIM,M,SDP,10,,Niger_MagamaRijau.pdf
Niger,SHIRORO/RAFI/MUNYA,FC/266/NG,1,AHMED AWALSU,M,ACD,1295,,Niger_ShiroroRafiMunya.pdf
Niger,SHIRORO/RAFI/MUNYA,FC/266/NG,2,MOHAMMED MURTALA,M,ADC,223,,Niger_ShiroroRafiMunya.pdf
Niger,SHIRORO/RAFI/MUNYA,FC/266/NG,3,MUSA ABUBAKAR,M,ADP,615,,Niger_ShiroroRafiMunya.pdf
Niger,SHIRORO/RAFI/MUNYA,FC/266/NG,4,UMAR SAIDU DOKA,,APC,69218,DECLARED ELECTED,Niger_ShiroroRafiMunya.pdf
Niger,SHIRORO/RAFI/MUNYA,FC/266/NG,7,DAUDA NAOMI LAGADO,F,LPN,223,,Niger_ShiroroRafiMunya.pdf
Niger,SHIRORO/RAFI/MUNYA,FC/266/NG,10,ABDULLAHI RICCO MOHAMMED,M,PDP,30275,,Niger_ShiroroRafiMunya.pdf
Niger,SHIRORO/RAFI/MUNYA,FC/266/NG,11,TANKO IBRAHIM ABUBAKAR,M PPN,,334,,Niger_ShiroroRafiMunya.pdf
Ogun,ABEOKUTA NORTH/OBAFEMI OWODE/ODEDA,FC/267/OG,1,OLALEYE ADESINA L. IBRAHEEM,M,A,409,,Ogun_ABEOKUTA-N-OBAFEMI-OWODE-ODEDA.pdf
Ogun,ABEOKUTA NORTH/OBAFEMI OWODE/ODEDA,FC/267/OG,2,AKINYELE BENEDICT BOSUN,M,AD,409,,Ogun_ABEOKUTA-N-OBAFEMI-OWODE-ODEDA.pdf
Ogun,ABEOKUTA NORTH/OBAFEMI OWODE/ODEDA,FC/267/OG,3,OLABODE OMOLEYE,M,ADC,10834,,Ogun_ABEOKUTA-N-OBAFEMI-OWODE-ODEDA.pdf
Ogun,ABEOKUTA NORTH/OBAFEMI OWODE/ODEDA,FC/267/OG,4,KAREEMAT ADERINSOLA ABIOLA,F,ADP,2865,,Ogun_ABEOKUTA-N-OBAFEMI-OWODE-ODEDA.pdf
Ogun,ABEOKUTA NORTH/OBAFEMI OWODE/ODEDA,FC/267/OG,5,OSOBA OLUMIDE BABATUNDE,M,APC,33538,,Ogun_ABEOKUTA-N-OBAFEMI-OWODE-ODEDA.pdf
Ogun,ABEOKUTA NORTH/OBAFEMI OWODE/ODEDA,FC/267/OG,6,OLAYIWOLA KAZZIM MUKAILA,M,APM,14903,,Ogun_ABEOKUTA-N-OBAFEMI-OWODE-ODEDA.pdf
Ogun,ABEOKUTA NORTH/OBAFEMI OWODE/ODEDA,FC/267/OG,7,FAKOREDE SEGUN JUDE,M,ASD,69,,Ogun_ABEOKUTA-N-OBAFEMI-OWODE-ODEDA.pdf
Ogun,ABEOKUTA NORTH/OBAFEMI OWODE/ODEDA,FC/267/OG,8,AROGUNBADE ABDUL GANIYU,M,CAP,35,,Ogun_ABEOKUTA-N-OBAFEMI-OWODE-ODEDA.pdf
Ogun,ABEOKUTA NORTH/OBAFEMI OWODE/ODEDA,FC/267/OG,9,DAVID SOLA ALANI,M,DA,92,,Ogun_ABEOKUTA-N-OBAFEMI-OWODE-ODEDA.pdf
Ogun,ABEOKUTA NORTH/OBAFEMI OWODE/ODEDA,FC/267/OG,10,OLABODE TAOFEEK BABATUNDE,M,DPP,94,,Ogun_ABEOKUTA-N-OBAFEMI-OWODE-ODEDA.pdf
Ogun,ABEOKUTA NORTH/OBAFEMI OWODE/ODEDA,FC/267/OG,11,DELE NAJEEM ONATADE,M,GPN,60,,Ogun_ABEOKUTA-N-OBAFEMI-OWODE-ODEDA.pdf
Ogun,ABEOKUTA NORTH/OBAFEMI OWODE/ODEDA,FC/267/OG,12,AKINWUMI AKINTONA OLADELE,M,LP,203,,Ogun_ABEOKUTA-N-OBAFEMI-OWODE-ODEDA.pdf
Ogun,ABEOKUTA NORTH/OBAFEMI OWODE/ODEDA,FC/267/OG,13,ALAMU ILESANMI AKEEM,M,MPN,150,,Ogun_ABEOKUTA-N-OBAFEMI-OWODE-ODEDA.pdf
Ogun,ABEOKUTA NORTH/OBAFEMI OWODE/ODEDA,FC/267/OG,14,LANRE-BALOGUN ABIMBOLA,F,PDP,14313,,Ogun_ABEOKUTA-N-OBAFEMI-OWODE-ODEDA.pdf
Ogun,ABEOKUTA NORTH/OBAFEMI OWODE/ODEDA,FC/267/OG,15,AJIBOYE PETER OLUFUNSO,M,PPC,391,,Ogun_ABEOKUTA-N-OBAFEMI-OWODE-ODEDA.pdf
Ogun,ABEOKUTA NORTH/OBAFEMI OWODE/ODEDA,FC/267/OG,16,EYIOWUAWI MUFTAU AJIBADE,M,PPN,219,,Ogun_ABEOKUTA-N-OBAFEMI-OWODE-ODEDA.pdf
Ogun,ABEOKUTA NORTH/OBAFEMI OWODE/ODEDA,FC/267/OG,17,TAIWO JULIUS,M,PT,32,,Ogun_ABEOKUTA-N-OBAFEMI-OWODE-ODEDA.pdf
Ogun,ABEOKUTA NORTH/OBAFEMI OWODE/ODEDA,FC/267/OG,18,SOLANKE OLANIYI OLUSEYI,M,SNP,84,,Ogun_ABEOKUTA-N-OBAFEMI-OWODE-ODEDA.pdf
Ogun,ABEOKUTA NORTH/OBAFEMI OWODE/ODEDA,FC/267/OG,19,SHONEKAN BASIRAT UMARU,F,YES,169,,Ogun_ABEOKUTA-N-OBAFEMI-OWODE-ODEDA.pdf
Ogun,ABEOKUTA NORTH/OBAFEMI OWODE/ODEDA,FC/267/OG,20,BADMUS KAYODE,M,ZLP,75,,Ogun_ABEOKUTA-N-OBAFEMI-OWODE-ODEDA.pdf
Ogun,ABEOKUTA SOUTH,FC/268/OG,1,SOMOYE KEHINDE ADEBAYO,MALE,A,626,,Ogun_ABEOKUTA-SOUTH.pdf
Ogun,ABEOKUTA SOUTH,FC/268/OG,2,AYOKUNLE BABASANYA CRAIG,MALE,AD,183,,Ogun_ABEOKUTA-SOUTH.pdf
Ogun,ABEOKUTA SOUTH,FC/268/OG,3,OLUSINA OGUNDIMU AKANDE,MALE,ADC,7621,,Ogun_ABEOKUTA-SOUTH.pdf
Ogun,ABEOKUTA SOUTH,FC/268/OG,4,BANKOLE TAIWO O. GANIYU,MALE,ADP,2760,,Ogun_ABEOKUTA-SOUTH.pdf
Ogun,ABEOKUTA SOUTH,FC/268/OG,5,AMOSUN AKEEM AKINTAYO,MALE,ANN,5189,,Ogun_ABEOKUTA-SOUTH.pdf
Ogun,ABEOKUTA SOUTH,FC/268/OG,6,EDUN OLANREWAJU OLADAPO,MALE,APC,17003,DECLARED ELECTED,Ogun_ABEOKUTA-SOUTH.pdf
Ogun,ABEOKUTA SOUTH,FC/268/OG,7,"ONAJI SIMISOLA KEHINDE, OLULADE",FEMALE,APM,807,,Ogun_ABEOKUTA-SOUTH.pdf
Ogun,ABEOKUTA SOUTH,FC/268/OG,8,AKINBOYEDE ADELEKE A.,MALE,C4C,13,,Ogun_ABEOKUTA-SOUTH.pdf
Ogun,ABEOKUTA SOUTH,FC/268/OG,9,AKINWANDE SAMUSIDEEN KOLAWOLE,MALE,CAP,24,,Ogun_ABEOKUTA-SOUTH.pdf
Ogun,ABEOKUTA SOUTH,FC/268/OG,10,AKINYELE OLANREWAJU,MALE,DA,54,,Ogun_ABEOKUTA-SOUTH.pdf
Ogun,ABEOKUTA SOUTH,FC/268/OG,11,AKINWUNMI OLAJUMOKE OLUSEYI,FEMALE,DPP,57,,Ogun_ABEOKUTA-SOUTH.pdf
Ogun,ABEOKUTA SOUTH,FC/268/OG,12,OLOJEDE OLUWASEUN AREMU,MALE,GPN,32,,Ogun_ABEOKUTA-SOUTH.pdf
Ogun,ABEOKUTA SOUTH,FC/268/OG,13,WILLIAMS SAMUEL OLUSEGUN,MALE,LP,839,,Ogun_ABEOKUTA-SOUTH.pdf
Ogun,ABEOKUTA SOUTH,FC/268/OG,14,ADEYINKA ADEKUNLE,MALE,MPN,208,,Ogun_ABEOKUTA-SOUTH.pdf
Ogun,ABEOKUTA SOUTH,FC/268/OG,15,SHOWUNMI ADEYEMI OLUSEGUN ANTHONY,MALE,PDP,8608,,Ogun_ABEOKUTA-SOUTH.pdf
Ogun,ABEOKUTA SOUTH,FC/268/OG,16,OYESANYA TEMILOLA,FEMALE,PPC,218,,Ogun_ABEOKUTA-SOUTH.pdf
Ogun,ABEOKUTA SOUTH,FC/268/OG,17,OLUMIDE SAMUEL AYINDE,MALE,PPN,76,,Ogun_ABEOKUTA-SOUTH.pdf
Ogun,ABEOKUTA SOUTH,FC/268/OG,18,SOGUNLE KEHINDE ANTHONY,MALE,PT,12,,Ogun_ABEOKUTA-SOUTH.pdf
Ogun,ABEOKUTA SOUTH,FC/268/OG,19,AYODEJI ADESHINA OMONUADE,MALE,SDP,3033,,Ogun_ABEOKUTA-SOUTH.pdf
Ogun,ABEOKUTA SOUTH,FC/268/OG,20,MACJOB GBOLAHAN PETER,MALE,YDP,56,,Ogun_ABEOKUTA-SOUTH.pdf
Ogun,ABEOKUTA SOUTH,FC/268/OG,21,JOEL OLANIRAN SOBAYO,MALE,YES,215,,Ogun_ABEOKUTA-SOUTH.pdf
Ogun,ABEOKUTA SOUTH,FC/268/OG,22,APEWA KAYODE FASASI,MALE,ZLP,23,,Ogun_ABEOKUTA-SOUTH.pdf
Ogun,ADO-ODO/OTA,FC/269/OG,1,OKE ABAYOMI ISHOLA,M,A,651,,Ogun_ADO-ODO.-OTA.pdf
Ogun,ADO-ODO/OTA,FC/269/OG,2,MUYIWA SOLOMON ODEWOLE,M,AAC,355,,Ogun_ADO-ODO.-OTA.pdf
Ogun,ADO-ODO/OTA,FC/269/OG,3,JOHN OLAYEMI SUNDAY,M,AD,202,,Ogun_ADO-ODO.-OTA.pdf
Ogun,ADO-ODO/OTA,FC/269/OG,4,AKANDE ABIODUN AKINBOYEDE,M,ADC,6243,,Ogun_ADO-ODO.-OTA.pdf
Ogun,ADO-ODO/OTA,FC/269/OG,5,FASINU MICHEAL AJAYI,M,ADP,1708,,Ogun_ADO-ODO.-OTA.pdf
Ogun,ADO-ODO/OTA,FC/269/OG,6,OJUGBELE JIMOH OLUSOLA,M,APC,24184,DECLARED ELECTED,Ogun_ADO-ODO.-OTA.pdf
Ogun,ADO-ODO/OTA,FC/269/OG,7,ROTIMI RAHMAN JIMOH,M,APM,15132,,Ogun_ADO-ODO.-OTA.pdf
Ogun,ADO-ODO/OTA,FC/269/OG,8,OJUKO SAHEED ADESEGUN,M,C4C,19,,Ogun_ADO-ODO.-OTA.pdf
Ogun,ADO-ODO/OTA,FC/269/OG,9,AINA OLATUNJI GBENGA,M,DA,84,,Ogun_ADO-ODO.-OTA.pdf
Ogun,ADO-ODO/OTA,FC/269/OG,10,LAMIDI RASHEED A,M,DPP,126,,Ogun_ADO-ODO.-OTA.pdf
Ogun,ADO-ODO/OTA,FC/269/OG,11,FAGBERO TAIWO NURUDEEN,M,GPN,25,,Ogun_ADO-ODO.-OTA.pdf
Ogun,ADO-ODO/OTA,FC/269/OG,12,EWENLA BUNMI,M,JMPP,69,,Ogun_ADO-ODO.-OTA.pdf
Ogun,ADO-ODO/OTA,FC/269/OG,13,TAIWO TOSIN ADEYEMI,M,LP,100,,Ogun_ADO-ODO.-OTA.pdf
Ogun,ADO-ODO/OTA,FC/269/OG,14,AJADI ODUOLA ABDULFATAI,M,MPN,124,,Ogun_ADO-ODO.-OTA.pdf
Ogun,ADO-ODO/OTA,FC/269/OG,15,SUNMONU MONSURU OLUSEGUN,M,PDP,15880,,Ogun_ADO-ODO.-OTA.pdf
Ogun,ADO-ODO/OTA,FC/269/OG,16,ONUORAH PAULINUS,M,PPC,284,,Ogun_ADO-ODO.-OTA.pdf
Ogun,ADO-ODO/OTA,FC/269/OG,17,EYIOWUAWI LATEEF OYEWOLE,M,PPN,202,,Ogun_ADO-ODO.-OTA.pdf
Ogun,ADO-ODO/OTA,FC/269/OG,18,AKINLADE HENRY KOLAWOLE,M,PT,38,,Ogun_ADO-ODO.-OTA.pdf
Ogun,ADO-ODO/OTA,FC/269/OG,19,OLUKUNLE ALAGBE STEPHEN,M,YES,43,,Ogun_ADO-ODO.-OTA.pdf
Ogun,ADO-ODO/OTA,FC/269/OG,20,ABDULKAREEM AROGUNDADE,M,ZLP,52,,Ogun_ADO-ODO.-OTA.pdf
Ogun,EGBADO NORTH/IMEKO-AFON,FC/270/OG,1,ARAMIDE GABRIEL,M,A,464,,Ogun_EGBADO-NORTH-IMEKO-AFON.pdf
Ogun,EGBADO NORTH/IMEKO-AFON,FC/270/OG,2,OLOWOOKERE AZEE OLATUNJI,M,AD,141,,Ogun_EGBADO-NORTH-IMEKO-AFON.pdf
Ogun,EGBADO NORTH/IMEKO-AFON,FC/270/OG,3,JIMOH OLAIFA AREMU,M,ADC,19687,DECLARED ELECTED,Ogun_EGBADO-NORTH-IMEKO-AFON.pdf
Ogun,EGBADO NORTH/IMEKO-AFON,FC/270/OG,4,JOB OLUFEMI AKINTAN,M,ADP,3693,,Ogun_EGBADO-NORTH-IMEKO-AFON.pdf
Ogun,EGBADO NORTH/IMEKO-AFON,FC/270/OG,5,OLADELE KAYODE,M,APC,10861,,Ogun_EGBADO-NORTH-IMEKO-AFON.pdf
Ogun,EGBADO NORTH/IMEKO-AFON,FC/270/OG,6,ABIODUN ADEYEMI ADEBAYO,M,APM,11403,,Ogun_EGBADO-NORTH-IMEKO-AFON.pdf
Ogun,EGBADO NORTH/IMEKO-AFON,FC/270/OG,7,KUYIBI NAJEEM OLUWASESAN,M,DA,132,,Ogun_EGBADO-NORTH-IMEKO-AFON.pdf
Ogun,EGBADO NORTH/IMEKO-AFON,FC/270/OG,8,ADEKUMBI FATAI AREMU,M,DPP,47,,Ogun_EGBADO-NORTH-IMEKO-AFON.pdf
Ogun,EGBADO NORTH/IMEKO-AFON,FC/270/OG,9,POOPOLA SEGUN,M,GPN,15,,Ogun_EGBADO-NORTH-IMEKO-AFON.pdf
Ogun,EGBADO NORTH/IMEKO-AFON,FC/270/OG,10,OGUNJIMI ADEOLU TAIWO,M,LP,198,,Ogun_EGBADO-NORTH-IMEKO-AFON.pdf
Ogun,EGBADO NORTH/IMEKO-AFON,FC/270/OG,11,ABAYOMI MESIOYE OLADIPUPO,M,MPN,146,,Ogun_EGBADO-NORTH-IMEKO-AFON.pdf
Ogun,EGBADO NORTH/IMEKO-AFON,FC/270/OG,12,KOJEKU DAVID SUNDAY OLUSOLA,M,PDP,9023,,Ogun_EGBADO-NORTH-IMEKO-AFON.pdf
Ogun,EGBADO NORTH/IMEKO-AFON,FC/270/OG,13,ADEBIYI ISMAIL OLAYEMI,M,PPN,185,,Ogun_EGBADO-NORTH-IMEKO-AFON.pdf
Ogun,EGBADO NORTH/IMEKO-AFON,FC/270/OG,14,ADEYEMI OLURUNLEKE,M,PT,21,,Ogun_EGBADO-NORTH-IMEKO-AFON.pdf
Ogun,EGBADO NORTH/IMEKO-AFON,FC/270/OG,15,OLALEKAN GAMALIEL AKINTOLA,M,RBNP,19,,Ogun_EGBADO-NORTH-IMEKO-AFON.pdf
Ogun,EGBADO NORTH/IMEKO-AFON,FC/270/OG,16,ADEBOWALE SEGUN,M,ZLP,20,,Ogun_EGBADO-NORTH-IMEKO-AFON.pdf
Ogun,ETINAN/NSIT IBOM/NSIT UBIUM,FC/271/OG,1,ADEWALE OLUSEGUN ADESHINA,MALE,A,298,,Ogun_EGBADO-SOUTH-IPOKIA.pdf
Ogun,ETINAN/NSIT IBOM/NSIT UBIUM,FC/271/OG,2,OLURIN ITUNU OYENIKE,FEMALE,AD,117,,Ogun_EGBADO-SOUTH-IPOKIA.pdf
Ogun,ETINAN/NSIT IBOM/NSIT UBIUM,FC/271/OG,3,MUKAILA ADEYANJU KAYODE,MALE,ADC,4209,,Ogun_EGBADO-SOUTH-IPOKIA.pdf
Ogun,ETINAN/NSIT IBOM/NSIT UBIUM,FC/271/OG,4,ABIODUN MATHEW ADEBAYO,MALE,ADP,1778,,Ogun_EGBADO-SOUTH-IPOKIA.pdf
Ogun,ETINAN/NSIT IBOM/NSIT UBIUM,FC/271/OG,5,OTEGBEYE OLUBIYI OLADIPUPO,MALE,APC,19796,,Ogun_EGBADO-SOUTH-IPOKIA.pdf
Ogun,ETINAN/NSIT IBOM/NSIT UBIUM,FC/271/OG,6,WASIU LAWAL KOLAWOLE,MALE,APM,23533,DECLARED ELECTED,Ogun_EGBADO-SOUTH-IPOKIA.pdf
Ogun,ETINAN/NSIT IBOM/NSIT UBIUM,FC/271/OG,7,AYELABOLA DAVID IGBEKELE,MALE,CAP,37,,Ogun_EGBADO-SOUTH-IPOKIA.pdf
Ogun,ETINAN/NSIT IBOM/NSIT UBIUM,FC/271/OG,8,OLUKUEWU SAMUEL. O,MALE,DA,119,,Ogun_EGBADO-SOUTH-IPOKIA.pdf
Ogun,ETINAN/NSIT IBOM/NSIT UBIUM,FC/271/OG,9,ODEBIYI SAFIU ABIODUN,MALE,DPP,48,,Ogun_EGBADO-SOUTH-IPOKIA.pdf
Ogun,ETINAN/NSIT IBOM/NSIT UBIUM,FC/271/OG,10,ODUNMBAKU RASHEED AJIBOLA,MALE,GPN,17,,Ogun_EGBADO-SOUTH-IPOKIA.pdf
Ogun,ETINAN/NSIT IBOM/NSIT UBIUM,FC/271/OG,11,ADELEYE GODWIN KAYODE,MALE,LP,99,,Ogun_EGBADO-SOUTH-IPOKIA.pdf
Ogun,ETINAN/NSIT IBOM/NSIT UBIUM,FC/271/OG,12,AYINDE BASHIRU FATAI,MALE,MPN,337,,Ogun_EGBADO-SOUTH-IPOKIA.pdf
Ogun,ETINAN/NSIT IBOM/NSIT UBIUM,FC/271/OG,13,AJOSE PAUL OLAYEMI SURU,MALE,PDP,17029,,Ogun_EGBADO-SOUTH-IPOKIA.pdf
Ogun,ETINAN/NSIT IBOM/NSIT UBIUM,FC/271/OG,14,ADEBISI ADEBOWALE MATHEW,MALE,PPN,255,,Ogun_EGBADO-SOUTH-IPOKIA.pdf
Ogun,ETINAN/NSIT IBOM/NSIT UBIUM,FC/271/OG,15,OWONIKOKO JIMOH,MALE,PT,23,,Ogun_EGBADO-SOUTH-IPOKIA.pdf
Ogun,ETINAN/NSIT IBOM/NSIT UBIUM,FC/271/OG,16,IDOWU OLUKAYODE,MALE,SDP,1029,,Ogun_EGBADO-SOUTH-IPOKIA.pdf
Ogun,ETINAN/NSIT IBOM/NSIT UBIUM,FC/271/OG,17,KAZEEM WAHEED,MALE,ZLP,36,,Ogun_EGBADO-SOUTH-IPOKIA.pdf
Ogun,IFO/EWEKORO,FC/272/OG,1,HON.JOHNSON FATOKI,M,ADC,5830,,Ogun_IFO-EWEKORO.pdf
Ogun,IFO/EWEKORO,FC/272/OG,2,HON. IBRAHIM A. ISIALA,M,APC,22835,DECLARED ELECTED,Ogun_IFO-EWEKORO.pdf
Ogun,IFO/EWEKORO,FC/272/OG,3,BAR.ADELEKE M. ADEWOLU,M,APM,9801,,Ogun_IFO-EWEKORO.pdf
Ogun,IFO/EWEKORO,FC/272/OG,4,MR.CYRUS O. JOHNSON,M,LP,170,,Ogun_IFO-EWEKORO.pdf
Ogun,IFO/EWEKORO,FC/272/OG,5,CHIEF ABDULATEEF A ADEDAMOLA,M,PDP,10718,,Ogun_IFO-EWEKORO.pdf
Ogun,IFO/EWEKORO,FC/272/OG,6,ENGR. SAHEED ARIORI,M,DPP,56,,Ogun_IFO-EWEKORO.pdf
Ogun,IFO/EWEKORO,FC/272/OG,7,HON.NURUDEEN ADIO,M,GPN,37,,Ogun_IFO-EWEKORO.pdf
Ogun,IJEBU NORTH/IJEBU EAST/OGUN WATERSIDE,FC/273/OG,1,ODUWOLE OLASUNKANMI ALABA,MALE,A,186,,Ogun_IJEBU-N-EAST-OGUN-WATERSIDE.pdf
Ogun,IJEBU NORTH/IJEBU EAST/OGUN WATERSIDE,FC/273/OG,2,ELIAS BABATUNDE LATEEF,MALE,AD,192,,Ogun_IJEBU-N-EAST-OGUN-WATERSIDE.pdf
Ogun,IJEBU NORTH/IJEBU EAST/OGUN WATERSIDE,FC/273/OG,3,OLAMIDE OSINOWO JENRIYI,MALE,ADC,2345,,Ogun_IJEBU-N-EAST-OGUN-WATERSIDE.pdf
Ogun,IJEBU NORTH/IJEBU EAST/OGUN WATERSIDE,FC/273/OG,4,OLUFEMI TAJUDEEN SANNI,MALE,ADP,2912,,Ogun_IJEBU-N-EAST-OGUN-WATERSIDE.pdf
Ogun,IJEBU NORTH/IJEBU EAST/OGUN WATERSIDE,FC/273/OG,5,SULAIMAN OLUBIYI ISMAIL,MALE,APC,26425,,Ogun_IJEBU-N-EAST-OGUN-WATERSIDE.pdf
Ogun,IJEBU NORTH/IJEBU EAST/OGUN WATERSIDE,FC/273/OG,6,ETTU OLAWALE AZEES,MALE,APM,283,,Ogun_IJEBU-N-EAST-OGUN-WATERSIDE.pdf
Ogun,IJEBU NORTH/IJEBU EAST/OGUN WATERSIDE,FC/273/OG,7,AKINYELE OLANREWAJU,MALE,DA,23,,Ogun_IJEBU-N-EAST-OGUN-WATERSIDE.pdf
Ogun,IJEBU NORTH/IJEBU EAST/OGUN WATERSIDE,FC/273/OG,8,MOUJEED EKELOJUMATI OLADELE,MALE,DPP,80,,Ogun_IJEBU-N-EAST-OGUN-WATERSIDE.pdf
Ogun,IJEBU NORTH/IJEBU EAST/OGUN WATERSIDE,FC/273/OG,9,OLOTO AHMED OLUGBENGA,MALE,GPN,23,,Ogun_IJEBU-N-EAST-OGUN-WATERSIDE.pdf
Ogun,IJEBU NORTH/IJEBU EAST/OGUN WATERSIDE,FC/273/OG,10,ADENIYI OLUWATOSIN,FEMALE,ID,28,,Ogun_IJEBU-N-EAST-OGUN-WATERSIDE.pdf
Ogun,IJEBU NORTH/IJEBU EAST/OGUN WATERSIDE,FC/273/OG,11,ADETUNBOSUNSOLA FAKOYA JAMES DAVID,MALE,LP,60,,Ogun_IJEBU-N-EAST-OGUN-WATERSIDE.pdf
Ogun,IJEBU NORTH/IJEBU EAST/OGUN WATERSIDE,FC/273/OG,12,SEGUN DOSUMU,MALE,MPN,141,,Ogun_IJEBU-N-EAST-OGUN-WATERSIDE.pdf
Ogun,IJEBU NORTH/IJEBU EAST/OGUN WATERSIDE,FC/273/OG,13,ADEKOYA ADESEGUN ABDUL- MAJEED,MALE,PDP,33629,DECLARED ELECTED,Ogun_IJEBU-N-EAST-OGUN-WATERSIDE.pdf
Ogun,IJEBU NORTH/IJEBU EAST/OGUN WATERSIDE,FC/273/OG,14,OGUNGBESAN KOLAWALE,MALE,PPC,292,,Ogun_IJEBU-N-EAST-OGUN-WATERSIDE.pdf
Ogun,IJEBU NORTH/IJEBU EAST/OGUN WATERSIDE,FC/273/OG,15,ETOWA SIMISOLA,FEMALE,PPN,42,,Ogun_IJEBU-N-EAST-OGUN-WATERSIDE.pdf
Ogun,IJEBU NORTH/IJEBU EAST/OGUN WATERSIDE,FC/273/OG,16,DEJI-ABUDUL MAURICE AYODEJI,MALE,PT,16,,Ogun_IJEBU-N-EAST-OGUN-WATERSIDE.pdf
Ogun,IJEBU NORTH/IJEBU EAST/OGUN WATERSIDE,FC/273/OG,17,OGUNFFOWORA OLUYINKA JOSEPHINIE,FEMALE,SNP,16,,Ogun_IJEBU-N-EAST-OGUN-WATERSIDE.pdf
Ogun,IJEBU NORTH/IJEBU EAST/OGUN WATERSIDE,FC/273/OG,18,OLUKAYODE GBEDE,MALE,YES,103,,Ogun_IJEBU-N-EAST-OGUN-WATERSIDE.pdf
Ogun,IJEBU NORTH/IJEBU EAST/OGUN WATERSIDE,FC/273/OG,19,SOTADE MUSTAHA,MALE,ZLP,17,,Ogun_IJEBU-N-EAST-OGUN-WATERSIDE.pdf
Ogun,IJEBU ODE/ODOGBOLU/IJEBU NORTH EAST,FC/274/OG,1,ADEKUNLE DAVID OLUWOLE,M,A,44,,Ogun_IJEBU-ODE-ODOGBOLU-IJEBU-NE.pdf
Ogun,IJEBU ODE/ODOGBOLU/IJEBU NORTH EAST,FC/274/OG,2,ADESINA ADEWALE ADEDAYO,M,AD,204,,Ogun_IJEBU-ODE-ODOGBOLU-IJEBU-NE.pdf
Ogun,IJEBU ODE/ODOGBOLU/IJEBU NORTH EAST,FC/274/OG,3,GABRIEL BABASOLA ONOLAJA,M,ADC,2597,,Ogun_IJEBU-ODE-ODOGBOLU-IJEBU-NE.pdf
Ogun,IJEBU ODE/ODOGBOLU/IJEBU NORTH EAST,FC/274/OG,4,ANTHONY WALE OGUNBANJO,M,ADP,2418,,Ogun_IJEBU-ODE-ODOGBOLU-IJEBU-NE.pdf
Ogun,IJEBU ODE/ODOGBOLU/IJEBU NORTH EAST,FC/274/OG,5,BAMIRO OLALEKAN AYODEJI,M,ANN,99,,Ogun_IJEBU-ODE-ODOGBOLU-IJEBU-NE.pdf
Ogun,IJEBU ODE/ODOGBOLU/IJEBU NORTH EAST,FC/274/OG,6,OSUNSANYA KOLAPO KOREDE,M,APC,25608,,Ogun_IJEBU-ODE-ODOGBOLU-IJEBU-NE.pdf
Ogun,IJEBU ODE/ODOGBOLU/IJEBU NORTH EAST,FC/274/OG,7,GIWA DARAMOLA FOLASHADE JUMOKE,F,APM,533,,Ogun_IJEBU-ODE-ODOGBOLU-IJEBU-NE.pdf
Ogun,IJEBU ODE/ODOGBOLU/IJEBU NORTH EAST,FC/274/OG,8,AGBAOYE OLUMIDE AYODEJI,M,CAP,10,,Ogun_IJEBU-ODE-ODOGBOLU-IJEBU-NE.pdf
Ogun,IJEBU ODE/ODOGBOLU/IJEBU NORTH EAST,FC/274/OG,9,SHITTU AHMED OLAWALE,M,DPP,131,,Ogun_IJEBU-ODE-ODOGBOLU-IJEBU-NE.pdf
Ogun,IJEBU ODE/ODOGBOLU/IJEBU NORTH EAST,FC/274/OG,10,JOHNSON SAMSON,M,GDPN,52,,Ogun_IJEBU-ODE-ODOGBOLU-IJEBU-NE.pdf
Ogun,IJEBU ODE/ODOGBOLU/IJEBU NORTH EAST,FC/274/OG,11,IDOWU TUNJI MUHAMMED,M,GPN,54,,Ogun_IJEBU-ODE-ODOGBOLU-IJEBU-NE.pdf
Ogun,IJEBU ODE/ODOGBOLU/IJEBU NORTH EAST,FC/274/OG,12,ABAYOMI ROTIMI MIGHTY,M,KP,202,,Ogun_IJEBU-ODE-ODOGBOLU-IJEBU-NE.pdf
Ogun,IJEBU ODE/ODOGBOLU/IJEBU NORTH EAST,FC/274/OG,13,OSOBA ADENIYI OLUKEMI,M,LP,234,,Ogun_IJEBU-ODE-ODOGBOLU-IJEBU-NE.pdf
Ogun,IJEBU ODE/ODOGBOLU/IJEBU NORTH EAST,FC/274/OG,14,OLUWAGBENGA OWODUNNI ABIODUN,M,MPN,166,,Ogun_IJEBU-ODE-ODOGBOLU-IJEBU-NE.pdf
Ogun,IJEBU ODE/ODOGBOLU/IJEBU NORTH EAST,FC/274/OG,15,SHOTE TAIWO KABIR,M,PDP,21775,,Ogun_IJEBU-ODE-ODOGBOLU-IJEBU-NE.pdf
Ogun,IJEBU ODE/ODOGBOLU/IJEBU NORTH EAST,FC/274/OG,16,JOHNSON OYERONKE TOIBAT,F,PPN,50,,Ogun_IJEBU-ODE-ODOGBOLU-IJEBU-NE.pdf
Ogun,IJEBU ODE/ODOGBOLU/IJEBU NORTH EAST,FC/274/OG,17,OGUNYEMI BABASEHUN OLUWATOSIN,M,PT,9,,Ogun_IJEBU-ODE-ODOGBOLU-IJEBU-NE.pdf
Ogun,IJEBU ODE/ODOGBOLU/IJEBU NORTH EAST,FC/274/OG,18,OSIBOGUN ADEKUNLE,M,SDP,1729,,Ogun_IJEBU-ODE-ODOGBOLU-IJEBU-NE.pdf
Ogun,IJEBU ODE/ODOGBOLU/IJEBU NORTH EAST,FC/274/OG,19,JUSTUS OLUMUYIWA ONABANJO,F,YES,98,,Ogun_IJEBU-ODE-ODOGBOLU-IJEBU-NE.pdf
Ogun,IJEBU ODE/ODOGBOLU/IJEBU NORTH EAST,FC/274/OG,20,OGUNDIMU OGUNKOYA,M,ZLP,17,,Ogun_IJEBU-ODE-ODOGBOLU-IJEBU-NE.pdf
Ogun,IKENE/REMO NORTH/SAGAMU,FC/275/OG,1,ODUGUWA OYEKANMI ADEBOYE,M,A,517,,Ogun_IKENE-REMO-N-SAGAMU.pdf
Ogun,IKENE/REMO NORTH/SAGAMU,FC/275/OG,2,SAKA ABIMBOLA JIMOH,M,AD,143,,Ogun_IKENE-REMO-N-SAGAMU.pdf
Ogun,IKENE/REMO NORTH/SAGAMU,FC/275/OG,3,OLANREWAJU FASASI OYEMADE,M,ADC,2719,,Ogun_IKENE-REMO-N-SAGAMU.pdf
Ogun,IKENE/REMO NORTH/SAGAMU,FC/275/OG,4,OLADIPUPO IBRAHIM ADEREGUN D.,M,ADP,509,,Ogun_IKENE-REMO-N-SAGAMU.pdf
Ogun,IKENE/REMO NORTH/SAGAMU,FC/275/OG,5,OTUNBA ADEWUNMI ORIYOMI,F,APC,30605,DECLARED ELECTED,Ogun_IKENE-REMO-N-SAGAMU.pdf
Ogun,IKENE/REMO NORTH/SAGAMU,FC/275/OG,6,MAFE ADEYINKA O.,M,APM,9780,,Ogun_IKENE-REMO-N-SAGAMU.pdf
Ogun,IKENE/REMO NORTH/SAGAMU,FC/275/OG,7,ODUMOSU OLUGBENGA KAYODE,M,DPP,136,,Ogun_IKENE-REMO-N-SAGAMU.pdf
Ogun,IKENE/REMO NORTH/SAGAMU,FC/275/OG,8,KAYODE BABASOLA OLADIPO SOGBETUN,M,GPN,164,,Ogun_IKENE-REMO-N-SAGAMU.pdf
Ogun,IKENE/REMO NORTH/SAGAMU,FC/275/OG,9,SONUBI OLUMUYIWA ADEBAYO,M,JMPP,1,,Ogun_IKENE-REMO-N-SAGAMU.pdf
Ogun,IKENE/REMO NORTH/SAGAMU,FC/275/OG,10,SEIDUN OMOTAYO BALKIS,M,LP,67,,Ogun_IKENE-REMO-N-SAGAMU.pdf
Ogun,IKENE/REMO NORTH/SAGAMU,FC/275/OG,11,AKINWALE S. AKINDUNNI,M,MPN,4,,Ogun_IKENE-REMO-N-SAGAMU.pdf
Ogun,IKENE/REMO NORTH/SAGAMU,FC/275/OG,12,LAWAL ALABA ISIAKA,M,PDP,29858,,Ogun_IKENE-REMO-N-SAGAMU.pdf
Ogun,IKENE/REMO NORTH/SAGAMU,FC/275/OG,13,SOLOMON TEMITOPE ESTHER,F,PPC,287,,Ogun_IKENE-REMO-N-SAGAMU.pdf
Ogun,IKENE/REMO NORTH/SAGAMU,FC/275/OG,14,NURENI ADEFUYE ADETAYO,M,PPN,215,,Ogun_IKENE-REMO-N-SAGAMU.pdf
Ogun,IKENE/REMO NORTH/SAGAMU,FC/275/OG,15,BAKARE OLUSEGUN S.,M,PT,13,,Ogun_IKENE-REMO-N-SAGAMU.pdf
Ogun,IKENE/REMO NORTH/SAGAMU,FC/275/OG,16,WAHAB SAMSON TEMIDAYO,M,SNP,31,,Ogun_IKENE-REMO-N-SAGAMU.pdf
Ogun,IKENE/REMO NORTH/SAGAMU,FC/275/OG,17,MARTINS DELE ADEFUYE,M,YES,43,,Ogun_IKENE-REMO-N-SAGAMU.pdf
Ogun,IKENE/REMO NORTH/SAGAMU,FC/275/OG,18,SOMEFUN FELIX TOLU,M,ZLP,3,,Ogun_IKENE-REMO-N-SAGAMU.pdf
Ondo,AKOKO NORTH EAST/NORTH WEST,FC/28/ON,1,FRIDAY OLEMIJA .S,MALE,AA,10979,,Ondo_AKOKO-NORTH-EAST.pdf
Ondo,AKOKO NORTH EAST/NORTH WEST,FC/28/ON,2,BAKITA OLUFOWOBI .B,MALE,ADC,5723,,Ondo_AKOKO-NORTH-EAST.pdf
Ondo,AKOKO NORTH EAST/NORTH WEST,FC/28/ON,3,ADEOLU OLUMIDE,MALE,ADP,1333,,Ondo_AKOKO-NORTH-EAST.pdf
Ondo,AKOKO NORTH EAST/NORTH WEST,FC/28/ON,4,OLUBUMI TUNJI-OJO,MALE,APC,20988,,Ondo_AKOKO-NORTH-EAST.pdf
Ondo,AKOKO NORTH EAST/NORTH WEST,FC/28/ON,5,EMMANUEL TANIMALA,MALE,JMPP,8,,Ondo_AKOKO-NORTH-EAST.pdf
Ondo,AKOKO NORTH EAST/NORTH WEST,FC/28/ON,6,AKINSANYA BAWA YUSUF,MALE,MPN,548,,Ondo_AKOKO-NORTH-EAST.pdf
Ondo,AKOKO NORTH EAST/NORTH WEST,FC/28/ON,7,ADULOJU OLATUMBOSUN .S,MALE,PDC,81,,Ondo_AKOKO-NORTH-EAST.pdf
Ondo,AKOKO NORTH EAST/NORTH WEST,FC/28/ON,8,OGUNLEYE OLAWALE .B,MALE,PDP,12969,,Ondo_AKOKO-NORTH-EAST.pdf
Ondo,AKOKO NORTH EAST/NORTH WEST,FC/28/ON,9,OLADELE PAUL SESAN,MALE,PRP,34,,Ondo_AKOKO-NORTH-EAST.pdf
Ondo,AKOKO NORTH EAST/NORTH WEST,FC/28/ON,10,TIJANI KARIM OLADESU,MALE,PT,137,,Ondo_AKOKO-NORTH-EAST.pdf
Ondo,AKOKO NORTH EAST/NORTH WEST,FC/28/ON,11,FESTUS ADEBAMBO .O,MALE,SDP,3067,,Ondo_AKOKO-NORTH-EAST.pdf
Ondo,AKOKO NORTH EAST/NORTH WEST,FC/28/ON,12,OGUNMILADE OLURIJI .E,MALE,ZLP,1741,,Ondo_AKOKO-NORTH-EAST.pdf
Ondo,AKOKO SE/SW,FC/28/ON,1,VICTOR OLUSEGUN ATEGBELE,MALE,AA,14694,,Ondo_AKOKO-SE-SW.pdf
Ondo,AKOKO SE/SW,FC/28/ON,2,DARE EMIOLA FRANCIS,MALE,ADC,6153,,Ondo_AKOKO-SE-SW.pdf
Ondo,AKOKO SE/SW,FC/28/ON,3,ABOYEWA COMFORT BIMPE,FEMALE,ADP,762,,Ondo_AKOKO-SE-SW.pdf
Ondo,AKOKO SE/SW,FC/28/ON,4,ADEJORO ADEOGUN,MALE,APC,19047,,Ondo_AKOKO-SE-SW.pdf
Ondo,AKOKO SE/SW,FC/28/ON,5,ABILOYE MARTINS OLUTADE,MALE,PDP,12907,,Ondo_AKOKO-SE-SW.pdf
Ondo,AKOKO SE/SW,FC/28/ON,6,BELLO ADEBAYO RAPHAEL,MALE,PPA,82,,Ondo_AKOKO-SE-SW.pdf
Ondo,AKOKO SE/SW,FC/28/ON,7,OLASUNKANMI OLAYINKA HOPE,MALE,PPN,27,,Ondo_AKOKO-SE-SW.pdf
Ondo,AKOKO SE/SW,FC/28/ON,8,AGBOMONIYIN SOLOMON,MALE,SDP,42,,Ondo_AKOKO-SE-SW.pdf
Ondo,AKOKO SE/SW,FC/28/ON,9,ABIODUN OGUNBI,MALE,ZLP,1380,,Ondo_AKOKO-SE-SW.pdf
Ondo,AKURE NORTH AND SOUTH,FC/28/ON,1,KAYODE ABIODUN SAMUEL,MALE,AA,68,,Ondo_AKURE-NORTH-AND-SOUTH.pdf
Ondo,AKURE NORTH AND SOUTH,FC/28/ON,2,ADELUSI BOYEDE OLAJUMOKE,FEMALE,ACPN,112,,Ondo_AKURE-NORTH-AND-SOUTH.pdf
Ondo,AKURE NORTH AND SOUTH,FC/28/ON,3,ADEJAYI ADEMUYIWA SAMUEL,MALE,AD,254,,Ondo_AKURE-NORTH-AND-SOUTH.pdf
Ondo,AKURE NORTH AND SOUTH,FC/28/ON,4,AKINWALE OLUGBENGA FALAIYE,MALE,ADC,468,,Ondo_AKURE-NORTH-AND-SOUTH.pdf
Ondo,AKURE NORTH AND SOUTH,FC/28/ON,5,OLAWALE VICTOR OLADOYIN,MALE,ADP,332,,Ondo_AKURE-NORTH-AND-SOUTH.pdf
Ondo,AKURE NORTH AND SOUTH,FC/28/ON,6,OLUWOOKERE AJISAFE,MALE,APC,29171,,Ondo_AKURE-NORTH-AND-SOUTH.pdf
Ondo,AKURE NORTH AND SOUTH,FC/28/ON,7,ADENUGA KING AKINSANYA,MALE,ASD,38,,Ondo_AKURE-NORTH-AND-SOUTH.pdf
Ondo,AKURE NORTH AND SOUTH,FC/28/ON,8,SAMUEL IBITOYE ABIODUN,MALE,DA,36,,Ondo_AKURE-NORTH-AND-SOUTH.pdf
Ondo,AKURE NORTH AND SOUTH,FC/28/ON,9,OMOLOYE JACOB AYODELE,MALE,MPN,171,,Ondo_AKURE-NORTH-AND-SOUTH.pdf
Ondo,AKURE NORTH AND SOUTH,FC/28/ON,10,OMOLAFE ISAAC ADEBAYO,MALE,PDP,48595,,Ondo_AKURE-NORTH-AND-SOUTH.pdf
Ondo,AKURE NORTH AND SOUTH,FC/28/ON,11,MARAKINYO OLAKUNLE AKIM,MALE,PPC,102,,Ondo_AKURE-NORTH-AND-SOUTH.pdf
Ondo,AKURE NORTH AND SOUTH,FC/28/ON,12,OWOJOLA PRECIOUS OLUYEMI,MALE,PT,260,,Ondo_AKURE-NORTH-AND-SOUTH.pdf
Ondo,AKURE NORTH AND SOUTH,FC/28/ON,13,OLUFEMI ALADEGBONMIRE CALEB,MALE,SDP,223,,Ondo_AKURE-NORTH-AND-SOUTH.pdf
Ondo,AKURE NORTH AND SOUTH,FC/28/ON,14,ADEJUYIGBE RICHARD OLAJIDE,MALE,ZLP,7981,,Ondo_AKURE-NORTH-AND-SOUTH.pdf
Ondo,IDANRE/IFEDORE,FC/28/ON,1,ADEFISOYE TAJUDEEN,MALE,SDP,16186,,Ondo_IDANRE-IFEDORE.pdf
Ondo,ILAJE/ESE-ODO,FC/28/ON,1,OJOGO DONALD,MALE,APC,20603,,Ondo_ILAJE-ESE-ODO.pdf
Ondo,ILAJE/ESE-ODO,FC/28/ON,2,AKINJO VICTOR KOLADE,MALE,PDP,32082,,Ondo_ILAJE-ESE-ODO.pdf
Ondo,ILAJE/ESE-ODO,FC/28/ON,3,BENJAMIN ROTIMI,MALE,ZLP,700,,Ondo_ILAJE-ESE-ODO.pdf
Ondo,ILE-OLUJI/OKEIGBO/ODIGBO,FC/28/ON,1,ABAYOMI JOHNSON ODENIRAN,MALE,AAC,845,,Ondo_ILE-OLUJI-OKEIGBO-ODIGBO.pdf
Ondo,ILE-OLUJI/OKEIGBO/ODIGBO,FC/28/ON,2,AJIBOLA OGUNMAKINWA ABOLADE,MALE,ADC,772,,Ondo_ILE-OLUJI-OKEIGBO-ODIGBO.pdf
Ondo,ILE-OLUJI/OKEIGBO/ODIGBO,FC/28/ON,3,ADEWOLE ABIDEMI,MALE,ADP,173,,Ondo_ILE-OLUJI-OKEIGBO-ODIGBO.pdf
Ondo,ILE-OLUJI/OKEIGBO/ODIGBO,FC/28/ON,4,AKINFOLARIN MAYOWA SAMUEL,MALE,APC,27031,,Ondo_ILE-OLUJI-OKEIGBO-ODIGBO.pdf
Ondo,ILE-OLUJI/OKEIGBO/ODIGBO,FC/28/ON,5,OYEBODE ADEOBA MOROUNFOLU,MALE,MPN,105,,Ondo_ILE-OLUJI-OKEIGBO-ODIGBO.pdf
Ondo,ILE-OLUJI/OKEIGBO/ODIGBO,FC/28/ON,6,ABAYOMI AKINFEMIWA,MALE,PDP,26859,,Ondo_ILE-OLUJI-OKEIGBO-ODIGBO.pdf
Ondo,ILE-OLUJI/OKEIGBO/ODIGBO,FC/28/ON,7,FOLAGBADE ADETORO GBEMIBADE PRP,MALE,PRP,2717,,Ondo_ILE-OLUJI-OKEIGBO-ODIGBO.pdf
Ondo,ILE-OLUJI/OKEIGBO/ODIGBO,FC/28/ON,8,FOLAYAN ADEYEMI CHOICE,FEMALE,PT,231,,Ondo_ILE-OLUJI-OKEIGBO-ODIGBO.pdf
Ondo,ILE-OLUJI/OKEIGBO/ODIGBO,FC/28/ON,9,ADEWALE DEBORAH ILERI- OLUWA,FEMALE,SNP,35,,Ondo_ILE-OLUJI-OKEIGBO-ODIGBO.pdf
Ondo,ILE-OLUJI/OKEIGBO/ODIGBO,FC/28/ON,10,ADEPOJO BUSAYO JOSHUA,MALE,ZLP,1391,,Ondo_ILE-OLUJI-OKEIGBO-ODIGBO.pdf
Ondo,IRELE/OKITIPUPA,FC/28/ON,1,TEMITOPE KOLAWOLE GBENGA,MALE,ADC,211,,Ondo_IRELE-OKITIPUPA.pdf
Ondo,IRELE/OKITIPUPA,FC/28/ON,2,AYEBIWO ADEGUN,MALE,ADP,77,,Ondo_IRELE-OKITIPUPA.pdf
Ondo,IRELE/OKITIPUPA,FC/28/ON,3,AKINTOYE ALBERT,MALE,APC,19805,,Ondo_IRELE-OKITIPUPA.pdf
Ondo,IRELE/OKITIPUPA,FC/28/ON,4,IKENGBOLU GBOLUGA DELE,MALE,PDP,31042,,Ondo_IRELE-OKITIPUPA.pdf
Ondo,IRELE/OKITIPUPA,FC/28/ON,5,BABATUNDE FRANCIS ALLI,MALE,PRP,12,,Ondo_IRELE-OKITIPUPA.pdf
Ondo,IRELE/OKITIPUPA,FC/28/ON,6,SOLOMON IYANTAN RAPHAEL,MALE,PT,192,,Ondo_IRELE-OKITIPUPA.pdf
Ondo,IRELE/OKITIPUPA,FC/28/ON,7,AKINDELE ADEFIOYE,MALE,SDP,212,,Ondo_IRELE-OKITIPUPA.pdf
Ondo,IRELE/OKITIPUPA,FC/28/ON,8,OLUMEKUN OLUYEMISI MARY,FEMALE,UPN,48,,Ondo_IRELE-OKITIPUPA.pdf
Ondo,IRELE/OKITIPUPA,FC/28/ON,9,ANDREW OGUN SAKIN,MALE,ZLP,10798,,Ondo_IRELE-OKITIPUPA.pdf
Ondo,ONDO EAST/ONDO WEST,FC/28/ON,1,ADENIYI ADENIJI FEMI,MALE,AAC,3522,,Ondo_ONDO-EAST-ONDO-WEST.pdf
Ondo,ONDO EAST/ONDO WEST,FC/28/ON,2,AKINWOLERE BABAJIDE,MALE,AD,414,,Ondo_ONDO-EAST-ONDO-WEST.pdf
Ondo,ONDO EAST/ONDO WEST,FC/28/ON,3,PETER ABIOLA MAKINDE,MALE,ADC,19083,,Ondo_ONDO-EAST-ONDO-WEST.pdf
Ondo,ONDO EAST/ONDO WEST,FC/28/ON,4,ADEBAYO OLUSEGUN,MALE,ADP,198,,Ondo_ONDO-EAST-ONDO-WEST.pdf
Ondo,ONDO EAST/ONDO WEST,FC/28/ON,5,AJIBAYO JOHN ADEYEYE,MALE,APC,11935,,Ondo_ONDO-EAST-ONDO-WEST.pdf
Ondo,ONDO EAST/ONDO WEST,FC/28/ON,6,AJAYI KEHINDE,MALE,ASD,32,,Ondo_ONDO-EAST-ONDO-WEST.pdf
Ondo,ONDO EAST/ONDO WEST,FC/28/ON,7,AKINTOMIDE OLANREWAJU HOPE,MALE,MPN,117,,Ondo_ONDO-EAST-ONDO-WEST.pdf
Ondo,ONDO EAST/ONDO WEST,FC/28/ON,8,ADEDURO CHARLES ADEYEMI,MALE,PDP,9929,,Ondo_ONDO-EAST-ONDO-WEST.pdf
Ondo,ONDO EAST/ONDO WEST,FC/28/ON,9,OLUWASETO OLOISETO FRANKLIN,MALE,PPA,184,,Ondo_ONDO-EAST-ONDO-WEST.pdf
Ondo,ONDO EAST/ONDO WEST,FC/28/ON,10,MRS BENJAMIN COMFORT AINA,FEMALE,PPC,204,,Ondo_ONDO-EAST-ONDO-WEST.pdf
Ondo,ONDO EAST/ONDO WEST,FC/28/ON,11,THOMAS JULIET YEJIDE,FEMALE,SDP,136,,Ondo_ONDO-EAST-ONDO-WEST.pdf
Ondo,ONDO EAST/ONDO WEST,FC/28/ON,12,AKINSETE OLAYINKA BENEDIN,FEMALE,UPN,61,,Ondo_ONDO-EAST-ONDO-WEST.pdf
Ondo,ONDO EAST/ONDO WEST,FC/28/ON,13,HON. AKINLAJA IRANOLA JOSEPH,MALE,ZLP,14651,,Ondo_ONDO-EAST-ONDO-WEST.pdf
Osun,AYEDAADE/IREWOLE/ISORAN,FC/292/OS,1,ORISALEYE JOSIAH OLADELE,M,ACPN,36,,Osun_AYEDADDE-FC.pdf
Osun,AYEDAADE/IREWOLE/ISORAN,FC/292/OS,2,ADETUNJI AJANAKU JAMIU,M,ADC,6277,,Osun_AYEDADDE-FC.pdf
Osun,AYEDAADE/IREWOLE/ISORAN,FC/292/OS,3,AKINYEMI OLAITAN ODUNOLA,F,APA,205,,Osun_AYEDADDE-FC.pdf
Osun,AYEDAADE/IREWOLE/ISORAN,FC/292/OS,4,TAIWO OLUKEMI OLUGA,F,APC,36876,DECLARED ELECTED,Osun_AYEDADDE-FC.pdf
Osun,AYEDAADE/IREWOLE/ISORAN,FC/292/OS,5,OLASUPO IBRAHEEM OLANREWAJU,M,APP,61,,Osun_AYEDADDE-FC.pdf
Osun,AYEDAADE/IREWOLE/ISORAN,FC/292/OS,6,ELUGBA VICTORIA TOPE,F,GPN,11,,Osun_AYEDADDE-FC.pdf
Osun,AYEDAADE/IREWOLE/ISORAN,FC/292/OS,7,ADESINA MATHEW OLUSOLA,M,MPN,47,,Osun_AYEDADDE-FC.pdf
Osun,AYEDAADE/IREWOLE/ISORAN,FC/292/OS,8,SULAIMAN SATOPE OLAKUNLE,M,NCP,70,,Osun_AYEDADDE-FC.pdf
Osun,AYEDAADE/IREWOLE/ISORAN,FC/292/OS,9,ADEBISI BUKOLA DUPE,M,PDP,31956,,Osun_AYEDADDE-FC.pdf
Osun,AYEDAADE/IREWOLE/ISORAN,FC/292/OS,10,ADEBOYE SAMUEL AYOOLUWA,F,PPN,15,,Osun_AYEDADDE-FC.pdf
Osun,AYEDAADE/IREWOLE/ISORAN,FC/292/OS,11,ADEREMI J. AYO,M,SNP,21,,Osun_AYEDADDE-FC.pdf
Osun,AYEDAADE/IREWOLE/ISORAN,FC/292/OS,12,YUSUF SULE MOHAMMED,M,ZLP,17,,Osun_AYEDADDE-FC.pdf
Osun,AYEDIRE/IWO/OLA-OLUWA,FC/291/OS,1,BASHIR TAWAKATU OMOLARA,F,A,13,,Osun_AYEDIRE-IWO-OLA-OLUWA.pdf
Osun,AYEDIRE/IWO/OLA-OLUWA,FC/291/OS,2,OLATUNJI JOSEPH B.,M,ACPN,35,,Osun_AYEDIRE-IWO-OLA-OLUWA.pdf
Osun,AYEDIRE/IWO/OLA-OLUWA,FC/291/OS,3,SIKIRU ARAOYE O,M,ADC,433,,Osun_AYEDIRE-IWO-OLA-OLUWA.pdf
Osun,AYEDIRE/IWO/OLA-OLUWA,FC/291/OS,4,ADIATU OLAPOSI B,M,ADP,16623,,Osun_AYEDIRE-IWO-OLA-OLUWA.pdf
Osun,AYEDIRE/IWO/OLA-OLUWA,FC/291/OS,5,SALAHUDEEN ADOLA W,F,APA,193,,Osun_AYEDIRE-IWO-OLA-OLUWA.pdf
Osun,AYEDIRE/IWO/OLA-OLUWA,FC/291/OS,6,AMOBI YINUSA A,M,APC,29229,DECLARED ELECTED,Osun_AYEDIRE-IWO-OLA-OLUWA.pdf
Osun,AYEDIRE/IWO/OLA-OLUWA,FC/291/OS,7,ELUGAJU YEMISI,F,CAP,28,,Osun_AYEDIRE-IWO-OLA-OLUWA.pdf
Osun,AYEDIRE/IWO/OLA-OLUWA,FC/291/OS,8,ADEWUMI OTUMBA G,M,JMPP,44,,Osun_AYEDIRE-IWO-OLA-OLUWA.pdf
Osun,AYEDIRE/IWO/OLA-OLUWA,FC/291/OS,9,MUDASHIRU LUKMAN A.,M,PDP,21608,,Osun_AYEDIRE-IWO-OLA-OLUWA.pdf
Osun,AYEDIRE/IWO/OLA-OLUWA,FC/291/OS,10,USAMOTABOULSMIU O.,M,PPN,15,,Osun_AYEDIRE-IWO-OLA-OLUWA.pdf
Osun,AYEDIRE/IWO/OLA-OLUWA,FC/291/OS,11,ISMAILA ISHOLA,M,PT,11,,Osun_AYEDIRE-IWO-OLA-OLUWA.pdf
Osun,AYEDIRE/IWO/OLA-OLUWA,FC/291/OS,12,AJAO OLAWALE S,M,SNP,15,,Osun_AYEDIRE-IWO-OLA-OLUWA.pdf
Osun,AYEDIRE/IWO/OLA-OLUWA,FC/291/OS,13,ALIDU BARUWA,M,ZLP,6,,Osun_AYEDIRE-IWO-OLA-OLUWA.pdf
Osun,BOLUWADURO/IFEDAYO/ILA,FC/287/OS,1,SALAWU KAREEM ADENIYI,M,ACPN,5,,Osun_BOLUWADURO-FC.pdf
Osun,BOLUWADURO/IFEDAYO/ILA,FC/287/OS,2,OWOLABI ADELAKIN,M,ADC,146,,Osun_BOLUWADURO-FC.pdf
Osun,BOLUWADURO/IFEDAYO/ILA,FC/287/OS,3,OLUOMO SUNDAY AKERE,M,ADP,1405,,Osun_BOLUWADURO-FC.pdf
Osun,BOLUWADURO/IFEDAYO/ILA,FC/287/OS,4,ADELEKE ADEDAPO OLUWASEUN,M,APA,80,,Osun_BOLUWADURO-FC.pdf
Osun,BOLUWADURO/IFEDAYO/ILA,FC/287/OS,5,OLUFEMI FAKEYE,M,APC,20371,DECLARED ELECTED,Osun_BOLUWADURO-FC.pdf
Osun,BOLUWADURO/IFEDAYO/ILA,FC/287/OS,6,FABOADE LYDIA FAYEMI,M,CAP,0,,Osun_BOLUWADURO-FC.pdf
Osun,BOLUWADURO/IFEDAYO/ILA,FC/287/OS,7,AZEEZ AWOYALE ADEYEMI,M,JMPP,5,,Osun_BOLUWADURO-FC.pdf
Osun,BOLUWADURO/IFEDAYO/ILA,FC/287/OS,8,AKANNI CLEMENT ADEMOLA,M,PDP,17247,,Osun_BOLUWADURO-FC.pdf
Osun,BOLUWADURO/IFEDAYO/ILA,FC/287/OS,9,OLAWALE OYENIYI OLATUNDE,M,PPN,2,,Osun_BOLUWADURO-FC.pdf
Osun,BOLUWADURO/IFEDAYO/ILA,FC/287/OS,10,OLUWASEUN KOLADE A,M,PRP,1,,Osun_BOLUWADURO-FC.pdf
Osun,BOLUWADURO/IFEDAYO/ILA,FC/287/OS,11,FALADE FUNMINIYI,M,PT,0,,Osun_BOLUWADURO-FC.pdf
Osun,BOLUWADURO/IFEDAYO/ILA,FC/287/OS,12,OMOTADE ADEKUNLE,M,ZLP,4,,Osun_BOLUWADURO-FC.pdf
Osun,EDE NORTH/EDE SOUTH/EGBEDORE/EJIGBO,FC/293/OS,1,RUFAI WAHAB OWOADE,M,ACPN,50,,Osun_EDE-FC.pdf
Osun,EDE NORTH/EDE SOUTH/EGBEDORE/EJIGBO,FC/293/OS,2,SIYAN OYEWESO,F,ADC,2164,,Osun_EDE-FC.pdf
Osun,EDE NORTH/EDE SOUTH/EGBEDORE/EJIGBO,FC/293/OS,3,AKANBI ADEBOWALE KAMARUDEEN,M,ADP,6537,,Osun_EDE-FC.pdf
Osun,EDE NORTH/EDE SOUTH/EGBEDORE/EJIGBO,FC/293/OS,4,LAWAL ADEWALE KASSIM,M,APA,225,,Osun_EDE-FC.pdf
Osun,EDE NORTH/EDE SOUTH/EGBEDORE/EJIGBO,FC/293/OS,5,RAFIU ADEJARE BELLO,M,APC,44866,,Osun_EDE-FC.pdf
Osun,EDE NORTH/EDE SOUTH/EGBEDORE/EJIGBO,FC/293/OS,6,MUHAMMED LAWAL ABDULMUJEEB OLUWASEYI,M,C4C,40,,Osun_EDE-FC.pdf
Osun,EDE NORTH/EDE SOUTH/EGBEDORE/EJIGBO,FC/293/OS,7,OBE OLUWAKEMI SEUN,M,CAP,15,,Osun_EDE-FC.pdf
Osun,EDE NORTH/EDE SOUTH/EGBEDORE/EJIGBO,FC/293/OS,8,RAFIU AZEEZ OLAMILEKAN,M,GPN,10,,Osun_EDE-FC.pdf
Osun,EDE NORTH/EDE SOUTH/EGBEDORE/EJIGBO,FC/293/OS,9,RASAQ OLANIRAN ADEMOLA,M,NCP,76,,Osun_EDE-FC.pdf
Osun,EDE NORTH/EDE SOUTH/EGBEDORE/EJIGBO,FC/293/OS,10,SALAM BAMIDELE,M,PDP,46994,DECLARED ELECTED,Osun_EDE-FC.pdf
Osun,EDE NORTH/EDE SOUTH/EGBEDORE/EJIGBO,FC/293/OS,11,SALAAM AZEEZ,M,PPA,112,,Osun_EDE-FC.pdf
Osun,EDE NORTH/EDE SOUTH/EGBEDORE/EJIGBO,FC/293/OS,12,OYEDEMI SAKIRAT AJOKE,M,PPN,12,,Osun_EDE-FC.pdf
Osun,EDE NORTH/EDE SOUTH/EGBEDORE/EJIGBO,FC/293/OS,13,YUSUF ISMAILA,M,PT,10,,Osun_EDE-FC.pdf
Osun,EDE NORTH/EDE SOUTH/EGBEDORE/EJIGBO,FC/293/OS,14,ALAKINDE OLUDELE ADEWALE,M,ZLP,29,,Osun_EDE-FC.pdf
Osun,IFE CENTRAL/IFE NORTH/IFE SOUTH/IFE EAST,FC/290/OS,1,FANIBE OLUSEGUN AYODELE,M,A,4028,,Osun_IFECNS-E-FC.pdf
Osun,IFE CENTRAL/IFE NORTH/IFE SOUTH/IFE EAST,FC/290/OS,2,ALAOYE TOLA KAZEEM,M,ACPN,162,,Osun_IFECNS-E-FC.pdf
Osun,IFE CENTRAL/IFE NORTH/IFE SOUTH/IFE EAST,FC/290/OS,3,OLAYINKA ADENIRAN CLEMENT,M,ADC,278,,Osun_IFECNS-E-FC.pdf
Osun,IFE CENTRAL/IFE NORTH/IFE SOUTH/IFE EAST,FC/290/OS,4,OLADOKUN COMFORT,F,APA,254,,Osun_IFECNS-E-FC.pdf
Osun,IFE CENTRAL/IFE NORTH/IFE SOUTH/IFE EAST,FC/290/OS,5,OLADOYIN OLAYINKA FOLORINSO,M,APC,46373,,Osun_IFECNS-E-FC.pdf
Osun,IFE CENTRAL/IFE NORTH/IFE SOUTH/IFE EAST,FC/290/OS,6,AYOOLA EMMANUEL ADESOKAN,M,APP,134,,Osun_IFECNS-E-FC.pdf
Osun,IFE CENTRAL/IFE NORTH/IFE SOUTH/IFE EAST,FC/290/OS,7,RAFIU KAMARUUDEEN DEJI,M,GPN,16,,Osun_IFECNS-E-FC.pdf
Osun,IFE CENTRAL/IFE NORTH/IFE SOUTH/IFE EAST,FC/290/OS,8,AYODEJI OLUWASEYI ELUYODE,M,PPC,148,,Osun_IFECNS-E-FC.pdf
Osun,IFE CENTRAL/IFE NORTH/IFE SOUTH/IFE EAST,FC/290/OS,9,OLATUNDE OMOTITI ABIGEAL,M,PPN,122,,Osun_IFECNS-E-FC.pdf
Osun,IFE CENTRAL/IFE NORTH/IFE SOUTH/IFE EAST,FC/290/OS,10,ADESUYI JOHN OLUFEMI,M,ZLP,96,,Osun_IFECNS-E-FC.pdf
Osun,ATAKUNMOSA EAST/WEST/ILESA EAST/WEST,FC/288/OS,1,LAWRANCE BABATUNDE AYENI,M,APC,41867,DECLARED ELECTED,Osun_IJESA-SOUTH.pdf
Osun,ATAKUNMOSA EAST/WEST/ILESA EAST/WEST,FC/288/OS,2,DAPO ADELOWOKAN,M,PDP,30760,,Osun_IJESA-SOUTH.pdf
Osun,IREPODUN/ONORUNDA/OSOGBO/OROLU,FC/285/OS,1,DAYO ODULANA,M,ACPN,37,,Osun_IREPODUN-ONORUNDA-FC.pdf
Osun,IREPODUN/ONORUNDA/OSOGBO/OROLU,FC/285/OS,2,FOLORUNSHO ABOLUBODE,M,ADC,614,,Osun_IREPODUN-ONORUNDA-FC.pdf
Osun,IREPODUN/ONORUNDA/OSOGBO/OROLU,FC/285/OS,3,ABDULSALAM MUDASHIR,M,APA,283,,Osun_IREPODUN-ONORUNDA-FC.pdf
Osun,IREPODUN/ONORUNDA/OSOGBO/OROLU,FC/285/OS,4,OYEWO OLUSHOLA OYEGBILE,M,APC,66933,DECLARED ELECTED,Osun_IREPODUN-ONORUNDA-FC.pdf
Osun,IREPODUN/ONORUNDA/OSOGBO/OROLU,FC/285/OS,5,ADEPO O. ALFERD,M,BNPP,13,,Osun_IREPODUN-ONORUNDA-FC.pdf
Osun,IREPODUN/ONORUNDA/OSOGBO/OROLU,FC/285/OS,6,ODEDEJI A. OLAYINKA,M,C4C,4,,Osun_IREPODUN-ONORUNDA-FC.pdf
Osun,IREPODUN/ONORUNDA/OSOGBO/OROLU,FC/285/OS,7,OTOLORIN AJOKE OJO,F,CAP,12,,Osun_IREPODUN-ONORUNDA-FC.pdf
Osun,IREPODUN/ONORUNDA/OSOGBO/OROLU,FC/285/OS,8,AMINULLAH RASHIDAT,F,DA,23,,Osun_IREPODUN-ONORUNDA-FC.pdf
Osun,IREPODUN/ONORUNDA/OSOGBO/OROLU,FC/285/OS,9,FUNSHO HUSSEIN KEHINDE,F,GPN,14,,Osun_IREPODUN-ONORUNDA-FC.pdf
Osun,IREPODUN/ONORUNDA/OSOGBO/OROLU,FC/285/OS,10,ADETINEHIN MOJISOLA ADETULA,F,ID,17,,Osun_IREPODUN-ONORUNDA-FC.pdf
Osun,IREPODUN/ONORUNDA/OSOGBO/OROLU,FC/285/OS,11,JELILI LIASU,M,JNPP,7,,Osun_IREPODUN-ONORUNDA-FC.pdf
Osun,IREPODUN/ONORUNDA/OSOGBO/OROLU,FC/285/OS,12,ADENIRAN JOHN FEMI,M,MAJA,7,,Osun_IREPODUN-ONORUNDA-FC.pdf
Osun,IREPODUN/ONORUNDA/OSOGBO/OROLU,FC/285/OS,13,RAIFU LATIFAT OMOLOLA,F,MMN,5,,Osun_IREPODUN-ONORUNDA-FC.pdf
Osun,IREPODUN/ONORUNDA/OSOGBO/OROLU,FC/285/OS,14,NAJEEMDEEN OLUWUWO ADELEKE,M,NCP,5,,Osun_IREPODUN-ONORUNDA-FC.pdf
Osun,IREPODUN/ONORUNDA/OSOGBO/OROLU,FC/285/OS,15,ADEWALE MORUFU ADEBAYO,M,PDP,59551,,Osun_IREPODUN-ONORUNDA-FC.pdf
Osun,IREPODUN/ONORUNDA/OSOGBO/OROLU,FC/285/OS,16,ADEYOMO OLAJUWON JAMAL,M,PPA,21,,Osun_IREPODUN-ONORUNDA-FC.pdf
Osun,IREPODUN/ONORUNDA/OSOGBO/OROLU,FC/285/OS,17,AKANMU SAHEED ABIODUN,M,PPN,10,,Osun_IREPODUN-ONORUNDA-FC.pdf
Osun,IREPODUN/ONORUNDA/OSOGBO/OROLU,FC/285/OS,18,AJIBADE WAHEED,M,PT,25,,Osun_IREPODUN-ONORUNDA-FC.pdf
Osun,IREPODUN/ONORUNDA/OSOGBO/OROLU,FC/285/OS,19,OLUSOLA OLATUN BOSUN,F,RP,7,,Osun_IREPODUN-ONORUNDA-FC.pdf
Osun,IREPODUN/ONORUNDA/OSOGBO/OROLU,FC/285/OS,20,ADBWALE TOPE ADEBOWALE,M,ZLP,16,,Osun_IREPODUN-ONORUNDA-FC.pdf
Osun,OBOKUN-OREDE,FC/289/OS,1,ODUNAYO JIMOH,M,A,1976,,Osun_OBOKUM.pdf
Osun,OBOKUN-OREDE,FC/289/OS,2,ADU ANTHONY OLUSEYI,M,ACDN,46,,Osun_OBOKUM.pdf
Osun,OBOKUN-OREDE,FC/289/OS,3,ADEBISI EMMANUEL ONI,M,ADC,54,,Osun_OBOKUM.pdf
Osun,OBOKUN-OREDE,FC/289/OS,4,FATIREGU TAIWO OLATUNDE,M,ADP,117,,Osun_OBOKUM.pdf
Osun,OBOKUN-OREDE,FC/289/OS,5,OLASIJI AKANMU OLAMIJU,M,APC,19725,,Osun_OBOKUM.pdf
Osun,OBOKUN-OREDE,FC/289/OS,6,MAKINDE MARY OLAYINKA,F,CAP,6,,Osun_OBOKUM.pdf
Osun,OBOKUN-OREDE,FC/289/OS,7,RAFIU NAFISAT OPEYEMI,F,GPN,1,,Osun_OBOKUM.pdf
Osun,OBOKUN-OREDE,FC/289/OS,8,OKE OLUWOLE BUSAYO,M,PDP,25329,DECLARED ELECTED,Osun_OBOKUM.pdf
Osun,OBOKUN-OREDE,FC/289/OS,9,OLUKAYODE CORNELIUS ADED,EJI M,PPC,22,,Osun_OBOKUM.pdf
Osun,OBOKUN-OREDE,FC/289/OS,10,AJIBADE WAHEED,M,PT,6,,Osun_OBOKUM.pdf
Osun,OBOKUN-OREDE,FC/289/OS,11,ADEGBENGA TITUS ADEJOORI,N M,RP,8,,Osun_OBOKUM.pdf
Osun,OBOKUN-OREDE,FC/289/OS,12,DADA OLUWAKEMI ESTHER,F,SNP,35,,Osun_OBOKUM.pdf
Osun,OBOKUN-OREDE,FC/289/OS,13,OJO IDOWU SUSAN,F,ZLP,10,,Osun_OBOKUM.pdf
Osun,ODO -OTIN/BORIPE/IFELODUN,FC/286/OS,1,AGBOOLA PETER OLUREMI,M,ACPN,24,,Osun_ODO-E-FC.pdf
Osun,ODO -OTIN/BORIPE/IFELODUN,FC/286/OS,2,OLADELE OLADIPO OLUWASEUN,M,ADC,704,,Osun_ODO-E-FC.pdf
Osun,ODO -OTIN/BORIPE/IFELODUN,FC/286/OS,3,ATITEBI OLUYEMI GABRIEL,M,APA,122,,Osun_ODO-E-FC.pdf
Osun,ODO -OTIN/BORIPE/IFELODUN,FC/286/OS,4,AFOLABI OLALEKAN RASHEED,M,APC,41117,DECLARED ELECTED,Osun_ODO-E-FC.pdf
Osun,ODO -OTIN/BORIPE/IFELODUN,FC/286/OS,5,SANUSI HADIZAT ADENIKE,M,NCP,49,,Osun_ODO-E-FC.pdf
Osun,ODO -OTIN/BORIPE/IFELODUN,FC/286/OS,6,ADETUNJI ABIDEMI OLUSOJI,M,PDP,32389,,Osun_ODO-E-FC.pdf
Osun,ODO -OTIN/BORIPE/IFELODUN,FC/286/OS,7,SHEHU WAHEED GBOLAGADE,M,PPA,67,,Osun_ODO-E-FC.pdf
Osun,ODO -OTIN/BORIPE/IFELODUN,FC/286/OS,8,OLADOSU ISIAKA AFOLABI,M,PPN,3,,Osun_ODO-E-FC.pdf
Osun,ODO -OTIN/BORIPE/IFELODUN,FC/286/OS,9,SULEMAN MUIDEEN ADELANI,M,PT,4,,Osun_ODO-E-FC.pdf
Osun,ODO -OTIN/BORIPE/IFELODUN,FC/286/OS,10,ADEPOJU ZAINAB NIKE,F,SNP,6,,Osun_ODO-E-FC.pdf
Osun,ODO -OTIN/BORIPE/IFELODUN,FC/286/OS,11,OLADIMEJI BALOGUN,M,ZLP,9,,Osun_ODO-E-FC.pdf
Oyo,AFIJIO/OYO EAST/OYO WEST/ ATIBA,FC/294/OY,1,ISHOLA OLUWASEUN SARAFADEEN,M,A,253,,Oyo_AFIJIO-OYO-EAST-OYO-WEST-ATIBA.pdf
Oyo,AFIJIO/OYO EAST/OYO WEST/ ATIBA,FC/294/OY,2,AYORINDE AYODEJI BASEET,M,AAC,346,,Oyo_AFIJIO-OYO-EAST-OYO-WEST-ATIBA.pdf
Oyo,AFIJIO/OYO EAST/OYO WEST/ ATIBA,FC/294/OY,3,MOROOF AKINWANDE ADEBAYO,M,ADC,15195,,Oyo_AFIJIO-OYO-EAST-OYO-WEST-ATIBA.pdf
Oyo,AFIJIO/OYO EAST/OYO WEST/ ATIBA,FC/294/OY,4,KAMIL AKINLABI MUDASHIRU,M,ADP,15894,,Oyo_AFIJIO-OYO-EAST-OYO-WEST-ATIBA.pdf
Oyo,AFIJIO/OYO EAST/OYO WEST/ ATIBA,FC/294/OY,5,ADEYEMI AKEEM ADENIYI,M,APC,27649,DECLARED ELECTED,Oyo_AFIJIO-OYO-EAST-OYO-WEST-ATIBA.pdf
Oyo,AFIJIO/OYO EAST/OYO WEST/ ATIBA,FC/294/OY,6,ADEYEMI ADEKUNLE K. JOHN,M,DPP,119,,Oyo_AFIJIO-OYO-EAST-OYO-WEST-ATIBA.pdf
Oyo,AFIJIO/OYO EAST/OYO WEST/ ATIBA,FC/294/OY,7,OLUWOLE TOSIN AKINKUNMI,M,ID,41,,Oyo_AFIJIO-OYO-EAST-OYO-WEST-ATIBA.pdf
Oyo,AFIJIO/OYO EAST/OYO WEST/ ATIBA,FC/294/OY,8,OYETUNBI ADEWALE,M,JMPP,51,,Oyo_AFIJIO-OYO-EAST-OYO-WEST-ATIBA.pdf
Oyo,AFIJIO/OYO EAST/OYO WEST/ ATIBA,FC/294/OY,9,KAYODE OLABODE AYOADE,M,LP,111,,Oyo_AFIJIO-OYO-EAST-OYO-WEST-ATIBA.pdf
Oyo,AFIJIO/OYO EAST/OYO WEST/ ATIBA,FC/294/OY,10,ORIYOMI MUSTAPHA IBRAHIM,M,MPN,111,,Oyo_AFIJIO-OYO-EAST-OYO-WEST-ATIBA.pdf
Oyo,AFIJIO/OYO EAST/OYO WEST/ ATIBA,FC/294/OY,11,OLUWAFEMI ADELEKE ABIODUN,M,NCP,137,,Oyo_AFIJIO-OYO-EAST-OYO-WEST-ATIBA.pdf
Oyo,AFIJIO/OYO EAST/OYO WEST/ ATIBA,FC/294/OY,12,OYEGBEWE BENJAMIN OYELOLA,M,NRM,54,,Oyo_AFIJIO-OYO-EAST-OYO-WEST-ATIBA.pdf
Oyo,AFIJIO/OYO EAST/OYO WEST/ ATIBA,FC/294/OY,13,ADEYEMI ADEBAYO FATAI,M,PDP,23225,,Oyo_AFIJIO-OYO-EAST-OYO-WEST-ATIBA.pdf
Oyo,AFIJIO/OYO EAST/OYO WEST/ ATIBA,FC/294/OY,14,ADESHINA OLUSHOLA ALONGE,F,PPN,141,,Oyo_AFIJIO-OYO-EAST-OYO-WEST-ATIBA.pdf
Oyo,AFIJIO/OYO EAST/OYO WEST/ ATIBA,FC/294/OY,15,OLANITE ADEROJU FUNMILAYO,M,SNP,93,,Oyo_AFIJIO-OYO-EAST-OYO-WEST-ATIBA.pdf
Oyo,AFIJIO/OYO EAST/OYO WEST/ ATIBA,FC/294/OY,16,MURITALA BUSARI,M,ZLP,2474,,Oyo_AFIJIO-OYO-EAST-OYO-WEST-ATIBA.pdf
Oyo,AKINYELE/LAGELU,FC/295/OY,1,BUSARI MURITALA KAYODE,M,A,351,,Oyo_AKINYELE-LAGELU.pdf
Oyo,AKINYELE/LAGELU,FC/295/OY,2,ADERIBIGBE ADEYEMI JOHN,M,ADC,12713,,Oyo_AKINYELE-LAGELU.pdf
Oyo,AKINYELE/LAGELU,FC/295/OY,3,ADIGUN HAMMED ABIODUN,M,ADP,7629,,Oyo_AKINYELE-LAGELU.pdf
Oyo,AKINYELE/LAGELU,FC/295/OY,4,AKINTOLA OLUOKUN GEORGE,M,APC,19280,DECLARED ELECTED,Oyo_AKINYELE-LAGELU.pdf
Oyo,AKINYELE/LAGELU,FC/295/OY,5,SEMIU MUILI,M,DPC,66,,Oyo_AKINYELE-LAGELU.pdf
Oyo,AKINYELE/LAGELU,FC/295/OY,6,ADESINA AUGUSTINE,F,DPP,99,,Oyo_AKINYELE-LAGELU.pdf
Oyo,AKINYELE/LAGELU,FC/295/OY,7,SAHEED ADEWALE AKINTUNDE,M,HDP,13,,Oyo_AKINYELE-LAGELU.pdf
Oyo,AKINYELE/LAGELU,FC/295/OY,8,LAWAL KAZEEM OLADIMEJI,M,ID,34,,Oyo_AKINYELE-LAGELU.pdf
Oyo,AKINYELE/LAGELU,FC/295/OY,9,OLANIRAN AKOLADE,M,JMPP,46,,Oyo_AKINYELE-LAGELU.pdf
Oyo,AKINYELE/LAGELU,FC/295/OY,10,AKINRINADE MUKAILA AKINTUNDE,M,LP,72,,Oyo_AKINYELE-LAGELU.pdf
Oyo,AKINYELE/LAGELU,FC/295/OY,11,ADENIYI OMOTAYO,M,MPN,56,,Oyo_AKINYELE-LAGELU.pdf
Oyo,AKINYELE/LAGELU,FC/295/OY,12,KAZEEM OLAYIWOLA ABIODUN,M,NCP,174,,Oyo_AKINYELE-LAGELU.pdf
Oyo,AKINYELE/LAGELU,FC/295/OY,13,ADEAGBO OLUREMI SERAH O,F,NRM,40,,Oyo_AKINYELE-LAGELU.pdf
Oyo,AKINYELE/LAGELU,FC/295/OY,14,KUNLE YUSUFF,M,PDP,15770,,Oyo_AKINYELE-LAGELU.pdf
Oyo,AKINYELE/LAGELU,FC/295/OY,15,LAWAL ADEWUMI,M,PPN,84,,Oyo_AKINYELE-LAGELU.pdf
Oyo,AKINYELE/LAGELU,FC/295/OY,16,GBADAMOSI ISAAC BABATUNDE,M,SDP,66,,Oyo_AKINYELE-LAGELU.pdf
Oyo,AKINYELE/LAGELU,FC/295/OY,17,ADEOLUWA IBIYEMI NURUDEEN,M,ZLP,1598,,Oyo_AKINYELE-LAGELU.pdf
Oyo,ATISBO/SAKI EAST AND SAKI WEST,FC/299/OY,1,AZEEZ YUSUF,M,A,100,,Oyo_ATISBO-SAKI-EAST-AND-SAKI-WEST.pdf
Oyo,ATISBO/SAKI EAST AND SAKI WEST,FC/299/OY,2,SALAMI NURUDEEN ABIODUN,M,AAC,267,,Oyo_ATISBO-SAKI-EAST-AND-SAKI-WEST.pdf
Oyo,ATISBO/SAKI EAST AND SAKI WEST,FC/299/OY,3,ABDULWASI MUSAH,M,ADC,10314,,Oyo_ATISBO-SAKI-EAST-AND-SAKI-WEST.pdf
Oyo,ATISBO/SAKI EAST AND SAKI WEST,FC/299/OY,4,ABIODUN KAREEM TAJUDEEN,M,ADP,2954,,Oyo_ATISBO-SAKI-EAST-AND-SAKI-WEST.pdf
Oyo,ATISBO/SAKI EAST AND SAKI WEST,FC/299/OY,5,OLATUNBOSUN OLAJIDE BOLADE,M,APC,27115,DECLARED ELECTED,Oyo_ATISBO-SAKI-EAST-AND-SAKI-WEST.pdf
Oyo,ATISBO/SAKI EAST AND SAKI WEST,FC/299/OY,6,SALAMI NURUDEEN,M,DPP,61,,Oyo_ATISBO-SAKI-EAST-AND-SAKI-WEST.pdf
Oyo,ATISBO/SAKI EAST AND SAKI WEST,FC/299/OY,7,AJIBADE MUIBAT ADENIKE,F,ID,8,,Oyo_ATISBO-SAKI-EAST-AND-SAKI-WEST.pdf
Oyo,ATISBO/SAKI EAST AND SAKI WEST,FC/299/OY,8,DAUDA OLATEJU JAMIU,M,MPN,38,,Oyo_ATISBO-SAKI-EAST-AND-SAKI-WEST.pdf
Oyo,ATISBO/SAKI EAST AND SAKI WEST,FC/299/OY,9,OWOLABI OYINLOLA FATIMOH,F,NCP,63,,Oyo_ATISBO-SAKI-EAST-AND-SAKI-WEST.pdf
Oyo,ATISBO/SAKI EAST AND SAKI WEST,FC/299/OY,10,ASHIRU SIRAJUDEEN AYODELE,M,NRM,15,,Oyo_ATISBO-SAKI-EAST-AND-SAKI-WEST.pdf
Oyo,ATISBO/SAKI EAST AND SAKI WEST,FC/299/OY,11,FASASI ADEMOLA ADEAGBO,M,PDP,24139,,Oyo_ATISBO-SAKI-EAST-AND-SAKI-WEST.pdf
Oyo,ATISBO/SAKI EAST AND SAKI WEST,FC/299/OY,12,OLUDAMILOLA AJAO STEPHEN,M,PPN,60,,Oyo_ATISBO-SAKI-EAST-AND-SAKI-WEST.pdf
Oyo,ATISBO/SAKI EAST AND SAKI WEST,FC/299/OY,13,YUSUF ABDULRAQUE OLATINJI,M,SDP,17,,Oyo_ATISBO-SAKI-EAST-AND-SAKI-WEST.pdf
Oyo,ATISBO/SAKI EAST AND SAKI WEST,FC/299/OY,14,OLADOKUN OLAGBENRO ADEBAYO,M,ZLP,402,,Oyo_ATISBO-SAKI-EAST-AND-SAKI-WEST.pdf
Oyo,EGBEDA/ ONA-ARA,FC/296/OY,1,ADEWOLE AKINDEJI ABIODUN,M,A,137,,Oyo_EGBEDA-ONA-ARA.pdf
Oyo,EGBEDA/ ONA-ARA,FC/296/OY,2,MICHEAL AKINTOLA TAIWO,M,ADC,5640,,Oyo_EGBEDA-ONA-ARA.pdf
Oyo,EGBEDA/ ONA-ARA,FC/296/OY,3,ODEYELE AKINWUMI TIMOTHY,M,ADP,2145,,Oyo_EGBEDA-ONA-ARA.pdf
Oyo,EGBEDA/ ONA-ARA,FC/296/OY,4,OJOAWO KEHINDE AMOS,M,AGA,67,,Oyo_EGBEDA-ONA-ARA.pdf
Oyo,EGBEDA/ ONA-ARA,FC/296/OY,5,OJETUNDE AKINTOMI MAYOWA,M,ANN,136,,Oyo_EGBEDA-ONA-ARA.pdf
Oyo,EGBEDA/ ONA-ARA,FC/296/OY,6,AKINOLA ADEKUNLE ALABI,M,APC,28146,,Oyo_EGBEDA-ONA-ARA.pdf
Oyo,EGBEDA/ ONA-ARA,FC/296/OY,7,OJO OLADIKAN,M,C4C,0,,Oyo_EGBEDA-ONA-ARA.pdf
Oyo,EGBEDA/ ONA-ARA,FC/296/OY,8,OLUWASEYI NUSI-OMONUSI,M,DPC,57,,Oyo_EGBEDA-ONA-ARA.pdf
Oyo,EGBEDA/ ONA-ARA,FC/296/OY,9,OGUNNIYI TEMITOPE LAWRENCE,M,ID,13,,Oyo_EGBEDA-ONA-ARA.pdf
Oyo,EGBEDA/ ONA-ARA,FC/296/OY,10,AJAYI OPEYEMI MICHAEL,M,JMPP,27,,Oyo_EGBEDA-ONA-ARA.pdf
Oyo,EGBEDA/ ONA-ARA,FC/296/OY,11,ALAKA SAHEED OLADIMEJI,M,LP,116,,Oyo_EGBEDA-ONA-ARA.pdf
Oyo,EGBEDA/ ONA-ARA,FC/296/OY,12,AKEEM OGUNDIPE,M,MPN,36,,Oyo_EGBEDA-ONA-ARA.pdf
Oyo,EGBEDA/ ONA-ARA,FC/296/OY,13,ADEGBITE ADEJUMOKE ENIOLA,F,NCP,53,,Oyo_EGBEDA-ONA-ARA.pdf
Oyo,EGBEDA/ ONA-ARA,FC/296/OY,14,KEHINDE ABIGAEL OLUFUNLOLA,F,NPC,93,,Oyo_EGBEDA-ONA-ARA.pdf
Oyo,EGBEDA/ ONA-ARA,FC/296/OY,15,OYEWALE ADEWUMI ADELEKE,F,NRM,30,,Oyo_EGBEDA-ONA-ARA.pdf
Oyo,EGBEDA/ ONA-ARA,FC/296/OY,16,OJO KAFARU AKANJI,M,PDC,327,,Oyo_EGBEDA-ONA-ARA.pdf
Oyo,EGBEDA/ ONA-ARA,FC/296/OY,17,AYOKUNLE OLUMUYIWA IYANDA,M,PDP,17723,,Oyo_EGBEDA-ONA-ARA.pdf
Oyo,EGBEDA/ ONA-ARA,FC/296/OY,18,BENEDICT AKINTUNDE,M,PPN,48,,Oyo_EGBEDA-ONA-ARA.pdf
Oyo,EGBEDA/ ONA-ARA,FC/296/OY,19,TIMOTHY ODELEYE,M,SDP,154,,Oyo_EGBEDA-ONA-ARA.pdf
Oyo,EGBEDA/ ONA-ARA,FC/296/OY,20,MUFUTAU OGUNREMI OLATUNDE,M,ZLP,1625,,Oyo_EGBEDA-ONA-ARA.pdf
Oyo,IBADAN NORTH EAST/IBADAN SOUTH EAST,FC/305/OY,1,AJAJA ADEBUKOLA ABIOLA,M,A,1287,,Oyo_IBADAN-NORTH-EAST-SE.pdf
Oyo,IBADAN NORTH EAST/IBADAN SOUTH EAST,FC/305/OY,2,ADEDAPO LAM ADESINA,M,ADC,17239,,Oyo_IBADAN-NORTH-EAST-SE.pdf
Oyo,IBADAN NORTH EAST/IBADAN SOUTH EAST,FC/305/OY,3,OLOYA KEHINDE AYINLA,M,ADP,3083,,Oyo_IBADAN-NORTH-EAST-SE.pdf
Oyo,IBADAN NORTH EAST/IBADAN SOUTH EAST,FC/305/OY,4,ABODERIN ADEDEJI,M,APC,18853,,Oyo_IBADAN-NORTH-EAST-SE.pdf
Oyo,IBADAN NORTH EAST/IBADAN SOUTH EAST,FC/305/OY,5,OJO ADEKUNLE,M,DPP,95,,Oyo_IBADAN-NORTH-EAST-SE.pdf
Oyo,IBADAN NORTH EAST/IBADAN SOUTH EAST,FC/305/OY,6,AJEIGBE IBRAHIM OLUWOLE,M,JMPP,80,,Oyo_IBADAN-NORTH-EAST-SE.pdf
Oyo,IBADAN NORTH EAST/IBADAN SOUTH EAST,FC/305/OY,7,AREMU OYERONKE KEHINDE,F,LP,119,,Oyo_IBADAN-NORTH-EAST-SE.pdf
Oyo,IBADAN NORTH EAST/IBADAN SOUTH EAST,FC/305/OY,8,IBRAHIM OLAIDE,F,MPN,69,,Oyo_IBADAN-NORTH-EAST-SE.pdf
Oyo,IBADAN NORTH EAST/IBADAN SOUTH EAST,FC/305/OY,9,ADEDOJA GRACE ADEDAYO,F,NCP,169,,Oyo_IBADAN-NORTH-EAST-SE.pdf
Oyo,IBADAN NORTH EAST/IBADAN SOUTH EAST,FC/305/OY,10,ADELEKAN MATHEW AKINWOLE,M,NPC,83,,Oyo_IBADAN-NORTH-EAST-SE.pdf
Oyo,IBADAN NORTH EAST/IBADAN SOUTH EAST,FC/305/OY,11,WAHEED ISHOLA GIIWA,M,NRM,38,,Oyo_IBADAN-NORTH-EAST-SE.pdf
Oyo,IBADAN NORTH EAST/IBADAN SOUTH EAST,FC/305/OY,12,ADIGUN ABBAS ADEKUNLE,M,PDP,24488,DECLARED ELECTED,Oyo_IBADAN-NORTH-EAST-SE.pdf
Oyo,IBADAN NORTH EAST/IBADAN SOUTH EAST,FC/305/OY,13,SAMUEL ADEOYE OLUSINA,M,PPN,114,,Oyo_IBADAN-NORTH-EAST-SE.pdf
Oyo,IBADAN NORTH EAST/IBADAN SOUTH EAST,FC/305/OY,14,AYOBAMI YUNUSA SODIQ,M,SDP,206,,Oyo_IBADAN-NORTH-EAST-SE.pdf
Oyo,IBADAN NORTH EAST/IBADAN SOUTH EAST,FC/305/OY,15,ALAO SEMIH OLADIMEJI,M,ZLP,5324,,Oyo_IBADAN-NORTH-EAST-SE.pdf
Oyo,IBADAN NORTH,FC/307/OY,1,AWOLEYE ABIODUN DADA,M,A,3238,,Oyo_IBADAN-NORTH.pdf
Oyo,IBADAN NORTH,FC/307/OY,2,ABIODUN OMIKUNLE OLUYINKA,M,AA,124,,Oyo_IBADAN-NORTH.pdf
Oyo,IBADAN NORTH,FC/307/OY,3,KABIRU LADOJA ABIOLA,M,ADC,5884,,Oyo_IBADAN-NORTH.pdf
Oyo,IBADAN NORTH,FC/307/OY,4,LAPADE BABATUNDE IDRIS,M,ADP,2174,,Oyo_IBADAN-NORTH.pdf
Oyo,IBADAN NORTH,FC/307/OY,5,OGUNLANA MOBOLANLE OLABOSADE,F,ANN,2306,,Oyo_IBADAN-NORTH.pdf
Oyo,IBADAN NORTH,FC/307/OY,6,PRINCE OLAIDE ADEWALE AKINREMI,M,APC,17048,DECLARED ELECTED,Oyo_IBADAN-NORTH.pdf
Oyo,IBADAN NORTH,FC/307/OY,7,ODEKUNLE WASIU OMOWUMI SOLOMON,M,C4C,4,,Oyo_IBADAN-NORTH.pdf
Oyo,IBADAN NORTH,FC/307/OY,8,OSHIN TAIWO AIKE,F,DA,38,,Oyo_IBADAN-NORTH.pdf
Oyo,IBADAN NORTH,FC/307/OY,9,AKINDOYIN TEMITAYO A,M,JMPP,82,,Oyo_IBADAN-NORTH.pdf
Oyo,IBADAN NORTH,FC/307/OY,10,OLOYADE OLUFEMI WILSON,M,NCP,79,,Oyo_IBADAN-NORTH.pdf
Oyo,IBADAN NORTH,FC/307/OY,11,AKINYOSOYE FRANCIS OLUWADAMILARE,M,NRM,36,,Oyo_IBADAN-NORTH.pdf
Oyo,IBADAN NORTH,FC/307/OY,12,OMOTOSO KAMIL ADEMOLA,M,PDP,16237,,Oyo_IBADAN-NORTH.pdf
Oyo,IBADAN NORTH,FC/307/OY,13,AKINJIDE TAIWO YAKUB,M,SDP,248,,Oyo_IBADAN-NORTH.pdf
Oyo,IBADAN NORTH,FC/307/OY,14,KAZIM ADENIYI ADEYINKA,M,ZLP,2828,,Oyo_IBADAN-NORTH.pdf
Oyo,IBADAN SOUTH WEST/IBADAN NORTH WEST,FC/306/OY,1,ADETUNJI MOJISOLA IYABO,F,A,238,,Oyo_IBADAN-SOUTH-WEST-IBADAN-NORTH.pdf
Oyo,IBADAN SOUTH WEST/IBADAN NORTH WEST,FC/306/OY,2,WASIU AJANI OLATUBOSUN,M,ADC,12683,,Oyo_IBADAN-SOUTH-WEST-IBADAN-NORTH.pdf
Oyo,IBADAN SOUTH WEST/IBADAN NORTH WEST,FC/306/OY,3,BUSARI OLAKUNLE MORUF,M,ADP,3416,,Oyo_IBADAN-SOUTH-WEST-IBADAN-NORTH.pdf
Oyo,IBADAN SOUTH WEST/IBADAN NORTH WEST,FC/306/OY,4,SAHEED AKINADE FIJABI,M,APC,25560,,Oyo_IBADAN-SOUTH-WEST-IBADAN-NORTH.pdf
Oyo,IBADAN SOUTH WEST/IBADAN NORTH WEST,FC/306/OY,5,AYORINDE OLU,M,DPP,110,,Oyo_IBADAN-SOUTH-WEST-IBADAN-NORTH.pdf
Oyo,IBADAN SOUTH WEST/IBADAN NORTH WEST,FC/306/OY,6,AKINWALE PRECIOUS OLUWAFEMI,M,HDP,35,,Oyo_IBADAN-SOUTH-WEST-IBADAN-NORTH.pdf
Oyo,IBADAN SOUTH WEST/IBADAN NORTH WEST,FC/306/OY,7,ADEMULEGUN OLUSEGUN,M,JMPP,39,,Oyo_IBADAN-SOUTH-WEST-IBADAN-NORTH.pdf
Oyo,IBADAN SOUTH WEST/IBADAN NORTH WEST,FC/306/OY,8,OKESOTO OLANREWAJU MOSES,M,LP,134,,Oyo_IBADAN-SOUTH-WEST-IBADAN-NORTH.pdf
Oyo,IBADAN SOUTH WEST/IBADAN NORTH WEST,FC/306/OY,9,AGBEJA ABIYE OLASUPO,M,NCP,130,,Oyo_IBADAN-SOUTH-WEST-IBADAN-NORTH.pdf
Oyo,IBADAN SOUTH WEST/IBADAN NORTH WEST,FC/306/OY,10,ADENAIKE SUNDAY VICTOR,M,NRM,34,,Oyo_IBADAN-SOUTH-WEST-IBADAN-NORTH.pdf
Oyo,IBADAN SOUTH WEST/IBADAN NORTH WEST,FC/306/OY,11,OLAJIDE ADEDEJI STANLEY,M,PDP,28360,DECLARED ELECTED,Oyo_IBADAN-SOUTH-WEST-IBADAN-NORTH.pdf
Oyo,IBADAN SOUTH WEST/IBADAN NORTH WEST,FC/306/OY,12,LEYE DUROWAIYE VICTOR,M,PPN,76,,Oyo_IBADAN-SOUTH-WEST-IBADAN-NORTH.pdf
Oyo,IBADAN SOUTH WEST/IBADAN NORTH WEST,FC/306/OY,13,TUNRAYO AJEIGBE,F,SDP,144,,Oyo_IBADAN-SOUTH-WEST-IBADAN-NORTH.pdf
Oyo,IBADAN SOUTH WEST/IBADAN NORTH WEST,FC/306/OY,14,TAIWO MOFOLUWAKE OMOBOLANLE AYANNIYI,F,SNC,74,,Oyo_IBADAN-SOUTH-WEST-IBADAN-NORTH.pdf
Oyo,IBADAN SOUTH WEST/IBADAN NORTH WEST,FC/306/OY,15,FAGBENRO ABAYOMI,M,YDP,893,,Oyo_IBADAN-SOUTH-WEST-IBADAN-NORTH.pdf
Oyo,IBADAN SOUTH WEST/IBADAN NORTH WEST,FC/306/OY,16,ABOLAJI MUMEEN GBADAMASI,M,ZLP,4639,,Oyo_IBADAN-SOUTH-WEST-IBADAN-NORTH.pdf
Oyo,IBARAPA CENTRAL/ IBARAPA NORTH,FC/297/OY,1,OLAWALE F. OLADOKUN,M,AAC,102,,Oyo_IBARAPA-CENTRAL-NORTH.pdf
Oyo,IBARAPA CENTRAL/ IBARAPA NORTH,FC/297/OY,2,HUSSAIN A. AKINDELE,M,ADC,2859,,Oyo_IBARAPA-CENTRAL-NORTH.pdf
Oyo,IBARAPA CENTRAL/ IBARAPA NORTH,FC/297/OY,3,AKINLABI AKINYEMI,M,ADP,2228,,Oyo_IBARAPA-CENTRAL-NORTH.pdf
Oyo,IBARAPA CENTRAL/ IBARAPA NORTH,FC/297/OY,4,ADESINA M. ADEYINKA,M,AGA,37,,Oyo_IBARAPA-CENTRAL-NORTH.pdf
Oyo,IBARAPA CENTRAL/ IBARAPA NORTH,FC/297/OY,5,OJO A. OBAFEMI,M,APC,14359,,Oyo_IBARAPA-CENTRAL-NORTH.pdf
Oyo,IBARAPA CENTRAL/ IBARAPA NORTH,FC/297/OY,6,ADENIRAN S. IDOWU,M,DPC,27,,Oyo_IBARAPA-CENTRAL-NORTH.pdf
Oyo,IBARAPA CENTRAL/ IBARAPA NORTH,FC/297/OY,7,KOLAWOLE IPADEOLA,M,DPP,26,,Oyo_IBARAPA-CENTRAL-NORTH.pdf
Oyo,IBARAPA CENTRAL/ IBARAPA NORTH,FC/297/OY,8,AFOLABI E. IBRAHEEM,M,NCP,49,,Oyo_IBARAPA-CENTRAL-NORTH.pdf
Oyo,IBARAPA CENTRAL/ IBARAPA NORTH,FC/297/OY,9,ADESOPE N. IBRAHIM,M,NRM,19,,Oyo_IBARAPA-CENTRAL-NORTH.pdf
Oyo,IBARAPA CENTRAL/ IBARAPA NORTH,FC/297/OY,10,AJIBOLA S. MURAINA,M,PDP,14773,DECLARED ELECTED,Oyo_IBARAPA-CENTRAL-NORTH.pdf
Oyo,IBARAPA CENTRAL/ IBARAPA NORTH,FC/297/OY,11,OLATUNDE T. ABIGAIL,F,PPN,45,,Oyo_IBARAPA-CENTRAL-NORTH.pdf
Oyo,IBARAPA CENTRAL/ IBARAPA NORTH,FC/297/OY,12,BELLO T. AL-AMEEN,M,SDP,571,,Oyo_IBARAPA-CENTRAL-NORTH.pdf
Oyo,IBARAPA CENTRAL/ IBARAPA NORTH,FC/297/OY,13,ADEBAYO A. ADEPOJU,M,ZLP,3014,,Oyo_IBARAPA-CENTRAL-NORTH.pdf
Oyo,IBARAPA EAST/IDO,FC/298/OY,1,ADEBISI OLUWATOYIN,F,A,110,,Oyo_IBARAPA-EAST-IDO.pdf
Oyo,IBARAPA EAST/IDO,FC/298/OY,2,ADEYEMI ADEPOJU SUNDAY,M,ADC,7737,,Oyo_IBARAPA-EAST-IDO.pdf
Oyo,IBARAPA EAST/IDO,FC/298/OY,3,SALAM NURUDEEN .A,M,APP,1170,,Oyo_IBARAPA-EAST-IDO.pdf
Oyo,IBARAPA EAST/IDO,FC/298/OY,4,JOSEPH ADENIYI OLOWOFELA,M,APC,16209,,Oyo_IBARAPA-EAST-IDO.pdf
Oyo,IBARAPA EAST/IDO,FC/298/OY,5,OMIFENWA MONSURU KEHINDE,M,C4C,103,,Oyo_IBARAPA-EAST-IDO.pdf
Oyo,IBARAPA EAST/IDO,FC/298/OY,6,LAMIDI WASIU ADEBAYO,M,DPC,52,,Oyo_IBARAPA-EAST-IDO.pdf
Oyo,IBARAPA EAST/IDO,FC/298/OY,7,OLADAPO MUJIDAT ADEOLA,M,ID,12,,Oyo_IBARAPA-EAST-IDO.pdf
Oyo,IBARAPA EAST/IDO,FC/298/OY,8,OLADAPO SARAFA AYODEJI,M,LP,45,,Oyo_IBARAPA-EAST-IDO.pdf
Oyo,IBARAPA EAST/IDO,FC/298/OY,9,SAMUEL ADEKANBI,M,MPN,43,,Oyo_IBARAPA-EAST-IDO.pdf
Oyo,IBARAPA EAST/IDO,FC/298/OY,10,USMAN RUKAYAT OPEYEMI,F,NCP,97,,Oyo_IBARAPA-EAST-IDO.pdf
Oyo,IBARAPA EAST/IDO,FC/298/OY,11,AKANDE OLADAYO IBRAHEEM,M,NRM,28,,Oyo_IBARAPA-EAST-IDO.pdf
Oyo,IBARAPA EAST/IDO,FC/298/OY,12,OLUYEMI ADEWALE TAIWO,M,PDP,17426,DECLARED ELECTED,Oyo_IBARAPA-EAST-IDO.pdf
Oyo,IBARAPA EAST/IDO,FC/298/OY,13,OLUNLADE SAHEED OLAWALE,M,PPN,147,,Oyo_IBARAPA-EAST-IDO.pdf
Oyo,IBARAPA EAST/IDO,FC/298/OY,14,OLALERE IMOLEMITAN FELIX,M,SNP,46,,Oyo_IBARAPA-EAST-IDO.pdf
Oyo,IBARAPA EAST/IDO,FC/298/OY,15,ADESINA ADEOLA ISIAKA,M,ZLP,1350,,Oyo_IBARAPA-EAST-IDO.pdf
Oyo,IREPO/ORELOPE/OLORUNSOGO,FC/300/OY,1,ABDUL - GANEEY ABDUL - WAHEED O,M,A,225,,Oyo_irepo-orelope-olorunsogo.pdf
Oyo,IREPO/ORELOPE/OLORUNSOGO,FC/300/OY,2,LUKMAN BALOGUN OLAWALE,M,ADC,7393,,Oyo_irepo-orelope-olorunsogo.pdf
Oyo,IREPO/ORELOPE/OLORUNSOGO,FC/300/OY,3,SANI YUNUSA AYINLA,M,ADP,9690,,Oyo_irepo-orelope-olorunsogo.pdf
Oyo,IREPO/ORELOPE/OLORUNSOGO,FC/300/OY,4,OJERINDE OLUMIDE ABIODUN,M,APC,18178,,Oyo_irepo-orelope-olorunsogo.pdf
Oyo,IREPO/ORELOPE/OLORUNSOGO,FC/300/OY,5,ADEWALE OJO MICHAEL,M,MPN,18,,Oyo_irepo-orelope-olorunsogo.pdf
Oyo,IREPO/ORELOPE/OLORUNSOGO,FC/300/OY,6,AFOLABI KHAFAYAT AFOLAKE,F,NCP,80,,Oyo_irepo-orelope-olorunsogo.pdf
Oyo,IREPO/ORELOPE/OLORUNSOGO,FC/300/OY,7,OLAKULEHIN YUNUS OLADELE,M,NIP,66,,Oyo_irepo-orelope-olorunsogo.pdf
Oyo,IREPO/ORELOPE/OLORUNSOGO,FC/300/OY,8,OLABANJO DAUDA HAMEED,M,NRM,13,,Oyo_irepo-orelope-olorunsogo.pdf
Oyo,IREPO/ORELOPE/OLORUNSOGO,FC/300/OY,9,MICHAEL ADEROJU OKUNLADE,M,PDP,11251,DECLARED ELECTED,Oyo_irepo-orelope-olorunsogo.pdf
Oyo,IREPO/ORELOPE/OLORUNSOGO,FC/300/OY,10,AWOLOLA OLADIPO,M,PPN,13,,Oyo_irepo-orelope-olorunsogo.pdf
Oyo,IREPO/ORELOPE/OLORUNSOGO,FC/300/OY,11,GANIYU AMEEN OLATEJU,M,ZLP,233,,Oyo_irepo-orelope-olorunsogo.pdf
Oyo,ISEYIN/ITESIWAJU/KAJOLA/IWAJOWA,FC/301/OY,1,GANIYU KAZEEM FOLARANMI,M,A,82,,Oyo_ISEYIN-ITESIWAJU-KAJOLA-IWAJOWA.pdf
Oyo,ISEYIN/ITESIWAJU/KAJOLA/IWAJOWA,FC/301/OY,2,ABIODUN OLASUPO ADEOLA,M,ADC,12309,,Oyo_ISEYIN-ITESIWAJU-KAJOLA-IWAJOWA.pdf
Oyo,ISEYIN/ITESIWAJU/KAJOLA/IWAJOWA,FC/301/OY,3,IGE SALAWU ADEYEMI,M,ADP,3023,,Oyo_ISEYIN-ITESIWAJU-KAJOLA-IWAJOWA.pdf
Oyo,ISEYIN/ITESIWAJU/KAJOLA/IWAJOWA,FC/301/OY,4,SHINA ABIOLA PELLER,M,APC,44088,DECLARED ELECTED,Oyo_ISEYIN-ITESIWAJU-KAJOLA-IWAJOWA.pdf
Oyo,ISEYIN/ITESIWAJU/KAJOLA/IWAJOWA,FC/301/OY,5,OLAOYE TUNJI,M,DPP,70,,Oyo_ISEYIN-ITESIWAJU-KAJOLA-IWAJOWA.pdf
Oyo,ISEYIN/ITESIWAJU/KAJOLA/IWAJOWA,FC/301/OY,6,ADELEKE TIMOTHY ADEBAYO,M,JMPP,49,,Oyo_ISEYIN-ITESIWAJU-KAJOLA-IWAJOWA.pdf
Oyo,ISEYIN/ITESIWAJU/KAJOLA/IWAJOWA,FC/301/OY,7,ADEYEMO RASAQ,M,MPN,79,,Oyo_ISEYIN-ITESIWAJU-KAJOLA-IWAJOWA.pdf
Oyo,ISEYIN/ITESIWAJU/KAJOLA/IWAJOWA,FC/301/OY,8,AYETOSO ABIOLA DAVID,M,NCP,141,,Oyo_ISEYIN-ITESIWAJU-KAJOLA-IWAJOWA.pdf
Oyo,ISEYIN/ITESIWAJU/KAJOLA/IWAJOWA,FC/301/OY,9,AJEIGBE AKEEM ADENIYI,M,NRM,48,,Oyo_ISEYIN-ITESIWAJU-KAJOLA-IWAJOWA.pdf
Oyo,ISEYIN/ITESIWAJU/KAJOLA/IWAJOWA,FC/301/OY,10,NAMIJIDEEN OYESINA OYEDEJI,M,PDP,31336,,Oyo_ISEYIN-ITESIWAJU-KAJOLA-IWAJOWA.pdf
Oyo,ISEYIN/ITESIWAJU/KAJOLA/IWAJOWA,FC/301/OY,11,ROBERT ADEWOYIN NIRAN,M,PPN,159,,Oyo_ISEYIN-ITESIWAJU-KAJOLA-IWAJOWA.pdf
Oyo,ISEYIN/ITESIWAJU/KAJOLA/IWAJOWA,FC/301/OY,12,MURAINA GANIYU KUNLE,M,SDP,44,,Oyo_ISEYIN-ITESIWAJU-KAJOLA-IWAJOWA.pdf
Oyo,ISEYIN/ITESIWAJU/KAJOLA/IWAJOWA,FC/301/OY,13,JOHNSON OLAGBENRO OLADAPO,M,ZLP,1533,,Oyo_ISEYIN-ITESIWAJU-KAJOLA-IWAJOWA.pdf
Oyo,OGBOMOSO NORTH/OGBOMOSO SOUTH/ORIRE,FC/302/OY,1,OGUNWOBI OLADAYO ROLAND,M,A,88,,Oyo_OGBOMOSO-NORTH-OGBOMOSO-SOUTH.pdf
Oyo,OGBOMOSO NORTH/OGBOMOSO SOUTH/ORIRE,FC/302/OY,2,OLUDELE ABIOLA,M,AAC,309,,Oyo_OGBOMOSO-NORTH-OGBOMOSO-SOUTH.pdf
Oyo,OGBOMOSO NORTH/OGBOMOSO SOUTH/ORIRE,FC/302/OY,3,PETER ODETOMI OLUREMI,M,ADC,6755,,Oyo_OGBOMOSO-NORTH-OGBOMOSO-SOUTH.pdf
Oyo,OGBOMOSO NORTH/OGBOMOSO SOUTH/ORIRE,FC/302/OY,4,AJAO JACOB ADEJUMO,M,ADP,31640,DECLARED ELECTED,Oyo_OGBOMOSO-NORTH-OGBOMOSO-SOUTH.pdf
Oyo,OGBOMOSO NORTH/OGBOMOSO SOUTH/ORIRE,FC/302/OY,5,OJO JOSHUA OLAGUNDU,M,APC,17582,,Oyo_OGBOMOSO-NORTH-OGBOMOSO-SOUTH.pdf
Oyo,OGBOMOSO NORTH/OGBOMOSO SOUTH/ORIRE,FC/302/OY,6,AJALA ADEGOKE SUNDAY,M,DPP,193,,Oyo_OGBOMOSO-NORTH-OGBOMOSO-SOUTH.pdf
Oyo,OGBOMOSO NORTH/OGBOMOSO SOUTH/ORIRE,FC/302/OY,7,ADE CLARA ADEJOKE,F,GPN,67,,Oyo_OGBOMOSO-NORTH-OGBOMOSO-SOUTH.pdf
Oyo,OGBOMOSO NORTH/OGBOMOSO SOUTH/ORIRE,FC/302/OY,8,SAMUEL NABO MOTOLANI,F,HDP,12,,Oyo_OGBOMOSO-NORTH-OGBOMOSO-SOUTH.pdf
Oyo,OGBOMOSO NORTH/OGBOMOSO SOUTH/ORIRE,FC/302/OY,9,ADELAKUN ADESOYE,M,LP,145,,Oyo_OGBOMOSO-NORTH-OGBOMOSO-SOUTH.pdf
Oyo,OGBOMOSO NORTH/OGBOMOSO SOUTH/ORIRE,FC/302/OY,10,LADIPO LADOKUN,M,NCP,96,,Oyo_OGBOMOSO-NORTH-OGBOMOSO-SOUTH.pdf
Oyo,OGBOMOSO NORTH/OGBOMOSO SOUTH/ORIRE,FC/302/OY,11,ADEGBETI PAUL ADEPOJU,M,NRM,89,,Oyo_OGBOMOSO-NORTH-OGBOMOSO-SOUTH.pdf
Oyo,OGBOMOSO NORTH/OGBOMOSO SOUTH/ORIRE,FC/302/OY,12,OGUNWUYI SEGUN EBENEZER,M,PDP,22754,,Oyo_OGBOMOSO-NORTH-OGBOMOSO-SOUTH.pdf
Oyo,OGBOMOSO NORTH/OGBOMOSO SOUTH/ORIRE,FC/302/OY,13,ABIMBOLA AJIBIKE AFEES,M,PPN,44,,Oyo_OGBOMOSO-NORTH-OGBOMOSO-SOUTH.pdf
Oyo,OGBOMOSO NORTH/OGBOMOSO SOUTH/ORIRE,FC/302/OY,14,ABU SALAMI,M,ZLP,2083,,Oyo_OGBOMOSO-NORTH-OGBOMOSO-SOUTH.pdf
Oyo,OGO-OLUWA & SURULERE,FC/303/OY,1,BABATUNDE OLUFEMI .A,M,A,27,,Oyo_OGO-OLUWA-SURULERE.pdf
Oyo,OGO-OLUWA & SURULERE,FC/303/OY,2,RAFIU OYENIBI ADEFEMI,M,ADC,1897,,Oyo_OGO-OLUWA-SURULERE.pdf
Oyo,OGO-OLUWA & SURULERE,FC/303/OY,3,ALAGBE ABIOLA LAMORU,M,ADP,12766,,Oyo_OGO-OLUWA-SURULERE.pdf
Oyo,OGO-OLUWA & SURULERE,FC/303/OY,4,ODEBUNMI OLUSEGUN,M,APC,15463,DECLARED ELECTED,Oyo_OGO-OLUWA-SURULERE.pdf
Oyo,OGO-OLUWA & SURULERE,FC/303/OY,5,ADESOYE ADEROGBA JOHN,M,LP,46,,Oyo_OGO-OLUWA-SURULERE.pdf
Oyo,OGO-OLUWA & SURULERE,FC/303/OY,6,SALIU SAHEED AKINYEMI,M,NCP,42,,Oyo_OGO-OLUWA-SURULERE.pdf
Oyo,OGO-OLUWA & SURULERE,FC/303/OY,7,ADEDOYIN ZACCHIOUS ADEGBOYE,M,NRM,31,,Oyo_OGO-OLUWA-SURULERE.pdf
Oyo,OGO-OLUWA & SURULERE,FC/303/OY,8,ABIOYE MATHEW ADEGBOYEGA,M,PDP,7837,,Oyo_OGO-OLUWA-SURULERE.pdf
Oyo,OGO-OLUWA & SURULERE,FC/303/OY,9,ABDULLAHI MOHAMMED,M,PPN,31,,Oyo_OGO-OLUWA-SURULERE.pdf
Oyo,OGO-OLUWA & SURULERE,FC/303/OY,10,OGUNMOLA ADEOYE,M,SDP,21,,Oyo_OGO-OLUWA-SURULERE.pdf
Oyo,OGO-OLUWA & SURULERE,FC/303/OY,11,OLUSEGUN OYETUNJI PETER,M,ZLP,1056,,Oyo_OGO-OLUWA-SURULERE.pdf
Oyo,OLUYOLE,FC/304/OY,1,IGBINSOLA MAKINWA OLUBAYONLE,M,A,64,,Oyo_OLUYOLE.pdf
Oyo,OLUYOLE,FC/304/OY,2,OLADOYIN OLAKUNLE ABEEB,M,AAC,166,,Oyo_OLUYOLE.pdf
Oyo,OLUYOLE,FC/304/OY,3,SAMSON OLUGBEMI OLUSUNBO,M,ADC,5640,,Oyo_OLUYOLE.pdf
Oyo,OLUYOLE,FC/304/OY,4,ABIOLA OLOPADE TAOFEEK,M,ADP,1405,,Oyo_OLUYOLE.pdf
Oyo,OLUYOLE,FC/304/OY,5,TOLULOPE TIWALOLA AKANDE-SADIPE,F,APC,9928,DECLARED ELECTED,Oyo_OLUYOLE.pdf
Oyo,OLUYOLE,FC/304/OY,6,OYEBANJO KAYODE SAMUEL,M,C4C,29,,Oyo_OLUYOLE.pdf
Oyo,OLUYOLE,FC/304/OY,7,OLAYIWOLE KEHINDE KAYODE,M,DPP,26,,Oyo_OLUYOLE.pdf
Oyo,OLUYOLE,FC/304/OY,8,FATUNLA OYEWOLE,M,NCP,54,,Oyo_OLUYOLE.pdf
Oyo,OLUYOLE,FC/304/OY,9,BABALOLA AKINDELEOLA AYODEJI,M,NRM,102,,Oyo_OLUYOLE.pdf
Oyo,OLUYOLE,FC/304/OY,10,MOGBONJUBOLA MOJEED OLAWALE,M,PDP,8776,,Oyo_OLUYOLE.pdf
Oyo,OLUYOLE,FC/304/OY,11,ADEDOKUN DORCAS MODUPE,M,PPN,25,,Oyo_OLUYOLE.pdf
Oyo,OLUYOLE,FC/304/OY,12,ADEBAYO OBAJOLU MATTHEW,M,SDP,54,,Oyo_OLUYOLE.pdf
Oyo,OLUYOLE,FC/304/OY,13,ABIDEEN AKINTOLA A.,M,ZLP,706,,Oyo_OLUYOLE.pdf
Plateau,BARKIN LADI/RIYOM,FC/310/PL,1,TAWAL BITRUS DANGWEL,M,APC,24796,,Plateau_Barkin-Ladi-Riyom-1.pdf
Plateau,BARKIN LADI/RIYOM,FC/310/PL,2,LUKA NORO DALYOP,M,JMPP,0,,Plateau_Barkin-Ladi-Riyom-1.pdf
Plateau,BARKIN LADI/RIYOM,FC/310/PL,3,BOT MOSES BITRUS,M,NRM,18,,Plateau_Barkin-Ladi-Riyom-1.pdf
Plateau,BARKIN LADI/RIYOM,FC/310/PL,4,SIMON DAVOU MWADKWON,M,PDP,64291,DECLARED ELECTED,Plateau_Barkin-Ladi-Riyom-1.pdf
Plateau,BARKIN LADI/RIYOM,FC/310/PL,5,GANG EZEKIEL PAM,M,PPC,99,,Plateau_Barkin-Ladi-Riyom-1.pdf
Plateau,BARKIN LADI/RIYOM,FC/310/PL,6,DAKWAK ALEXANDER,M,PT,12,,Plateau_Barkin-Ladi-Riyom-1.pdf
Plateau,BOKKOS/MANGU,FC/311/PL,1,INNOCENT SAMBO LERE,M,ABP,1275,,Plateau_Bokkos-Mangu.pdf
Plateau,BOKKOS/MANGU,FC/311/PL,2,PUKAT SAMUEL TUTA,M,ADP,10970,,Plateau_Bokkos-Mangu.pdf
Plateau,BOKKOS/MANGU,FC/311/PL,3,HARUNA DANJUMA,M,APC,58964,,Plateau_Bokkos-Mangu.pdf
Plateau,BOKKOS/MANGU,FC/311/PL,4,TOKUNG SUNDAY DASEN,M,JMPP,3,,Plateau_Bokkos-Mangu.pdf
Plateau,BOKKOS/MANGU,FC/311/PL,5,GARBA MATHEW GARPIA,M,NRM,244,,Plateau_Bokkos-Mangu.pdf
Plateau,BOKKOS/MANGU,FC/311/PL,6,SOLOMON MAREN BULUS,M,PDP,71903,DECLARED ELECTED,Plateau_Bokkos-Mangu.pdf
Plateau,BOKKOS/MANGU,FC/311/PL,7,ISHAKU SAMAILA JILEMSAM,M,PPC,525,,Plateau_Bokkos-Mangu.pdf
Plateau,BOKKOS/MANGU,FC/311/PL,8,MAMOT SOLOMON,M,PT,5,,Plateau_Bokkos-Mangu.pdf
Plateau,JOS NORTH/BASSA,FC/308/PL,1,JAMES PAM NYAM,M,ABP,135,,Plateau_Jos-north-bassa.pdf
Plateau,JOS NORTH/BASSA,FC/308/PL,2,UBA AUWAL MUSTAPHA,M,ACD,184,,Plateau_Jos-north-bassa.pdf
Plateau,JOS NORTH/BASSA,FC/308/PL,3,ABDULMAJID LAWAL,M,ADC,3052,,Plateau_Jos-north-bassa.pdf
Plateau,JOS NORTH/BASSA,FC/308/PL,4,MAITALA HARUNA,M,APC,118774,DECLARED ELECTED,Plateau_Jos-north-bassa.pdf
Plateau,JOS NORTH/BASSA,FC/308/PL,5,OJIH MARY,F,DA,100,,Plateau_Jos-north-bassa.pdf
Plateau,JOS NORTH/BASSA,FC/308/PL,6,JOHN ADEBO,M,JMPP,40,,Plateau_Jos-north-bassa.pdf
Plateau,JOS NORTH/BASSA,FC/308/PL,7,ISMAILA SALISU MUHAMMED,M,KP,325,,Plateau_Jos-north-bassa.pdf
Plateau,JOS NORTH/BASSA,FC/308/PL,8,YERSE ELIZABETH SAMSON,F,MPN,55,,Plateau_Jos-north-bassa.pdf
Plateau,JOS NORTH/BASSA,FC/308/PL,9,COMRADE MOHAMMED N.S TALI,M,NCP,404,,Plateau_Jos-north-bassa.pdf
Plateau,JOS NORTH/BASSA,FC/308/PL,10,UDAH RUTH AYIKU,F,NRM,20,,Plateau_Jos-north-bassa.pdf
Plateau,JOS NORTH/BASSA,FC/308/PL,11,JONATHAN DABO,M,PDP,117175,,Plateau_Jos-north-bassa.pdf
Plateau,JOS NORTH/BASSA,FC/308/PL,12,AHMADU HABILA GAIYA,M,PPC,328,,Plateau_Jos-north-bassa.pdf
Plateau,JOS NORTH/BASSA,FC/308/PL,13,ISYAKU ABDULLAHI S,M,PRP,2728,,Plateau_Jos-north-bassa.pdf
Plateau,JOS NORTH/BASSA,FC/308/PL,14,ADICK SUNDAY AKPA,M,PT,14,,Plateau_Jos-north-bassa.pdf
Plateau,JOS NORTH/BASSA,FC/308/PL,15,LANSHIMA VITALIS,M,SDP,1454,,Plateau_Jos-north-bassa.pdf
Plateau,JOS SOUTH/JOS EAST,FC/309/PL,1,STEVE DABO DAMER,M,ABP,295,,Plateau_Jos-South-Jos-East.pdf
Plateau,JOS SOUTH/JOS EAST,FC/309/PL,2,GARBA MUSA A,M,ADC,124,,Plateau_Jos-South-Jos-East.pdf
Plateau,JOS SOUTH/JOS EAST,FC/309/PL,3,DONGS PAM GYANG,M,APC,37617,,Plateau_Jos-South-Jos-East.pdf
Plateau,JOS SOUTH/JOS EAST,FC/309/PL,4,VICTOR BENJAMIN CHOLLOM,M,GPN,19,,Plateau_Jos-South-Jos-East.pdf
Plateau,JOS SOUTH/JOS EAST,FC/309/PL,5,BULUS AJIJI,M,JMPP,10,,Plateau_Jos-South-Jos-East.pdf
Plateau,JOS SOUTH/JOS EAST,FC/309/PL,6,DAVOU DANIEL DULA,M,MPN,179,,Plateau_Jos-South-Jos-East.pdf
Plateau,JOS SOUTH/JOS EAST,FC/309/PL,7,YOHANNA EZIEKEL ABOK,M,NRM,27,,Plateau_Jos-South-Jos-East.pdf
Plateau,JOS SOUTH/JOS EAST,FC/309/PL,8,DUNG RUTH,F,PDC,456,,Plateau_Jos-South-Jos-East.pdf
Plateau,JOS SOUTH/JOS EAST,FC/309/PL,9,DACHUNG MUSA BAGOS,M,PDP,117114,DECLARED ELECTED,Plateau_Jos-South-Jos-East.pdf
Plateau,JOS SOUTH/JOS EAST,FC/309/PL,10,PWOL MARVIS BOT,M,PPC,106,,Plateau_Jos-South-Jos-East.pdf
Plateau,JOS SOUTH/JOS EAST,FC/309/PL,11,NANLONG NICODEMUS,M,SDP,179,,Plateau_Jos-South-Jos-East.pdf
Plateau,JOS SOUTH/JOS EAST,FC/309/PL,12,INUWA SANUSI MOHAMMED,M,UPP,0,,Plateau_Jos-South-Jos-East.pdf
Plateau,KANKE/PANKSHIN/KANAM,FC/312/PL,1,GODIT NANMAN JAMES,M,ABP,119,,Plateau_kanke-pannshin-kanam.pdf
Plateau,KANKE/PANKSHIN/KANAM,FC/312/PL,2,AUDU MUSA ABASHE,M,ADC,607,,Plateau_kanke-pannshin-kanam.pdf
Plateau,KANKE/PANKSHIN/KANAM,FC/312/PL,3,STEPHEN DANLDI MWAN,M,ADP,933,,Plateau_kanke-pannshin-kanam.pdf
Plateau,KANKE/PANKSHIN/KANAM,FC/312/PL,4,YUSUF ADAMU GAGDI,M,APC,80373,DECLARED ELECTED,Plateau_kanke-pannshin-kanam.pdf
Plateau,KANKE/PANKSHIN/KANAM,FC/312/PL,5,LABAR JOSEPH BAPIVANG,M,FRESH,33,,Plateau_kanke-pannshin-kanam.pdf
Plateau,KANKE/PANKSHIN/KANAM,FC/312/PL,6,YILTOK CLEMENT JEKAT,M,JMPP,1,,Plateau_kanke-pannshin-kanam.pdf
Plateau,KANKE/PANKSHIN/KANAM,FC/312/PL,7,DESHI DOUGAK DESHI,M,NRM,32,,Plateau_kanke-pannshin-kanam.pdf
Plateau,KANKE/PANKSHIN/KANAM,FC/312/PL,8,TIMOTHY SIMON GOLU,M,PDP,78987,,Plateau_kanke-pannshin-kanam.pdf
Plateau,KANKE/PANKSHIN/KANAM,FC/312/PL,9,GUBEL HALISU YAKUBU,M,PPC,150,,Plateau_kanke-pannshin-kanam.pdf
Plateau,KANKE/PANKSHIN/KANAM,FC/312/PL,10,KOPTUR TOSAT GOLJI,M,PT,16,,Plateau_kanke-pannshin-kanam.pdf
Plateau,LANGTANG NORTH/LANGTANG SOUTH,FC/314/PL,1,SANDA MAXWELL NANSOH,M,ADC,45,,Plateau_Langtang-North-Langtang-South.pdf
Plateau,LANGTANG NORTH/LANGTANG SOUTH,FC/314/PL,2,BAKO NANDANG,M,APC,27353,,Plateau_Langtang-North-Langtang-South.pdf
Plateau,LANGTANG NORTH/LANGTANG SOUTH,FC/314/PL,3,BENI LAR,F,PDP,53726,DECLARED ELECTED,Plateau_Langtang-North-Langtang-South.pdf
Plateau,LANGTANG NORTH/LANGTANG SOUTH,FC/314/PL,4,KUMSWA DALEN PROMISE,M,SDP,570,,Plateau_Langtang-North-Langtang-South.pdf
Plateau,KANKE/PANKSHIN/KANAM,FC/315/PL,1,SHALLONG KWALMUK,M,ADP,796,,Plateau_Mikang-Quaan-Pan-Shedam.pdf
Plateau,KANKE/PANKSHIN/KANAM,FC/315/PL,2,LONGGAP KOMSOL ALPHONSUS,M,APC,69546,DECLARED ELECTED,Plateau_Mikang-Quaan-Pan-Shedam.pdf
Plateau,KANKE/PANKSHIN/KANAM,FC/315/PL,3,AYUBA DAFAAN,M,JMPP,2,,Plateau_Mikang-Quaan-Pan-Shedam.pdf
Plateau,KANKE/PANKSHIN/KANAM,FC/315/PL,4,RICHARD NICHOLAS SALLAH,M,NRM,23,,Plateau_Mikang-Quaan-Pan-Shedam.pdf
Plateau,KANKE/PANKSHIN/KANAM,FC/315/PL,5,JOHNBULL TEMLONG SHEKARAU,M,PDP,53321,,Plateau_Mikang-Quaan-Pan-Shedam.pdf
Plateau,KANKE/PANKSHIN/KANAM,FC/315/PL,6,FIDELIS YILZEM NKWAP,M,PPC,159,,Plateau_Mikang-Quaan-Pan-Shedam.pdf
Plateau,KANKE/PANKSHIN/KANAM,FC/315/PL,7,BALA DOMINC AMBROSE,M,PT,4,,Plateau_Mikang-Quaan-Pan-Shedam.pdf
Plateau,KANKE/PANKSHIN/KANAM,FC/315/PL,8,NSHEN SOLOMON DANJUMA,M,SDP,29,,Plateau_Mikang-Quaan-Pan-Shedam.pdf
Plateau,WASE,FC/313/PL,1,ABBAS SANI WAZIRI,M,ADC,13,,Plateau_Wase.pdf
Plateau,WASE,FC/313/PL,2,IDRIS AHMED,M,APC,32445,DECLARED ELECTED,Plateau_Wase.pdf
Plateau,WASE,FC/313/PL,3,,,JMPP,1,,Plateau_Wase.pdf
Plateau,WASE,FC/313/PL,4,,,LM,1,,Plateau_Wase.pdf
Plateau,WASE,FC/313/PL,5,RAMSON ANNA NANBVEN,F,MPN,1,,Plateau_Wase.pdf
Plateau,WASE,FC/313/PL,6,NIMMAK EMMANUEL NANMAN,M,NRM,7,,Plateau_Wase.pdf
Plateau,WASE,FC/313/PL,7,,,PDP,26335,,Plateau_Wase.pdf
Plateau,WASE,FC/313/PL,8,,,SDP,255,,Plateau_Wase.pdf
Rivers,ABUA ODUA/AHOADA EAST,FC/361/RV,1,AKARI EYAALADA FATIMA,MALE,ACC,1522,,Rivers_ABUA-ODUA-AHODA-EAST.pdf
Rivers,ABUA ODUA/AHOADA EAST,FC/361/RV,2,TENWAJI ESON,MALE,ADC,124,,Rivers_ABUA-ODUA-AHODA-EAST.pdf
Rivers,ABUA ODUA/AHOADA EAST,FC/361/RV,3,EBEKU SOLOMON CHITURU,MALE,ANDP,93,,Rivers_ABUA-ODUA-AHODA-EAST.pdf
Rivers,ABUA ODUA/AHOADA EAST,FC/361/RV,4,AWALI IKASHI,MALE,APDA,844,,Rivers_ABUA-ODUA-AHODA-EAST.pdf
Rivers,ABUA ODUA/AHOADA EAST,FC/361/RV,5,PAUL OBED WENE,MALE,DA,107,,Rivers_ABUA-ODUA-AHODA-EAST.pdf
Rivers,ABUA ODUA/AHOADA EAST,FC/361/RV,6,SOLOMON BOB,MALE,PDP,49996,DECLARED ELECTED,Rivers_ABUA-ODUA-AHODA-EAST.pdf
Rivers,ABUA ODUA/AHOADA EAST,FC/361/RV,7,OMAR ALFRED INNOCENT,MALE,SDP,19578,,Rivers_ABUA-ODUA-AHODA-EAST.pdf
Rivers,ABUA ODUA/AHOADA EAST,FC/361/RV,8,ROBINSON ABBOT O,MALE,ZLP,17,,Rivers_ABUA-ODUA-AHODA-EAST.pdf
Rivers,AHOADA WEST/OGBA EGBEMA,FC/317/RV,1,GODSTIME OGBOM AKARAKA,MALE,A,29294,,Rivers_AHOADA-WEST-OGBA-EGBEMA.pdf
Rivers,AHOADA WEST/OGBA EGBEMA,FC/317/RV,2,TOBIN SEKIBO,MALE,ADC,560,,Rivers_AHOADA-WEST-OGBA-EGBEMA.pdf
Rivers,AHOADA WEST/OGBA EGBEMA,FC/317/RV,3,OGBUGO BUDUZHI ISHMAEL,MALE,APDA,92,,Rivers_AHOADA-WEST-OGBA-EGBEMA.pdf
Rivers,AHOADA WEST/OGBA EGBEMA,FC/317/RV,4,PIOUS DICKSON AGBULA,MALE,DA,102,,Rivers_AHOADA-WEST-OGBA-EGBEMA.pdf
Rivers,AHOADA WEST/OGBA EGBEMA,FC/317/RV,5,IKEH REBECCA,FEMALE,ID,196,,Rivers_AHOADA-WEST-OGBA-EGBEMA.pdf
Rivers,AHOADA WEST/OGBA EGBEMA,FC/317/RV,6,WOKOCHA HAPPINESS CHIOMA,FEMALE,NUP,146,,Rivers_AHOADA-WEST-OGBA-EGBEMA.pdf
Rivers,AHOADA WEST/OGBA EGBEMA,FC/317/RV,7,NNAM OBI PRINCE UCHECHUKU,MALE,PDP,37013,DECLARED ELECTED,Rivers_AHOADA-WEST-OGBA-EGBEMA.pdf
Rivers,AHOADA WEST/OGBA EGBEMA,FC/317/RV,8,OKARA ENOCH,MALE,PPA,131,,Rivers_AHOADA-WEST-OGBA-EGBEMA.pdf
Rivers,AHOADA WEST/OGBA EGBEMA,FC/317/RV,9,UCHE A. JAMES PATIENCE NWANNE,MALE,SDP,1886,,Rivers_AHOADA-WEST-OGBA-EGBEMA.pdf
Rivers,AHOADA WEST/OGBA EGBEMA,FC/317/RV,10,SOLOMON JUSTIS IKPECHI OGBOLOGBOLO,MALE,ZLP,107,,Rivers_AHOADA-WEST-OGBA-EGBEMA.pdf
Rivers,AKUKU TORU/ ASARI TORU,FC/319/RV,1,DONALD HORSFALL ALBERT,MALE,A,11186,,Rivers_AKUKU-TORU-ASARI-TORU.pdf
Rivers,AKUKU TORU/ ASARI TORU,FC/319/RV,2,TAMUNONENGIYE OFORI OPUNYE,MALE,ADC,666,,Rivers_AKUKU-TORU-ASARI-TORU.pdf
Rivers,AKUKU TORU/ ASARI TORU,FC/319/RV,3,AJENTEKEBIA TAMUNO-IBI HARRY,MALE,ADP,180,,Rivers_AKUKU-TORU-ASARI-TORU.pdf
Rivers,AKUKU TORU/ ASARI TORU,FC/319/RV,4,LAWSON CLINTON COMRADE BETHEL,MALE,AGA,0,,Rivers_AKUKU-TORU-ASARI-TORU.pdf
Rivers,AKUKU TORU/ ASARI TORU,FC/319/RV,5,STEPHEN IKROA STELLA,MALE,APDA,35,,Rivers_AKUKU-TORU-ASARI-TORU.pdf
Rivers,AKUKU TORU/ ASARI TORU,FC/319/RV,6,AMACHERE IBINABO SONNY,MALE,APGA,17186,,Rivers_AKUKU-TORU-ASARI-TORU.pdf
Rivers,AKUKU TORU/ ASARI TORU,FC/319/RV,7,GIBSON W. TONEY,MALE,DA,0,,Rivers_AKUKU-TORU-ASARI-TORU.pdf
Rivers,AKUKU TORU/ ASARI TORU,FC/319/RV,8,JOHN CHIKA IHUNWO,MALE,ID,3,,Rivers_AKUKU-TORU-ASARI-TORU.pdf
Rivers,AKUKU TORU/ ASARI TORU,FC/319/RV,9,INKO-TANIAH IBIMINA,MALE,KP,1327,,Rivers_AKUKU-TORU-ASARI-TORU.pdf
Rivers,AKUKU TORU/ ASARI TORU,FC/319/RV,10,AWORU AMONIA KIKI,MALE,LP,1720,,Rivers_AKUKU-TORU-ASARI-TORU.pdf
Rivers,AKUKU TORU/ ASARI TORU,FC/319/RV,11,TARIAH ASIMEA IWO,MALE,MRDD,0,,Rivers_AKUKU-TORU-ASARI-TORU.pdf
Rivers,AKUKU TORU/ ASARI TORU,FC/319/RV,12,BOMA GOODHEAD,MALE,PDP,21364,DECLARED ELECETD,Rivers_AKUKU-TORU-ASARI-TORU.pdf
Rivers,AKUKU TORU/ ASARI TORU,FC/319/RV,13,TYGER EVELYN,MALE,PPA,2633,,Rivers_AKUKU-TORU-ASARI-TORU.pdf
Rivers,AKUKU TORU/ ASARI TORU,FC/319/RV,14,DAKORUBO KELSEY BRIGGS,MALE,SDP,1983,,Rivers_AKUKU-TORU-ASARI-TORU.pdf
Rivers,AKUKU TORU/ ASARI TORU,FC/319/RV,15,SOBEREKON DIMABO KEODIYE,MALE,ZLP,0,,Rivers_AKUKU-TORU-ASARI-TORU.pdf
Rivers,ANDONI OPOBO NKORO,FC/321/RV,1,ESUKU ESUKU MBIKANKOT,MALE,A,146,,Rivers_ANDONI-OPOBO-NKORO.pdf
Rivers,ANDONI OPOBO NKORO,FC/321/RV,2,CLEMENTWEST ISAIAH,MALE,ADC,218,,Rivers_ANDONI-OPOBO-NKORO.pdf
Rivers,ANDONI OPOBO NKORO,FC/321/RV,3,IRAGUNIMA ENEKA JOSEPH,MALE,ADP,137,,Rivers_ANDONI-OPOBO-NKORO.pdf
Rivers,ANDONI OPOBO NKORO,FC/321/RV,4,OGWENE AMAJI ONYI JOHN,FEMALE,APDA,201,,Rivers_ANDONI-OPOBO-NKORO.pdf
Rivers,ANDONI OPOBO NKORO,FC/321/RV,5,JOSIAH IBIYEFAA,MALE,DA,4,,Rivers_ANDONI-OPOBO-NKORO.pdf
Rivers,ANDONI OPOBO NKORO,FC/321/RV,6,WEBBER ALABI IRAG,MALE,DPP,5,,Rivers_ANDONI-OPOBO-NKORO.pdf
Rivers,ANDONI OPOBO NKORO,FC/321/RV,7,ESAU GOGO WARI,MALE,GPN,8,,Rivers_ANDONI-OPOBO-NKORO.pdf
Rivers,ANDONI OPOBO NKORO,FC/321/RV,8,DAMINGO MICHEAL SOKURU,MALE,ID,3,,Rivers_ANDONI-OPOBO-NKORO.pdf
Rivers,ANDONI OPOBO NKORO,FC/321/RV,9,PEPPLE DIENYE WARI,MALE,LP,150,,Rivers_ANDONI-OPOBO-NKORO.pdf
Rivers,ANDONI OPOBO NKORO,FC/321/RV,10,OGOLO SAMUEL KENNETH,MALE,MMM,4,,Rivers_ANDONI-OPOBO-NKORO.pdf
Rivers,ANDONI OPOBO NKORO,FC/321/RV,11,AWAJI INOMEEK ABIANTE,MALE,PDP,74689,DECLARED ELECTED,Rivers_ANDONI-OPOBO-NKORO.pdf
Rivers,ANDONI OPOBO NKORO,FC/321/RV,12,JAJA ADAFE PHILIP,MALE,PPA,12,,Rivers_ANDONI-OPOBO-NKORO.pdf
Rivers,ANDONI OPOBO NKORO,FC/321/RV,13,OMUSO REGINALD GEORGE,MALE,PPC,22,,Rivers_ANDONI-OPOBO-NKORO.pdf
Rivers,ANDONI OPOBO NKORO,FC/321/RV,14,DANDISON JUDE,MALE,SDC,836,,Rivers_ANDONI-OPOBO-NKORO.pdf
Rivers,ANDONI OPOBO NKORO,FC/321/RV,15,OKWA PETER GBARABA,MALE,ZLP,2,,Rivers_ANDONI-OPOBO-NKORO.pdf
Rivers,DEGEMA/BONNY,FC/318/RV,1,INYE HARRY MARSHAL,MALE,A,3229,,Rivers_DEGEMA-BONNY.pdf
Rivers,DEGEMA/BONNY,FC/318/RV,2,ALFRED CHUKWU,MALE,ADC,215,,Rivers_DEGEMA-BONNY.pdf
Rivers,DEGEMA/BONNY,FC/318/RV,3,IBIM JOHNBUL,MALE,DA,9,,Rivers_DEGEMA-BONNY.pdf
Rivers,DEGEMA/BONNY,FC/318/RV,4,SAMUEL TAMUNO,MALE,GPN,8,,Rivers_DEGEMA-BONNY.pdf
Rivers,DEGEMA/BONNY,FC/318/RV,5,GIFT ONYI IHUNNO,MALE,ID,13,,Rivers_DEGEMA-BONNY.pdf
Rivers,DEGEMA/BONNY,FC/318/RV,6,DULEN EZEKIEL IFENUY,MALE,LP,86,,Rivers_DEGEMA-BONNY.pdf
Rivers,DEGEMA/BONNY,FC/318/RV,7,ABBEY HART FESTUS,MALE,PPA,45,,Rivers_DEGEMA-BONNY.pdf
Rivers,DEGEMA/BONNY,FC/318/RV,8,JACK FARDANARD IBIYE,FEMALE,PPC,14,,Rivers_DEGEMA-BONNY.pdf
Rivers,DEGEMA/BONNY,FC/318/RV,9,SELECT BRAIDE,MALE,SDP,686,,Rivers_DEGEMA-BONNY.pdf
Rivers,DEGEMA/BONNY,FC/318/RV,10,PETERSIDE MICHEAL B.,MALE,UNP,21,,Rivers_DEGEMA-BONNY.pdf
Rivers,DEGEMA/BONNY,FC/318/RV,11,ERE SUNDAY,MALE,ZLP,8,,Rivers_DEGEMA-BONNY.pdf
Rivers,ELEME/TAI/OYIGBO,FC/322/RV,1,NNAMDI IHUTE DAVID,MALE,ACCORD,730,,Rivers_ELEME-TAI-OYIGBO.pdf
Rivers,ELEME/TAI/OYIGBO,FC/322/RV,2,A INABI LEVI,MALE,ABP,25,,Rivers_ELEME-TAI-OYIGBO.pdf
Rivers,ELEME/TAI/OYIGBO,FC/322/RV,3,ALFRED AMO OPUNYE,MALE,ADC,164,,Rivers_ELEME-TAI-OYIGBO.pdf
Rivers,ELEME/TAI/OYIGBO,FC/322/RV,4,LORDKENYA NGE I KINGLEY,MALE,APDA,220,,Rivers_ELEME-TAI-OYIGBO.pdf
Rivers,ELEME/TAI/OYIGBO,FC/322/RV,5,NDOO PENE E.,MALE,C4C,0,,Rivers_ELEME-TAI-OYIGBO.pdf
Rivers,ELEME/TAI/OYIGBO,FC/322/RV,6,EMEKA MABU TOCHUKWU,MALE,DA,4,,Rivers_ELEME-TAI-OYIGBO.pdf
Rivers,ELEME/TAI/OYIGBO,FC/322/RV,7,NNA GLORY KELECHI,FEMALE,ID,0,,Rivers_ELEME-TAI-OYIGBO.pdf
Rivers,ELEME/TAI/OYIGBO,FC/322/RV,8,OGONGOR MEME KOFFI,MALE,LP,29,,Rivers_ELEME-TAI-OYIGBO.pdf
Rivers,ELEME/TAI/OYIGBO,FC/322/RV,9,NNEDAM JUSTICE,MALE,MRDD,21,,Rivers_ELEME-TAI-OYIGBO.pdf
Rivers,ELEME/TAI/OYIGBO,FC/322/RV,10,CHISOM PROMISE DIKE,MALE,PDP,70184,DECLARED ELECTED,Rivers_ELEME-TAI-OYIGBO.pdf
Rivers,ELEME/TAI/OYIGBO,FC/322/RV,11,NNOROM JAMES NGEREM,MALE,PPA,90,,Rivers_ELEME-TAI-OYIGBO.pdf
Rivers,ELEME/TAI/OYIGBO,FC/322/RV,12,ANAELECH DARLING N. PETERS,MALE,SDP,225,,Rivers_ELEME-TAI-OYIGBO.pdf
Rivers,ETCHE /OMUMA,FC/325/RV,1,OKWUDIRI EKPENDU KINGSLEY,MALE,A,,,Rivers_ETCHE-OMUMA.pdf
Rivers,ETCHE /OMUMA,FC/325/RV,2,CHIKEZIE OKECHI,MALE,ABP,,,Rivers_ETCHE-OMUMA.pdf
Rivers,ETCHE /OMUMA,FC/325/RV,3,COOKEY CHITURU PRECIUS,FEMALE,ADC,,,Rivers_ETCHE-OMUMA.pdf
Rivers,ETCHE /OMUMA,FC/325/RV,4,NWAOHA PRECIOUS NKECHI,MALE,APDA,,,Rivers_ETCHE-OMUMA.pdf
Rivers,ETCHE /OMUMA,FC/325/RV,5,NWALA UCHE PEACE,MALE,C4C,,,Rivers_ETCHE-OMUMA.pdf
Rivers,ETCHE /OMUMA,FC/325/RV,6,AKE GOODLUCK EZHINNAM,MALE,DA,,,Rivers_ETCHE-OMUMA.pdf
Rivers,ETCHE /OMUMA,FC/325/RV,7,EUNICE ORJINMO,FEMALE,ID,,,Rivers_ETCHE-OMUMA.pdf
Rivers,ETCHE /OMUMA,FC/325/RV,8,AWANU ANEBO VIRGINA,FEMALE,KP,,,Rivers_ETCHE-OMUMA.pdf
Rivers,ETCHE /OMUMA,FC/325/RV,9,NWOGU KING EZE,MALE,NDLP,,,Rivers_ETCHE-OMUMA.pdf
Rivers,ETCHE /OMUMA,FC/325/RV,10,EPHRAIM NWUZU,MALE,PDP,,,Rivers_ETCHE-OMUMA.pdf
Rivers,ETCHE /OMUMA,FC/325/RV,11,ANAELE UDO PRINCE,MALE,SDP,,,Rivers_ETCHE-OMUMA.pdf
Rivers,ETCHE /OMUMA,FC/325/RV,12,PHILIP ULOGWA RAMA UMUNKWA,MALE,ZLP,,,Rivers_ETCHE-OMUMA.pdf
Rivers,IKWERE /EMOHUA,FC/324/RV,1,LUKE WAGBARA,MALE,A,447,,Rivers_IKWERE-EMOHUA.pdf
Rivers,IKWERE /EMOHUA,FC/324/RV,2,GODWIN JACOB,MALE,ADC,3260,,Rivers_IKWERE-EMOHUA.pdf
Rivers,IKWERE /EMOHUA,FC/324/RV,3,WOHA OKOBUEZE,MALE,APDA,154,,Rivers_IKWERE-EMOHUA.pdf
Rivers,IKWERE /EMOHUA,FC/324/RV,4,AMADI CHIDI ELEONU,MALE,APGA,3514,,Rivers_IKWERE-EMOHUA.pdf
Rivers,IKWERE /EMOHUA,FC/324/RV,5,KPANIKU IFEANYI CHIMA,MALE,APP,181,,Rivers_IKWERE-EMOHUA.pdf
Rivers,IKWERE /EMOHUA,FC/324/RV,6,NKIRU BENJAMIN,MALE,DA,21,,Rivers_IKWERE-EMOHUA.pdf
Rivers,IKWERE /EMOHUA,FC/324/RV,7,NJOKU NICHOLAS,MALE,HDP,2,,Rivers_IKWERE-EMOHUA.pdf
Rivers,IKWERE /EMOHUA,FC/324/RV,8,NMEKIMI GODSWILL UCHE,MALE,ID,55,,Rivers_IKWERE-EMOHUA.pdf
Rivers,IKWERE /EMOHUA,FC/324/RV,9,EMMANUEL BLESSING,FEMALE,KP,0,,Rivers_IKWERE-EMOHUA.pdf
Rivers,IKWERE /EMOHUA,FC/324/RV,13,EMERENGWA BONIFACE SUNDAY,MALE,PDP,90646,DECLARED ELECTED,Rivers_IKWERE-EMOHUA.pdf
Rivers,IKWERE /EMOHUA,FC/324/RV,14,ODIKE CHINWENDU MATTHEW,MALE,SDP,876,,Rivers_IKWERE-EMOHUA.pdf
Rivers,IKWERE /EMOHUA,FC/324/RV,15,EJIOHUO GIDEON OGURIE,MALE,YES,1,,Rivers_IKWERE-EMOHUA.pdf
Rivers,IKWERE /EMOHUA,FC/324/RV,16,DIDIA IHEANYICHUKWU EVEREST,MALE,ZLP,122,,Rivers_IKWERE-EMOHUA.pdf
Rivers,KHANA/ GOKANA,FC/323/RV,1,ADELE N. NWIABU LEGBORSI,MALE,A,1653,,Rivers_KHANA-GOKANA.pdf
Rivers,KHANA/ GOKANA,FC/323/RV,2,PIEGBE EMMANUEL,MALE,AA,124,,Rivers_KHANA-GOKANA.pdf
Rivers,KHANA/ GOKANA,FC/323/RV,3,FADEH SUNDAY,MALE,ABP,9,,Rivers_KHANA-GOKANA.pdf
Rivers,KHANA/ GOKANA,FC/323/RV,4,NWINEE LEELEE,MALE,ACD,342,,Rivers_KHANA-GOKANA.pdf
Rivers,KHANA/ GOKANA,FC/323/RV,5,NWAPA NNAMDI MALCOM,MALE,ADC,510,,Rivers_KHANA-GOKANA.pdf
Rivers,KHANA/ GOKANA,FC/323/RV,6,NORDEE JAMES NEMENE,MALE,ADP,402,,Rivers_KHANA-GOKANA.pdf
Rivers,KHANA/ GOKANA,FC/323/RV,7,NAMANEE DAVID NAMANEE,MALE,APDA,125,,Rivers_KHANA-GOKANA.pdf
Rivers,KHANA/ GOKANA,FC/323/RV,8,NWIKENANEE BARIDOO,MALE,APP,89,,Rivers_KHANA-GOKANA.pdf
Rivers,KHANA/ GOKANA,FC/323/RV,9,NWIFAMA JAMES,MALE,C4C,487,,Rivers_KHANA-GOKANA.pdf
Rivers,KHANA/ GOKANA,FC/323/RV,10,AYANABA BRAIDE,MALE,DA,11,,Rivers_KHANA-GOKANA.pdf
Rivers,KHANA/ GOKANA,FC/323/RV,11,GBENE-EWOO LEWUGA LEE,MALE,GPN,4,,Rivers_KHANA-GOKANA.pdf
Rivers,KHANA/ GOKANA,FC/323/RV,12,PIEGBE MARY LEBIA,FEMALE,ID,4,,Rivers_KHANA-GOKANA.pdf
Rivers,KHANA/ GOKANA,FC/323/RV,13,BANUNA HANDSOME,MALE,KP,18,,Rivers_KHANA-GOKANA.pdf
Rivers,KHANA/ GOKANA,FC/323/RV,14,KINANEE SAM B,MALE,LP,58,,Rivers_KHANA-GOKANA.pdf
Rivers,KHANA/ GOKANA,FC/323/RV,15,NWIGBARATO DUMBARI GOSPEL,MALE,MMN,6,,Rivers_KHANA-GOKANA.pdf
Rivers,KHANA/ GOKANA,FC/323/RV,16,BARIKURA PHILIPS DOUGLAS,MALE,MPN,7,,Rivers_KHANA-GOKANA.pdf
Rivers,KHANA/ GOKANA,FC/323/RV,17,ZORZOR MONDAY BARIBEREDEN,MALE,NDLP,9,,Rivers_KHANA-GOKANA.pdf
Rivers,KHANA/ GOKANA,FC/323/RV,18,KATAH SIKII KINGSLEY,MALE,PDC,42,,Rivers_KHANA-GOKANA.pdf
Rivers,KHANA/ GOKANA,FC/323/RV,19,DUMNMENE ROBISON DEKOR,MALE,PDP,102338,DECLARED ELECTED,Rivers_KHANA-GOKANA.pdf
Rivers,KHANA/ GOKANA,FC/323/RV,20,BARIKA GABRIEL BARIBEFE,MALE,PPA,135,,Rivers_KHANA-GOKANA.pdf
Rivers,KHANA/ GOKANA,FC/323/RV,21,KOMS'ABAM PRISCILLA LESI,MALE,PPC,33,,Rivers_KHANA-GOKANA.pdf
Rivers,KHANA/ GOKANA,FC/323/RV,22,DAMBANI BLESSING NWOKE,FEMALE,SDP,397,,Rivers_KHANA-GOKANA.pdf
Rivers,KHANA/ GOKANA,FC/323/RV,23,ANYIE INNOCENT,MALE,ZLP,2309,,Rivers_KHANA-GOKANA.pdf
Rivers,OBIO AKPOR,FC/326/RV,1,CHIDA KINGSLEY OGUNDU,MALE,PDP,67661,DECLARED ELECTED,Rivers_OBIO-AKPOR.pdf
Rivers,OBIO AKPOR,FC/326/RV,2,GBOMS KING TONY,MALE,A,2373,,Rivers_OBIO-AKPOR.pdf
Rivers,OBIO AKPOR,FC/326/RV,3,NNADI CHIJIOKE REX,MALE,SDP,344,,Rivers_OBIO-AKPOR.pdf
Rivers,OBIO AKPOR,FC/326/RV,4,BEKEE IBUCHI,MALE,ADC,277,,Rivers_OBIO-AKPOR.pdf
Rivers,OBIO AKPOR,FC/326/RV,5,ONYEDI VICTORIA AMADI,FEMALE,ZLP,44,,Rivers_OBIO-AKPOR.pdf
Rivers,OBIO AKPOR,FC/326/RV,6,NYEMANHAME DIKE NYEWENE,MALE,NPC,40,,Rivers_OBIO-AKPOR.pdf
Rivers,OBIO AKPOR,FC/326/RV,7,ANAELE ADAMMA,FEMALE,ID,24,,Rivers_OBIO-AKPOR.pdf
Rivers,OBIO AKPOR,FC/326/RV,8,CHUKWU FRANK MARCUS,MALE,CC,10,,Rivers_OBIO-AKPOR.pdf
Rivers,OBIO AKPOR,FC/326/RV,9,CHIOMA MAXWEL ACHUKO,MALE,GPN,5,,Rivers_OBIO-AKPOR.pdf
Rivers,OKIRIKA OGU BOLO,FC/320/RV,1,TAMUNOMIELBI JEREMIAH,MALE,A,355,,Rivers_OKIRIKA-OGU-BOLO.pdf
Rivers,OKIRIKA OGU BOLO,FC/320/RV,2,KOKO WAHAB,MALE,AA,73,,Rivers_OKIRIKA-OGU-BOLO.pdf
Rivers,OKIRIKA OGU BOLO,FC/320/RV,3,OPUNYE TAMUNOKURO,MALE,ADC,117,,Rivers_OKIRIKA-OGU-BOLO.pdf
Rivers,OKIRIKA OGU BOLO,FC/320/RV,4,KALIO CORNELIUS A.,MALE,APDA,1410,,Rivers_OKIRIKA-OGU-BOLO.pdf
Rivers,OKIRIKA OGU BOLO,FC/320/RV,5,OKURUOVONNU SOLNEN,MALE,DA,40,,Rivers_OKIRIKA-OGU-BOLO.pdf
Rivers,OKIRIKA OGU BOLO,FC/320/RV,6,GRACETITI FREDSON,MALE,GPN,4605,,Rivers_OKIRIKA-OGU-BOLO.pdf
Rivers,OKIRIKA OGU BOLO,FC/320/RV,7,NKORO STEPHEN,MALE,ID,54,,Rivers_OKIRIKA-OGU-BOLO.pdf
Rivers,OKIRIKA OGU BOLO,FC/320/RV,8,MANGIBO VICTOR B.,MALE,LP,1419,,Rivers_OKIRIKA-OGU-BOLO.pdf
Rivers,OKIRIKA OGU BOLO,FC/320/RV,9,GOGO BRIGHT TAMUNO,MALE,PDP,29465,DECLARED ELECTED,Rivers_OKIRIKA-OGU-BOLO.pdf
Rivers,OKIRIKA OGU BOLO,FC/320/RV,10,KENNETH KAKO S.,MALE,SDP,17,,Rivers_OKIRIKA-OGU-BOLO.pdf
Rivers,OKIRIKA OGU BOLO,FC/320/RV,11,IGAH STEPHEN,MALE,ZLP,14,,Rivers_OKIRIKA-OGU-BOLO.pdf
Rivers,PORT HACOURT I,FC/327/RV,1,MARCUS WAKAMA JONATHAN,MALE,A,992,,Rivers_PORT-HARCOURT-I.pdf
Rivers,PORT HACOURT I,FC/327/RV,2,TONYE REX IDAMINABO,MALE,ADC,1671,,Rivers_PORT-HARCOURT-I.pdf
Rivers,PORT HACOURT I,FC/327/RV,3,WADA JAMES NKEMMADU,MALE,DA,28,,Rivers_PORT-HARCOURT-I.pdf
Rivers,PORT HACOURT I,FC/327/RV,4,DAVID TABBEY ABBEY KALIO,MALE,GPN,25,,Rivers_PORT-HARCOURT-I.pdf
Rivers,PORT HACOURT I,FC/327/RV,5,AKIN EJEKWU,MALE,ID,17,,Rivers_PORT-HARCOURT-I.pdf
Rivers,PORT HACOURT I,FC/327/RV,6,OGBONNA EZEBUNWO KINGSLEY,MALE,LP,507,,Rivers_PORT-HARCOURT-I.pdf
Rivers,PORT HACOURT I,FC/327/RV,7,KENNETH ANAYO CHIKERE,MALE,PDP,30918,DECLARED ELECTED,Rivers_PORT-HARCOURT-I.pdf
Rivers,PORT HACOURT I,FC/327/RV,8,TONYE-BATUBO TARIE,FEMALE,PPA,95,,Rivers_PORT-HARCOURT-I.pdf
Rivers,PORT HACOURT I,FC/327/RV,9,WOJI OWHONDA JOSEPH,MALE,SDP,431,,Rivers_PORT-HARCOURT-I.pdf
Rivers,PORT HARCOURT II,FC/328/RV,1,EMMANUEL AMADICHUKWU O.,MALE,A,1220,,Rivers_PORT-HARCOURT-II.pdf
Rivers,PORT HARCOURT II,FC/328/RV,2,DADDIE EMMANUEL,MALE,ADC,229,,Rivers_PORT-HARCOURT-II.pdf
Rivers,PORT HARCOURT II,FC/328/RV,3,JNR MICHEAL NYIBIAM,MALE,DA,6,,Rivers_PORT-HARCOURT-II.pdf
Rivers,PORT HARCOURT II,FC/328/RV,4,DOROTHY OGOLOMA,FEMALE,ID,6,,Rivers_PORT-HARCOURT-II.pdf
Rivers,PORT HARCOURT II,FC/328/RV,5,IGWE LOVEDAY CHIJIOKE,MALE,LP,228,,Rivers_PORT-HARCOURT-II.pdf
Rivers,PORT HARCOURT II,FC/328/RV,6,IGWE CHINYERE EMMANUEL,MALE,PDP,19886,DECLARED ELECTED,Rivers_PORT-HARCOURT-II.pdf
Rivers,PORT HARCOURT II,FC/328/RV,7,JOSHUA BATUBO ABIYE,MALE,SDP,113,,Rivers_PORT-HARCOURT-II.pdf
Sokoto,BINJI/SILAME,FC/334/SO,1,ABUBAKAR ALHAJI A.,MALE,A,3,,Sokoto_BINJI-SILAME.pdf
Sokoto,BINJI/SILAME,FC/334/SO,2,SHEHU GARBA,MALE,ADC,3,,Sokoto_BINJI-SILAME.pdf
Sokoto,BINJI/SILAME,FC/334/SO,3,SANI AHMED TIJANI,MALE,AGA,10,,Sokoto_BINJI-SILAME.pdf
Sokoto,BINJI/SILAME,FC/334/SO,4,SHEHU MUHAMMAD,MALE,AGAP,2,,Sokoto_BINJI-SILAME.pdf
Sokoto,BINJI/SILAME,FC/334/SO,5,AHMAD MUSTAPHA,MALE,ANDP,2,,Sokoto_BINJI-SILAME.pdf
Sokoto,BINJI/SILAME,FC/334/SO,6,MOHAMMED NABUNKARI SA'ADU,MALE,APC,20970,,Sokoto_BINJI-SILAME.pdf
Sokoto,BINJI/SILAME,FC/334/SO,7,HASSAN S. KEBBI SILAME,MALE,APDA,74,,Sokoto_BINJI-SILAME.pdf
Sokoto,BINJI/SILAME,FC/334/SO,8,ZARAH ABDULLAHI,MALE,JMPP,4,,Sokoto_BINJI-SILAME.pdf
Sokoto,BINJI/SILAME,FC/334/SO,9,LADAN MALIA,MALE,NCP,2,,Sokoto_BINJI-SILAME.pdf
Sokoto,BINJI/SILAME,FC/334/SO,10,MUHAMMAD LEMA JIBRI,MALE,NDLP,12,,Sokoto_BINJI-SILAME.pdf
Sokoto,BINJI/SILAME,FC/334/SO,11,SULEIMAN ABDULLAHI,FEMALE,NEPP,14,,Sokoto_BINJI-SILAME.pdf
Sokoto,BINJI/SILAME,FC/334/SO,12,UMAR NAZIRU,MALE,NPC,13,,Sokoto_BINJI-SILAME.pdf
Sokoto,BINJI/SILAME,FC/334/SO,13,MANI MAISHINKO,MALE,PDP,25790,DECLARED ELECTED,Sokoto_BINJI-SILAME.pdf
Sokoto,BINJI/SILAME,FC/334/SO,14,USMAN SAUDATU,MALE,PPN,6,,Sokoto_BINJI-SILAME.pdf
Sokoto,BINJI/SILAME,FC/334/SO,15,SAI NAFIU,MALE,PPP,10,,Sokoto_BINJI-SILAME.pdf
Sokoto,BINJI/SILAME,FC/334/SO,16,AJIYA UMAR,MALE,SDP,9,,Sokoto_BINJI-SILAME.pdf
Sokoto,BINJI/SILAME,FC/334/SO,17,MUHAMMAD AMINU,MALE,SNP,6,,Sokoto_BINJI-SILAME.pdf
Sokoto,BINJI/SILAME,FC/334/SO,18,DAUDA FARUKU,MALE,UPN,2,,Sokoto_BINJI-SILAME.pdf
Sokoto,DANGE-SHUNI/BODINGA/TURETA,FC/334/SO,1,ALIYU RASHIDA,FEMALE,A,5,,Sokoto_DANGE-SHUNI-BODINGA-TURETA.pdf
Sokoto,DANGE-SHUNI/BODINGA/TURETA,FC/334/SO,2,ATTAHIRU UMAR,MALE,AAP,20,,Sokoto_DANGE-SHUNI-BODINGA-TURETA.pdf
Sokoto,DANGE-SHUNI/BODINGA/TURETA,FC/334/SO,3,BUBA ABDULLAHI,MALE,AD,20,,Sokoto_DANGE-SHUNI-BODINGA-TURETA.pdf
Sokoto,DANGE-SHUNI/BODINGA/TURETA,FC/334/SO,4,MUHAMMAD LIMAN,MALE,ADC,32,,Sokoto_DANGE-SHUNI-BODINGA-TURETA.pdf
Sokoto,DANGE-SHUNI/BODINGA/TURETA,FC/334/SO,5,ALIYU TIJANI,MALE,AGA,55,,Sokoto_DANGE-SHUNI-BODINGA-TURETA.pdf
Sokoto,DANGE-SHUNI/BODINGA/TURETA,FC/334/SO,6,YUSUF ALIYU,MALE,ANDP,25,,Sokoto_DANGE-SHUNI-BODINGA-TURETA.pdf
Sokoto,DANGE-SHUNI/BODINGA/TURETA,FC/334/SO,7,MURTALA MOHAMMED,MALE,APA,124,,Sokoto_DANGE-SHUNI-BODINGA-TURETA.pdf
Sokoto,DANGE-SHUNI/BODINGA/TURETA,FC/334/SO,8,SHEHU ALIYU A.,MALE,APC,52563,DECLARED ELECTED,Sokoto_DANGE-SHUNI-BODINGA-TURETA.pdf
Sokoto,DANGE-SHUNI/BODINGA/TURETA,FC/334/SO,9,BELLO GARBA DANGE,MALE,APDA,157,,Sokoto_DANGE-SHUNI-BODINGA-TURETA.pdf
Sokoto,DANGE-SHUNI/BODINGA/TURETA,FC/334/SO,10,NURA BELLO,MALE,APGA,137,,Sokoto_DANGE-SHUNI-BODINGA-TURETA.pdf
Sokoto,DANGE-SHUNI/BODINGA/TURETA,FC/334/SO,11,HADIZA ALIYU,FEMALE,DA,4,,Sokoto_DANGE-SHUNI-BODINGA-TURETA.pdf
Sokoto,DANGE-SHUNI/BODINGA/TURETA,FC/334/SO,12,GARBA MUKTAR,MALE,DPP,40,,Sokoto_DANGE-SHUNI-BODINGA-TURETA.pdf
Sokoto,DANGE-SHUNI/BODINGA/TURETA,FC/334/SO,13,UMAR MODE MARAFA,MALE,FRESH,13,,Sokoto_DANGE-SHUNI-BODINGA-TURETA.pdf
Sokoto,DANGE-SHUNI/BODINGA/TURETA,FC/334/SO,14,MUSTAPHA MUHAMMAD HASSAN,MALE,JMPP,10,,Sokoto_DANGE-SHUNI-BODINGA-TURETA.pdf
Sokoto,DANGE-SHUNI/BODINGA/TURETA,FC/334/SO,15,MUHAMMAD BALA,MALE,LP,14,,Sokoto_DANGE-SHUNI-BODINGA-TURETA.pdf
Sokoto,DANGE-SHUNI/BODINGA/TURETA,FC/334/SO,16,RIKINA SANI,MALE,NCP,23,,Sokoto_DANGE-SHUNI-BODINGA-TURETA.pdf
Sokoto,DANGE-SHUNI/BODINGA/TURETA,FC/334/SO,17,ISAH RUFAI,MALE,NDLP,76,,Sokoto_DANGE-SHUNI-BODINGA-TURETA.pdf
Sokoto,DANGE-SHUNI/BODINGA/TURETA,FC/334/SO,18,ABDULLAHI AMINU,MALE,NEPP,35,,Sokoto_DANGE-SHUNI-BODINGA-TURETA.pdf
Sokoto,DANGE-SHUNI/BODINGA/TURETA,FC/334/SO,19,SAMAILA IBRAHIM,MALE,NPC,63,,Sokoto_DANGE-SHUNI-BODINGA-TURETA.pdf
Sokoto,DANGE-SHUNI/BODINGA/TURETA,FC/334/SO,20,MOHAMMAD HASSAN DINGYADI,MALE,NUP,86,,Sokoto_DANGE-SHUNI-BODINGA-TURETA.pdf
Sokoto,DANGE-SHUNI/BODINGA/TURETA,FC/334/SO,21,BALARABE KAKALE SHEHU,MALE,PDP,48977,,Sokoto_DANGE-SHUNI-BODINGA-TURETA.pdf
Sokoto,DANGE-SHUNI/BODINGA/TURETA,FC/334/SO,22,NASIRU SALIHU,MALE,PPN,18,,Sokoto_DANGE-SHUNI-BODINGA-TURETA.pdf
Sokoto,DANGE-SHUNI/BODINGA/TURETA,FC/334/SO,23,SALIHU NASIRU,MALE,PPN,39,,Sokoto_DANGE-SHUNI-BODINGA-TURETA.pdf
Sokoto,DANGE-SHUNI/BODINGA/TURETA,FC/334/SO,24,BODINGA ALH. AMINU,MALE,SDP,14,,Sokoto_DANGE-SHUNI-BODINGA-TURETA.pdf
Sokoto,DANGE-SHUNI/BODINGA/TURETA,FC/334/SO,25,HAMZA IBRAHIM,MALE,SNP,12,,Sokoto_DANGE-SHUNI-BODINGA-TURETA.pdf
Sokoto,DANGE-SHUNI/BODINGA/TURETA,FC/334/SO,26,UMARU MAIDAMMA,MALE,UPN,10,,Sokoto_DANGE-SHUNI-BODINGA-TURETA.pdf
Sokoto,GORONYO/GADA,FC/330/SO,1,SARKIN-ADAR MUSA,MALE,APC,45143,DECLARED ELECTED,Sokoto_GORONYO-GADA.pdf
Sokoto,GORONYO/GADA,FC/330/SO,2,MUHAMMAD BELLO ALIYU,MALE,PDP,34256,,Sokoto_GORONYO-GADA.pdf
Sokoto,ILLELA/GWADABAWA,FC/332/SO,1,BELLO HARUNA,MALE,ADC,47,,Sokoto_ILLELA-GWADABAWA.pdf
Sokoto,ILLELA/GWADABAWA,FC/332/SO,2,AMINU BUHARI,MALE,AGA,87,,Sokoto_ILLELA-GWADABAWA.pdf
Sokoto,ILLELA/GWADABAWA,FC/332/SO,3,SHEHU ABDULLAHI,MALE,AGAP,29,,Sokoto_ILLELA-GWADABAWA.pdf
Sokoto,ILLELA/GWADABAWA,FC/332/SO,4,BALARABE SALAME ABDULLAHI,MALE,APC,47781,DECLARED ELECTED,Sokoto_ILLELA-GWADABAWA.pdf
Sokoto,ILLELA/GWADABAWA,FC/332/SO,5,ALIYU LABBO,MALE,APDA,164,,Sokoto_ILLELA-GWADABAWA.pdf
Sokoto,ILLELA/GWADABAWA,FC/332/SO,6,SHAMSUDEEN TUKUR,MALE,CAP,63,,Sokoto_ILLELA-GWADABAWA.pdf
Sokoto,ILLELA/GWADABAWA,FC/332/SO,7,SHEHU IBRAHIM,MALE,DA,25,,Sokoto_ILLELA-GWADABAWA.pdf
Sokoto,ILLELA/GWADABAWA,FC/332/SO,8,SANUSI GARBA A.,MALE,DPP,34,,Sokoto_ILLELA-GWADABAWA.pdf
Sokoto,ILLELA/GWADABAWA,FC/332/SO,9,AMINU BELLO,MALE,GPN,10,,Sokoto_ILLELA-GWADABAWA.pdf
Sokoto,ILLELA/GWADABAWA,FC/332/SO,10,KASIMU BARMU,MALE,ID,22,,Sokoto_ILLELA-GWADABAWA.pdf
Sokoto,ILLELA/GWADABAWA,FC/332/SO,11,AMINA MUHAMMED,FEMALE,JMPP,15,,Sokoto_ILLELA-GWADABAWA.pdf
Sokoto,ILLELA/GWADABAWA,FC/332/SO,12,LIMAN ABDULKADIR,MALE,LP,124,,Sokoto_ILLELA-GWADABAWA.pdf
Sokoto,ILLELA/GWADABAWA,FC/332/SO,13,SAIDU ISIYA,MALE,NCP,29,,Sokoto_ILLELA-GWADABAWA.pdf
Sokoto,ILLELA/GWADABAWA,FC/332/SO,14,BUHARI MUHAMMAD ABUBAKAR,MALE,NDLP,16,,Sokoto_ILLELA-GWADABAWA.pdf
Sokoto,ILLELA/GWADABAWA,FC/332/SO,15,YAHAYA SALISU,MALE,NPC,55,,Sokoto_ILLELA-GWADABAWA.pdf
Sokoto,ILLELA/GWADABAWA,FC/332/SO,16,HALIRU GARBA GIDAN HAMMA,MALE,PDP,34981,,Sokoto_ILLELA-GWADABAWA.pdf
Sokoto,ILLELA/GWADABAWA,FC/332/SO,17,NASIR MOHMUD,MALE,PPN,92,,Sokoto_ILLELA-GWADABAWA.pdf
Sokoto,ILLELA/GWADABAWA,FC/332/SO,18,YARO NASIRU,MALE,SDP,16,,Sokoto_ILLELA-GWADABAWA.pdf
Sokoto,ISA/SABON BIRNI,FC/329/SO,1,MAS'UDU BELLO,MALE,ACPN,26,,Sokoto_ISA-SABON-BIRNI.pdf
Sokoto,ISA/SABON BIRNI,FC/329/SO,2,AHMED MALAMI,MALE,AD,21,,Sokoto_ISA-SABON-BIRNI.pdf
Sokoto,ISA/SABON BIRNI,FC/329/SO,3,SANI UMARU,MALE,ADC,28,,Sokoto_ISA-SABON-BIRNI.pdf
Sokoto,ISA/SABON BIRNI,FC/329/SO,4,BABANGIDA ISMAIL GARBA,MALE,AGA,34,,Sokoto_ISA-SABON-BIRNI.pdf
Sokoto,ISA/SABON BIRNI,FC/329/SO,5,SANI AMINU ISA,MALE,APC,42677,,Sokoto_ISA-SABON-BIRNI.pdf
Sokoto,ISA/SABON BIRNI,FC/329/SO,6,A. BUWAI MUHAMMED ADAMU,MALE,APDA,186,,Sokoto_ISA-SABON-BIRNI.pdf
Sokoto,ISA/SABON BIRNI,FC/329/SO,7,ANAS MOHAMMED,MALE,APGA,39,,Sokoto_ISA-SABON-BIRNI.pdf
Sokoto,ISA/SABON BIRNI,FC/329/SO,8,ABUBAKAR BELLO,MALE,DA,9,,Sokoto_ISA-SABON-BIRNI.pdf
Sokoto,ISA/SABON BIRNI,FC/329/SO,9,MUAZU ABDULLAZIZ,MALE,JMPP,11,,Sokoto_ISA-SABON-BIRNI.pdf
Sokoto,ISA/SABON BIRNI,FC/329/SO,10,IBRAHIM ISA SULAIMAN,MALE,KP,10,,Sokoto_ISA-SABON-BIRNI.pdf
Sokoto,ISA/SABON BIRNI,FC/329/SO,11,ISHAKA SANUSI,MALE,LP,14,,Sokoto_ISA-SABON-BIRNI.pdf
Sokoto,ISA/SABON BIRNI,FC/329/SO,12,SA'ADU ALMUSTAPHA,MALE,MRDD,50,,Sokoto_ISA-SABON-BIRNI.pdf
Sokoto,ISA/SABON BIRNI,FC/329/SO,13,BARGAJA SALISU,MALE,NCP,16,,Sokoto_ISA-SABON-BIRNI.pdf
Sokoto,ISA/SABON BIRNI,FC/329/SO,14,YUSUF ABDULLAHI,MALE,NDLP,50,,Sokoto_ISA-SABON-BIRNI.pdf
Sokoto,ISA/SABON BIRNI,FC/329/SO,15,KABIRU ABUBAKAR,MALE,NEPP,33,,Sokoto_ISA-SABON-BIRNI.pdf
Sokoto,ISA/SABON BIRNI,FC/329/SO,16,ALIYU YUSUF,MALE,NPC,39,,Sokoto_ISA-SABON-BIRNI.pdf
Sokoto,ISA/SABON BIRNI,FC/329/SO,17,MOHAMMED SAIDU BARGAJA,MALE,PDP,47286,DECLARED ELECTED,Sokoto_ISA-SABON-BIRNI.pdf
Sokoto,ISA/SABON BIRNI,FC/329/SO,18,MUNTAR SAMBO,MALE,PPN,24,,Sokoto_ISA-SABON-BIRNI.pdf
Sokoto,ISA/SABON BIRNI,FC/329/SO,19,MURTALA ISA,MALE,SDP,11,,Sokoto_ISA-SABON-BIRNI.pdf
Sokoto,ISA/SABON BIRNI,FC/329/SO,20,AYUBA BELLO,MALE,SNP,21,,Sokoto_ISA-SABON-BIRNI.pdf
Sokoto,ISA/SABON BIRNI,FC/329/SO,21,MUHAMMAD JAMILU HASHIMU,MALE,UPN,7,,Sokoto_ISA-SABON-BIRNI.pdf
Sokoto,KEBBE/TAMBUWAL,FC/339/SO,1,TUKUR BUHARI,MALE,AD,10,,Sokoto_KEBBE-TAMBUWAL.pdf
Sokoto,KEBBE/TAMBUWAL,FC/339/SO,2,HUSSAINI GARBA TAKARDAWA,MALE,ADC,16,,Sokoto_KEBBE-TAMBUWAL.pdf
Sokoto,KEBBE/TAMBUWAL,FC/339/SO,3,MUHAMMAD IBRAHIM LABBO,MALE,AGA,20,,Sokoto_KEBBE-TAMBUWAL.pdf
Sokoto,KEBBE/TAMBUWAL,FC/339/SO,4,SALAMATU ABDUL KAREEM,FEMALE,ANDP,14,,Sokoto_KEBBE-TAMBUWAL.pdf
Sokoto,KEBBE/TAMBUWAL,FC/339/SO,5,BUHARI LABBO,MALE,APA,80,,Sokoto_KEBBE-TAMBUWAL.pdf
Sokoto,KEBBE/TAMBUWAL,FC/339/SO,6,KOKANI BALA,MALE,APC,48503,DECLARED ELECTED,Sokoto_KEBBE-TAMBUWAL.pdf
Sokoto,KEBBE/TAMBUWAL,FC/339/SO,7,AMINU TUKUR,MALE,APDA,125,,Sokoto_KEBBE-TAMBUWAL.pdf
Sokoto,KEBBE/TAMBUWAL,FC/339/SO,8,ABBAS AHMAD,MALE,APGA,24,,Sokoto_KEBBE-TAMBUWAL.pdf
Sokoto,KEBBE/TAMBUWAL,FC/339/SO,9,SAABI MAINASARA,MALE,DA,8,,Sokoto_KEBBE-TAMBUWAL.pdf
Sokoto,KEBBE/TAMBUWAL,FC/339/SO,10,SHEHU BASHAR,MALE,DPP,12,,Sokoto_KEBBE-TAMBUWAL.pdf
Sokoto,KEBBE/TAMBUWAL,FC/339/SO,11,AISHATU SALIHU MUSA,FEMALE,JMPP,7,,Sokoto_KEBBE-TAMBUWAL.pdf
Sokoto,KEBBE/TAMBUWAL,FC/339/SO,12,BALA ALMUSTAPHA,MALE,KP,3,,Sokoto_KEBBE-TAMBUWAL.pdf
Sokoto,KEBBE/TAMBUWAL,FC/339/SO,13,MODE SAHABI,MALE,NCP,2,,Sokoto_KEBBE-TAMBUWAL.pdf
Sokoto,KEBBE/TAMBUWAL,FC/339/SO,14,ABDULLAHI AHMAD,MALE,NDLP,17,,Sokoto_KEBBE-TAMBUWAL.pdf
Sokoto,KEBBE/TAMBUWAL,FC/339/SO,15,NURA TUKUR,MALE,NEPP,12,,Sokoto_KEBBE-TAMBUWAL.pdf
Sokoto,KEBBE/TAMBUWAL,FC/339/SO,16,YAHAYA AHMAD,MALE,NPC,13,,Sokoto_KEBBE-TAMBUWAL.pdf
Sokoto,KEBBE/TAMBUWAL,FC/339/SO,17,ABDUSSAMAD DASUKI,MALE,PDP,42367,,Sokoto_KEBBE-TAMBUWAL.pdf
Sokoto,KEBBE/TAMBUWAL,FC/339/SO,18,JAFARU ALKALI,MALE,PPN,8,,Sokoto_KEBBE-TAMBUWAL.pdf
Sokoto,KEBBE/TAMBUWAL,FC/339/SO,19,MUHAMMAD ABDULLAHI,MALE,PPP,20,,Sokoto_KEBBE-TAMBUWAL.pdf
Sokoto,KEBBE/TAMBUWAL,FC/339/SO,20,TAMBUWAL ABUBAKAR M,MALE,SDP,11,,Sokoto_KEBBE-TAMBUWAL.pdf
Sokoto,KEBBE/TAMBUWAL,FC/339/SO,21,SULEIMAN SHEHU,MALE,SNP,5,,Sokoto_KEBBE-TAMBUWAL.pdf
Sokoto,KEBBE/TAMBUWAL,FC/339/SO,22,HASSANI IBRAHIM,MALE,UPN,2,,Sokoto_KEBBE-TAMBUWAL.pdf
Sokoto,KEBBE/TAMBUWAL,FC/339/SO,23,SANI UMAR,MALE,YPP,6,,Sokoto_KEBBE-TAMBUWAL.pdf
Sokoto,KWARE/WAMAKKO,FC/335/SO,1,ABUBAKAR SHU'AIBU,MALE,A,8,,Sokoto_KWARE-WAMAKKO.pdf
Sokoto,KWARE/WAMAKKO,FC/335/SO,2,HASHIM MUHAMMED,MALE,AAP,22,,Sokoto_KWARE-WAMAKKO.pdf
Sokoto,KWARE/WAMAKKO,FC/335/SO,3,YUSUF UMAR,MALE,AD,3,,Sokoto_KWARE-WAMAKKO.pdf
Sokoto,KWARE/WAMAKKO,FC/335/SO,4,UMMAR MOHAMMAD,MALE,ADC,32,,Sokoto_KWARE-WAMAKKO.pdf
Sokoto,KWARE/WAMAKKO,FC/335/SO,5,AMINU SHEHU KWARE,MALE,AGA,27,,Sokoto_KWARE-WAMAKKO.pdf
Sokoto,KWARE/WAMAKKO,FC/335/SO,6,HUSSAINI AHMED,MALE,ANDP,23,,Sokoto_KWARE-WAMAKKO.pdf
Sokoto,KWARE/WAMAKKO,FC/335/SO,7,MUKTAR UMAR,MALE,APA,146,,Sokoto_KWARE-WAMAKKO.pdf
Sokoto,KWARE/WAMAKKO,FC/335/SO,8,AHMAD ABDULLAHI KALAMBAINA,MALE,APC,52698,DECLARED ELECTED,Sokoto_KWARE-WAMAKKO.pdf
Sokoto,KWARE/WAMAKKO,FC/335/SO,9,UMAR SHEHU HAMZA,MALE,APDA,115,,Sokoto_KWARE-WAMAKKO.pdf
Sokoto,KWARE/WAMAKKO,FC/335/SO,10,AMINU ABDULLAHI,MALE,APGA,33,,Sokoto_KWARE-WAMAKKO.pdf
Sokoto,KWARE/WAMAKKO,FC/335/SO,11,LADAN ALIYU,MALE,DPC,8,,Sokoto_KWARE-WAMAKKO.pdf
Sokoto,KWARE/WAMAKKO,FC/335/SO,12,IMAM IBRAHIM MUH'D,MALE,DPP,27,,Sokoto_KWARE-WAMAKKO.pdf
Sokoto,KWARE/WAMAKKO,FC/335/SO,13,FARUK ALIYU,MALE,GPN,2,,Sokoto_KWARE-WAMAKKO.pdf
Sokoto,KWARE/WAMAKKO,FC/335/SO,14,MUHAMMAD ABDULRAHAMAN,MALE,LP,13,,Sokoto_KWARE-WAMAKKO.pdf
Sokoto,KWARE/WAMAKKO,FC/335/SO,15,ADARAWA ALIYU,MALE,NCP,26,,Sokoto_KWARE-WAMAKKO.pdf
Sokoto,KWARE/WAMAKKO,FC/335/SO,16,BASHIRU SANI ABUBAKAR,FEMALE,NDLP,46,,Sokoto_KWARE-WAMAKKO.pdf
Sokoto,KWARE/WAMAKKO,FC/335/SO,17,AMINU SIRAJO,MALE,NEPP,34,,Sokoto_KWARE-WAMAKKO.pdf
Sokoto,KWARE/WAMAKKO,FC/335/SO,18,SIRAJO ABUBAKAR,MALE,NPC,47,,Sokoto_KWARE-WAMAKKO.pdf
Sokoto,KWARE/WAMAKKO,FC/335/SO,19,NASIRU ALIYU,MALE,NUP,102,,Sokoto_KWARE-WAMAKKO.pdf
Sokoto,KWARE/WAMAKKO,FC/335/SO,20,MOHAMMED BELLO ABUBAKAR,MALE,PDP,35821,,Sokoto_KWARE-WAMAKKO.pdf
Sokoto,KWARE/WAMAKKO,FC/335/SO,21,BELLO FATIMA LADAN,MALE,PPN,14,,Sokoto_KWARE-WAMAKKO.pdf
Sokoto,KWARE/WAMAKKO,FC/335/SO,22,DAUDU ABUBAKAR,FEMALE,PPP,29,,Sokoto_KWARE-WAMAKKO.pdf
Sokoto,KWARE/WAMAKKO,FC/335/SO,23,SAMAILA ABUBAKAR,MALE,SDP,30,,Sokoto_KWARE-WAMAKKO.pdf
Sokoto,KWARE/WAMAKKO,FC/335/SO,24,SIRAJO MUHAMMAD,MALE,UPN,9,,Sokoto_KWARE-WAMAKKO.pdf
Sokoto,SOKOTO NORTH/SOKOTO SOUTH,FC/331/SO,1,MOHAMMED UMAR,MALE,A,20,,Sokoto_SOKOTO-NORTH-SOKOTO-SOUTH.pdf
Sokoto,SOKOTO NORTH/SOKOTO SOUTH,FC/331/SO,2,MUJITABA FARUK,MALE,AA,20,,Sokoto_SOKOTO-NORTH-SOKOTO-SOUTH.pdf
Sokoto,SOKOTO NORTH/SOKOTO SOUTH,FC/331/SO,3,ATIKU BUHARI,MALE,AAP,68,,Sokoto_SOKOTO-NORTH-SOKOTO-SOUTH.pdf
Sokoto,SOKOTO NORTH/SOKOTO SOUTH,FC/331/SO,4,DAHIRU BELLO,MALE,ABP,0,,Sokoto_SOKOTO-NORTH-SOKOTO-SOUTH.pdf
Sokoto,SOKOTO NORTH/SOKOTO SOUTH,FC/331/SO,5,ABDULRAHMAN YAKUBU,MALE,ACPN,70,,Sokoto_SOKOTO-NORTH-SOKOTO-SOUTH.pdf
Sokoto,SOKOTO NORTH/SOKOTO SOUTH,FC/331/SO,6,ABDULMALIK ALHAJI SULEIMAN,MALE,AD,17,,Sokoto_SOKOTO-NORTH-SOKOTO-SOUTH.pdf
Sokoto,SOKOTO NORTH/SOKOTO SOUTH,FC/331/SO,7,ALHASSAN AISHA ABDUL,FEMALE,ADC,105,,Sokoto_SOKOTO-NORTH-SOKOTO-SOUTH.pdf
Sokoto,SOKOTO NORTH/SOKOTO SOUTH,FC/331/SO,8,BUHARI AMINU,MALE,AGA,19,,Sokoto_SOKOTO-NORTH-SOKOTO-SOUTH.pdf
Sokoto,SOKOTO NORTH/SOKOTO SOUTH,FC/331/SO,9,MUTTAKA BELLO,MALE,ANDP,28,,Sokoto_SOKOTO-NORTH-SOKOTO-SOUTH.pdf
Sokoto,SOKOTO NORTH/SOKOTO SOUTH,FC/331/SO,10,NURA ALMUSTAPHA,MALE,APA,202,,Sokoto_SOKOTO-NORTH-SOKOTO-SOUTH.pdf
Sokoto,SOKOTO NORTH/SOKOTO SOUTH,FC/331/SO,11,ABUBAKAR III HASSAN BALA,MALE,APC,71486,DECLARED ELECTED,Sokoto_SOKOTO-NORTH-SOKOTO-SOUTH.pdf
Sokoto,SOKOTO NORTH/SOKOTO SOUTH,FC/331/SO,12,ISMAILA IBRAHIM,MALE,APDA,154,,Sokoto_SOKOTO-NORTH-SOKOTO-SOUTH.pdf
Sokoto,SOKOTO NORTH/SOKOTO SOUTH,FC/331/SO,13,HAFSAT ABUBAKAR,MALE,DA,8,,Sokoto_SOKOTO-NORTH-SOKOTO-SOUTH.pdf
Sokoto,SOKOTO NORTH/SOKOTO SOUTH,FC/331/SO,14,MAINASARA CHIKA,MALE,DPC,2,,Sokoto_SOKOTO-NORTH-SOKOTO-SOUTH.pdf
Sokoto,SOKOTO NORTH/SOKOTO SOUTH,FC/331/SO,15,ABUBAKAR ABDURAHMAN,MALE,DPP,45,,Sokoto_SOKOTO-NORTH-SOKOTO-SOUTH.pdf
Sokoto,SOKOTO NORTH/SOKOTO SOUTH,FC/331/SO,16,SHAMSUDEEN AHMAD,FEMALE,FRESH,11,,Sokoto_SOKOTO-NORTH-SOKOTO-SOUTH.pdf
Sokoto,SOKOTO NORTH/SOKOTO SOUTH,FC/331/SO,17,BUHARI SAIDU,MALE,GPN,6,,Sokoto_SOKOTO-NORTH-SOKOTO-SOUTH.pdf
Sokoto,SOKOTO NORTH/SOKOTO SOUTH,FC/331/SO,18,HASSAN MUHAMMED ZAICO,MALE,JMPP,9,,Sokoto_SOKOTO-NORTH-SOKOTO-SOUTH.pdf
Sokoto,SOKOTO NORTH/SOKOTO SOUTH,FC/331/SO,19,ABDULLAHI ABDULRAHMAN,MALE,KP,15,,Sokoto_SOKOTO-NORTH-SOKOTO-SOUTH.pdf
Sokoto,SOKOTO NORTH/SOKOTO SOUTH,FC/331/SO,20,HASSAN MUSA,MALE,LP,29,,Sokoto_SOKOTO-NORTH-SOKOTO-SOUTH.pdf
Sokoto,SOKOTO NORTH/SOKOTO SOUTH,FC/331/SO,21,MUHUTARI SANI,MALE,MRDD,19,,Sokoto_SOKOTO-NORTH-SOKOTO-SOUTH.pdf
Sokoto,SOKOTO NORTH/SOKOTO SOUTH,FC/331/SO,22,MOHAMMED NANA,FEMALE,NCP,52,,Sokoto_SOKOTO-NORTH-SOKOTO-SOUTH.pdf
Sokoto,SOKOTO NORTH/SOKOTO SOUTH,FC/331/SO,23,AMINU AHMAD,MALE,NDLP,18,,Sokoto_SOKOTO-NORTH-SOKOTO-SOUTH.pdf
Sokoto,SOKOTO NORTH/SOKOTO SOUTH,FC/331/SO,24,BELLO MUHAMMED,MALE,NEPP,23,,Sokoto_SOKOTO-NORTH-SOKOTO-SOUTH.pdf
Sokoto,SOKOTO NORTH/SOKOTO SOUTH,FC/331/SO,25,YAHAYA MUSTAPHA,MALE,NPC,39,,Sokoto_SOKOTO-NORTH-SOKOTO-SOUTH.pdf
Sokoto,SOKOTO NORTH/SOKOTO SOUTH,FC/331/SO,26,ABUBAKAR HUNAIZA,MALE,NRM,44,,Sokoto_SOKOTO-NORTH-SOKOTO-SOUTH.pdf
Sokoto,SOKOTO NORTH/SOKOTO SOUTH,FC/331/SO,27,ISA ALIYU MALAM,MALE,NUP,91,,Sokoto_SOKOTO-NORTH-SOKOTO-SOUTH.pdf
Sokoto,SOKOTO NORTH/SOKOTO SOUTH,FC/331/SO,28,ABUBAKAR ABDULLAHI AHMAD,MALE,PDP,52148,,Sokoto_SOKOTO-NORTH-SOKOTO-SOUTH.pdf
Sokoto,SOKOTO NORTH/SOKOTO SOUTH,FC/331/SO,29,ABUBAKAR IBRAHIM,MALE,PPA,101,,Sokoto_SOKOTO-NORTH-SOKOTO-SOUTH.pdf
Sokoto,SOKOTO NORTH/SOKOTO SOUTH,FC/331/SO,30,NASIRU ABDULRASHI,MALE,PPN,4,,Sokoto_SOKOTO-NORTH-SOKOTO-SOUTH.pdf
Sokoto,SOKOTO NORTH/SOKOTO SOUTH,FC/331/SO,31,ARZIKA YUSUF,MALE,PPP,13,,Sokoto_SOKOTO-NORTH-SOKOTO-SOUTH.pdf
Sokoto,SOKOTO NORTH/SOKOTO SOUTH,FC/331/SO,32,MOHAMMED ABDULLAHI,MALE,SDP,8,,Sokoto_SOKOTO-NORTH-SOKOTO-SOUTH.pdf
Sokoto,SOKOTO NORTH/SOKOTO SOUTH,FC/331/SO,33,ANAS BELLO,MALE,SNP,20,,Sokoto_SOKOTO-NORTH-SOKOTO-SOUTH.pdf
Sokoto,SOKOTO NORTH/SOKOTO SOUTH,FC/331/SO,34,IBRAHIM USMAN,MALE,UPN,6,,Sokoto_SOKOTO-NORTH-SOKOTO-SOUTH.pdf
Sokoto,SOKOTO NORTH/SOKOTO SOUTH,FC/331/SO,35,GARBA MOHAMMED MODE,MALE,ZLP,10,,Sokoto_SOKOTO-NORTH-SOKOTO-SOUTH.pdf
Sokoto,TANGAZA/GUDU,FC/333/SO,1,YUSUF ISAH KURDULA,MALE,APC,27220,DECLARED ELECTED,Sokoto_TANGAZA-GUDU.pdf
Sokoto,TANGAZA/GUDU,FC/333/SO,2,ISAH SALIHU BASHAR,MALE,PDP,26047,,Sokoto_TANGAZA-GUDU.pdf
Sokoto,WURNO/RABAH,FC/331/SO,1,ABDULLAHI YAHAYA,MALE,AD,9,,Sokoto_WURNO-RABAH.pdf
Sokoto,WURNO/RABAH,FC/331/SO,2,HASSAN IBRAHIM,MALE,ADC,14,,Sokoto_WURNO-RABAH.pdf
Sokoto,WURNO/RABAH,FC/331/SO,3,MALAMI BELLO,MALE,AGA,9,,Sokoto_WURNO-RABAH.pdf
Sokoto,WURNO/RABAH,FC/331/SO,4,BASHIRU JIBRIL,MALE,ANDP,10,,Sokoto_WURNO-RABAH.pdf
Sokoto,WURNO/RABAH,FC/331/SO,5,ALIYU IBRAHIM ALMUSTAPHA,MALE,APC,35122,DECLARED ELECTED,Sokoto_WURNO-RABAH.pdf
Sokoto,WURNO/RABAH,FC/331/SO,6,BASHIR UMAR WURNO,MALE,APDA,69,,Sokoto_WURNO-RABAH.pdf
Sokoto,WURNO/RABAH,FC/331/SO,7,MALAMI ABUBAKAR,MALE,DA,6,,Sokoto_WURNO-RABAH.pdf
Sokoto,WURNO/RABAH,FC/331/SO,8,MOHAMMED BELLO,MALE,GPN,4,,Sokoto_WURNO-RABAH.pdf
Sokoto,WURNO/RABAH,FC/331/SO,9,NASIRU BELLO,MALE,JMPP,4,,Sokoto_WURNO-RABAH.pdf
Sokoto,WURNO/RABAH,FC/331/SO,10,A. T YAKUBU,MALE,NCP,15,,Sokoto_WURNO-RABAH.pdf
Sokoto,WURNO/RABAH,FC/331/SO,11,ABDULLAHI SADIQ,MALE,NDLP,31,,Sokoto_WURNO-RABAH.pdf
Sokoto,WURNO/RABAH,FC/331/SO,12,ABUBAKAR IBRAHIM,MALE,NPC,24,,Sokoto_WURNO-RABAH.pdf
Sokoto,WURNO/RABAH,FC/331/SO,13,BASHAR ALIYU WAZIRI,MALE,NRM,18,,Sokoto_WURNO-RABAH.pdf
Sokoto,WURNO/RABAH,FC/331/SO,14,KABIRU MARAFA ACHIDA,MALE,PDP,23344,,Sokoto_WURNO-RABAH.pdf
Sokoto,WURNO/RABAH,FC/331/SO,15,NASIR AMINA SHEHU,FEMALE,PPN,13,,Sokoto_WURNO-RABAH.pdf
Sokoto,WURNO/RABAH,FC/331/SO,16,AMALE LAMIDO,MALE,SDP,13,,Sokoto_WURNO-RABAH.pdf
Sokoto,WURNO/RABAH,FC/331/SO,17,MUJTABA MODE,MALE,SNP,6,,Sokoto_WURNO-RABAH.pdf
Sokoto,WURNO/RABAH,FC/331/SO,18,BASHIRU HAMIDU,MALE,UPN,2,,Sokoto_WURNO-RABAH.pdf
Sokoto,YABO/SHAGARI,FC/338/SO,1,SHEHU USMAN ALHAJI,MALE,ADC,149,,Sokoto_YABO-SHAGARI.pdf
Sokoto,YABO/SHAGARI,FC/338/SO,2,SAMBO IBRAHIM ALIYU,MALE,AGA,22,,Sokoto_YABO-SHAGARI.pdf
Sokoto,YABO/SHAGARI,FC/338/SO,3,NASIRU GARBA,MALE,ANDP,1,,Sokoto_YABO-SHAGARI.pdf
Sokoto,YABO/SHAGARI,FC/338/SO,4,UMARU ABUBAKAR YABO,MALE,APC,33193,DECLARED ELECTED,Sokoto_YABO-SHAGARI.pdf
Sokoto,YABO/SHAGARI,FC/338/SO,5,CHIKA SANI TORANKANA,MALE,APDA,54,,Sokoto_YABO-SHAGARI.pdf
Sokoto,YABO/SHAGARI,FC/338/SO,6,DARAJJA MUHAMMED,FEMALE,DA,0,,Sokoto_YABO-SHAGARI.pdf
Sokoto,YABO/SHAGARI,FC/338/SO,7,DAUDA MOHAMMED,MALE,GPN,1,,Sokoto_YABO-SHAGARI.pdf
Sokoto,YABO/SHAGARI,FC/338/SO,8,USMAN BELLO GARBA,MALE,JMPP,5,,Sokoto_YABO-SHAGARI.pdf
Sokoto,YABO/SHAGARI,FC/338/SO,9,ADAMU USMAN,MALE,LP,7,,Sokoto_YABO-SHAGARI.pdf
Sokoto,YABO/SHAGARI,FC/338/SO,10,SHEHU ALIYU,MALE,NCP,13,,Sokoto_YABO-SHAGARI.pdf
Sokoto,YABO/SHAGARI,FC/338/SO,11,GAZOBI ABDULLAHI,MALE,NDLP,9,,Sokoto_YABO-SHAGARI.pdf
Sokoto,YABO/SHAGARI,FC/338/SO,12,ABDULAZIZ ALIYU,MALE,NEPP,5,,Sokoto_YABO-SHAGARI.pdf
Sokoto,YABO/SHAGARI,FC/338/SO,13,MALAMI ALMUSTAPHA,MALE,NPC,27,,Sokoto_YABO-SHAGARI.pdf
Sokoto,YABO/SHAGARI,FC/338/SO,14,ABDULLAHI UMAR,MALE,NUP,39,,Sokoto_YABO-SHAGARI.pdf
Sokoto,YABO/SHAGARI,FC/338/SO,15,AMINU SHEHU SHAGARI,MALE,PDP,24932,,Sokoto_YABO-SHAGARI.pdf
Sokoto,YABO/SHAGARI,FC/338/SO,16,USMAN ABDULLAHI DANAUTA,MALE,PPN,11,,Sokoto_YABO-SHAGARI.pdf
Sokoto,YABO/SHAGARI,FC/338/SO,17,SAHABI USMAN,MALE,PPP,13,,Sokoto_YABO-SHAGARI.pdf
Sokoto,YABO/SHAGARI,FC/338/SO,18,SHEHU ABUBAKAR,MALE,SDP,19,,Sokoto_YABO-SHAGARI.pdf
Sokoto,YABO/SHAGARI,FC/338/SO,19,ASIYA UMAR,FEMALE,SNP,4,,Sokoto_YABO-SHAGARI.pdf
Taraba,BALI/GASSOL,FC/340/TR,1,BELLO ABBAS,M,ACD,6,,Taraba_BALI-GASSOL.pdf
Taraba,BALI/GASSOL,FC/340/TR,2,HAMMAN-JULOE .G,M,APC,54739,,Taraba_BALI-GASSOL.pdf
Taraba,BALI/GASSOL,FC/340/TR,3,ALIYU ILIYASU,M,DA,10,,Taraba_BALI-GASSOL.pdf
Taraba,BALI/GASSOL,FC/340/TR,4,ZAKARI SULAIMAN,M,NRM,7,,Taraba_BALI-GASSOL.pdf
Taraba,BALI/GASSOL,FC/340/TR,5,ADAMU MAIKAFI,M,PDP,40050,,Taraba_BALI-GASSOL.pdf
Taraba,BALI/GASSOL,FC/340/TR,6,BALA ABDULKARIM,M,SDP,1152,,Taraba_BALI-GASSOL.pdf
Taraba,BALI/GASSOL,FC/340/TR,7,BALA KAMARUDEEN .Z,M,UDP,9874,,Taraba_BALI-GASSOL.pdf
Taraba,JALINGO/YORRO/ZING,FC/344/TR,1,AMINU IBRAHIM MALLE,M,APC,61077,DECLARED ELECTED,Taraba_JALINGO-YORRO.pdf
Taraba,JALINGO/YORRO/ZING,FC/344/TR,2,HASSAN BAPPA,M,PDP,51306,,Taraba_JALINGO-YORRO.pdf
Taraba,JALINGO/YORRO/ZING,FC/344/TR,3,NURU DANTSOHO,M,UDP,5887,,Taraba_JALINGO-YORRO.pdf
Taraba,JALINGO/YORRO/ZING,FC/344/TR,4,TAFIDA ALAMIN SULEIMAN,M,A,216,,Taraba_JALINGO-YORRO.pdf
Taraba,JALINGO/YORRO/ZING,FC/344/TR,5,RAUTA HABIBA INNOCENT,F,ACD,105,,Taraba_JALINGO-YORRO.pdf
Taraba,JALINGO/YORRO/ZING,FC/344/TR,6,ALMATI LEONARD WILSON,M,ACPN,8493,,Taraba_JALINGO-YORRO.pdf
Taraba,JALINGO/YORRO/ZING,FC/344/TR,7,UMAR MOHAMMED .M,M,ADC,198,,Taraba_JALINGO-YORRO.pdf
Taraba,JALINGO/YORRO/ZING,FC/344/TR,8,UMAR HUSMAN .Z,M,AGA,379,,Taraba_JALINGO-YORRO.pdf
Taraba,JALINGO/YORRO/ZING,FC/344/TR,9,YUSHAU ABUBAKAR,M,DA,29,,Taraba_JALINGO-YORRO.pdf
Taraba,JALINGO/YORRO/ZING,FC/344/TR,10,TELLA JOHN .D,M,JMPP,39,,Taraba_JALINGO-YORRO.pdf
Taraba,JALINGO/YORRO/ZING,FC/344/TR,11,GUBAI NICO,M,LP,31,,Taraba_JALINGO-YORRO.pdf
Taraba,JALINGO/YORRO/ZING,FC/344/TR,12,USMAN BABANGIDA,M,MRDD,18,,Taraba_JALINGO-YORRO.pdf
Taraba,JALINGO/YORRO/ZING,FC/344/TR,13,SANUSI .A. USMAN,M,NRM,3,,Taraba_JALINGO-YORRO.pdf
Taraba,JALINGO/YORRO/ZING,FC/344/TR,14,MAIBILE,M,PPA,255,,Taraba_JALINGO-YORRO.pdf
Taraba,JALINGO/YORRO/ZING,FC/344/TR,15,ABBI ABUBAKAR .A,M,SDP,6433,,Taraba_JALINGO-YORRO.pdf
Taraba,JALINGO/YORRO/ZING,FC/344/TR,16,BELLO .A ABBA,M,YDP,410,,Taraba_JALINGO-YORRO.pdf
Taraba,JALINGO/YORRO/ZING,FC/344/TR,17,SAMBO TUKUR IBRAHIM,M,YPP,85,,Taraba_JALINGO-YORRO.pdf
Taraba,KARIM LAMIDO/LAU/ARDO-KOLA,FC/345/TR,1,PATRICIA INNOCENT,F,ACD,19,,Taraba_KARIM-LAMIDO-LAU-ARDO-KOLA.pdf
Taraba,KARIM LAMIDO/LAU/ARDO-KOLA,FC/345/TR,2,JANGUS GOTONG .G,M,ACPN,39,,Taraba_KARIM-LAMIDO-LAU-ARDO-KOLA.pdf
Taraba,KARIM LAMIDO/LAU/ARDO-KOLA,FC/345/TR,3,MOHAMMED ARUNA .S,M,ANP,118,,Taraba_KARIM-LAMIDO-LAU-ARDO-KOLA.pdf
Taraba,KARIM LAMIDO/LAU/ARDO-KOLA,FC/345/TR,4,BELLO MOHAMMED KABIR,M,APC,54571,,Taraba_KARIM-LAMIDO-LAU-ARDO-KOLA.pdf
Taraba,KARIM LAMIDO/LAU/ARDO-KOLA,FC/345/TR,5,BILYA MOHAMMED,M,DA,24,,Taraba_KARIM-LAMIDO-LAU-ARDO-KOLA.pdf
Taraba,KARIM LAMIDO/LAU/ARDO-KOLA,FC/345/TR,6,MOHAMMED YUSUF .S,M,LP,8,,Taraba_KARIM-LAMIDO-LAU-ARDO-KOLA.pdf
Taraba,KARIM LAMIDO/LAU/ARDO-KOLA,FC/345/TR,7,MUSA MOHAMMED,M,NRM,7,,Taraba_KARIM-LAMIDO-LAU-ARDO-KOLA.pdf
Taraba,KARIM LAMIDO/LAU/ARDO-KOLA,FC/345/TR,8,DANLADI BAIDU TIJO,M,PDP,60848,DECLARED ELECTED,Taraba_KARIM-LAMIDO-LAU-ARDO-KOLA.pdf
Taraba,KARIM LAMIDO/LAU/ARDO-KOLA,FC/345/TR,9,ISA ADAMU .H,M,PPN,137,,Taraba_KARIM-LAMIDO-LAU-ARDO-KOLA.pdf
Taraba,KARIM LAMIDO/LAU/ARDO-KOLA,FC/345/TR,10,MISA MUHAMMED,M,SDP,1654,,Taraba_KARIM-LAMIDO-LAU-ARDO-KOLA.pdf
Taraba,KARIM LAMIDO/LAU/ARDO-KOLA,FC/345/TR,11,OTHANIEL STEPHEN .B,M,UDP,8349,,Taraba_KARIM-LAMIDO-LAU-ARDO-KOLA.pdf
Taraba,KARIM LAMIDO/LAU/ARDO-KOLA,FC/345/TR,12,ADAMU HASSAN MUHAMMED,M,YDP,656,,Taraba_KARIM-LAMIDO-LAU-ARDO-KOLA.pdf
Taraba,SAKDAUNA/KURMI/GASHABA,FC/342/TR,1,IBRAHIM JUBRIL MUHAMMED,M,ACD,55,,Taraba_SAKDAUNAK-KURMI.pdf
Taraba,SAKDAUNA/KURMI/GASHABA,FC/342/TR,2,TITUS LADI,F,AGA,84,,Taraba_SAKDAUNAK-KURMI.pdf
Taraba,SAKDAUNA/KURMI/GASHABA,FC/342/TR,3,ABUBAKAR ABDULLATEEF,M,APC,45137,,Taraba_SAKDAUNAK-KURMI.pdf
Taraba,SAKDAUNA/KURMI/GASHABA,FC/342/TR,4,TALADIMA BUBA,M,DPP,44,,Taraba_SAKDAUNAK-KURMI.pdf
Taraba,SAKDAUNA/KURMI/GASHABA,FC/342/TR,5,ABDULSALAM HABIBU .E,M,LP,17,,Taraba_SAKDAUNAK-KURMI.pdf
Taraba,SAKDAUNA/KURMI/GASHABA,FC/342/TR,6,PIUS ABEZ VIAH,M,NAC,13,,Taraba_SAKDAUNAK-KURMI.pdf
Taraba,SAKDAUNA/KURMI/GASHABA,FC/342/TR,7,DOGARA ISMAIL,M,NRM,13,,Taraba_SAKDAUNAK-KURMI.pdf
Taraba,SAKDAUNA/KURMI/GASHABA,FC/342/TR,8,DAVID .F. ABLE,M,PDP,63013,ELECTED,Taraba_SAKDAUNAK-KURMI.pdf
Taraba,SAKDAUNA/KURMI/GASHABA,FC/342/TR,9,LAWRENCE COMFORT,F,SDP,211,,Taraba_SAKDAUNAK-KURMI.pdf
Taraba,SAKDAUNA/KURMI/GASHABA,FC/342/TR,10,ABUBAKAR NDOTTUO,M,UDP,1551,,Taraba_SAKDAUNAK-KURMI.pdf
Taraba,SAKDAUNA/KURMI/GASHABA,FC/342/TR,11,GWI DANIEL JACOB,M,YPP,25,,Taraba_SAKDAUNAK-KURMI.pdf
Taraba,TAKUM/DONGA/USSA,FC/341/TR,1,ANDEMIN ADAMU,M,ACD,9,,Taraba_TAKUM-DONGA-USSA.pdf
Taraba,TAKUM/DONGA/USSA,FC/341/TR,2,KONDOM OBADIAH,M,ACPN,121,,Taraba_TAKUM-DONGA-USSA.pdf
Taraba,TAKUM/DONGA/USSA,FC/341/TR,3,GANIGHA YEBA,M,AGA,27,,Taraba_TAKUM-DONGA-USSA.pdf
Taraba,TAKUM/DONGA/USSA,FC/341/TR,4,ATTA ALEXANDER .M,M,APC,26015,,Taraba_TAKUM-DONGA-USSA.pdf
Taraba,TAKUM/DONGA/USSA,FC/341/TR,5,IBIBON TUTUWA E,M,APGA,2237,,Taraba_TAKUM-DONGA-USSA.pdf
Taraba,TAKUM/DONGA/USSA,FC/341/TR,6,GABBA JOSEPH UBANDOMA,M,APP,26,,Taraba_TAKUM-DONGA-USSA.pdf
Taraba,TAKUM/DONGA/USSA,FC/341/TR,7,SETH ANDE,M,LP,6,,Taraba_TAKUM-DONGA-USSA.pdf
Taraba,TAKUM/DONGA/USSA,FC/341/TR,8,ALI UMAR,M,NRM,5,,Taraba_TAKUM-DONGA-USSA.pdf
Taraba,TAKUM/DONGA/USSA,FC/341/TR,9,RIMAMNDE SHAWULU KWEWUM,M,PDP,73258,ELECTED,Taraba_TAKUM-DONGA-USSA.pdf
Taraba,TAKUM/DONGA/USSA,FC/341/TR,10,DAVID MOSES ARUNA,M,PPA,39,,Taraba_TAKUM-DONGA-USSA.pdf
Taraba,TAKUM/DONGA/USSA,FC/341/TR,11,MUSA MUSA IRARIMAM .F,M,PPN,10,,Taraba_TAKUM-DONGA-USSA.pdf
Taraba,TAKUM/DONGA/USSA,FC/341/TR,12,ADAMU SHEHU DANAZUMI,M,SDP,80,,Taraba_TAKUM-DONGA-USSA.pdf
Taraba,WUKARI/IBI,FC/343/FC,1,SALIHU ABUBAKAR .R,M,A,369,,Taraba_WUKARI-IBIIII.pdf
Taraba,WUKARI/IBI,FC/343/FC,2,HARUNA .A. YAKUBU,M,AA,22147,,Taraba_WUKARI-IBIIII.pdf
Taraba,WUKARI/IBI,FC/343/FC,3,NASIRU ZUBAIRU,M,ACD,71,,Taraba_WUKARI-IBIIII.pdf
Taraba,WUKARI/IBI,FC/343/FC,4,YAHYA HABILA,M,ACPN,14,,Taraba_WUKARI-IBIIII.pdf
Taraba,WUKARI/IBI,FC/343/FC,5,BAKO TONAH,M,ADP,10,,Taraba_WUKARI-IBIIII.pdf
Taraba,WUKARI/IBI,FC/343/FC,6,IRIMIYA SOLOMON .A,M,AGA,160,,Taraba_WUKARI-IBIIII.pdf
Taraba,WUKARI/IBI,FC/343/FC,7,SABO KENTE JOSIAH,M,APC,17522,,Taraba_WUKARI-IBIIII.pdf
Taraba,WUKARI/IBI,FC/343/FC,8,USMAN DANJUMA .S,M,APGA,39312,ELECTED,Taraba_WUKARI-IBIIII.pdf
Taraba,WUKARI/IBI,FC/343/FC,9,USMAN SULEIMAN,M,DA,4,,Taraba_WUKARI-IBIIII.pdf
Taraba,WUKARI/IBI,FC/343/FC,10,ABIYEMI SALIHU,M,DPP,27,,Taraba_WUKARI-IBIIII.pdf
Taraba,WUKARI/IBI,FC/343/FC,11,ALI MOHAMMED BELLO,M,LP,6,,Taraba_WUKARI-IBIIII.pdf
Taraba,WUKARI/IBI,FC/343/FC,12,GIDEON WUNJI ADDA,M,MAJA,2,,Taraba_WUKARI-IBIIII.pdf
Taraba,WUKARI/IBI,FC/343/FC,13,USMAN AJIYA ABBAS,M,NRM,716,,Taraba_WUKARI-IBIIII.pdf
Taraba,WUKARI/IBI,FC/343/FC,14,NAPHTALI KEFAS .A,M,PDP,24575,,Taraba_WUKARI-IBIIII.pdf
Taraba,WUKARI/IBI,FC/343/FC,.,HASSAN .K. IBRAHIM,M,PPA,42,,Taraba_WUKARI-IBIIII.pdf
Taraba,WUKARI/IBI,FC/343/FC,16,YAKUBU ISA INDA,M,PPN,68,,Taraba_WUKARI-IBIIII.pdf
Taraba,WUKARI/IBI,FC/343/FC,17,KISHIMA ABDULAZEEZ SULE,M,SDP,32,,Taraba_WUKARI-IBIIII.pdf
Taraba,WUKARI/IBI,FC/343/FC,18,GANI SULE ANGYO,M,UDP,3195,,Taraba_WUKARI-IBIIII.pdf
Taraba,WUKARI/IBI,FC/343/FC,19,ALIYU YUSUF .A,M,YDP,395,,Taraba_WUKARI-IBIIII.pdf
Taraba,WUKARI/IBI,FC/343/FC,20,BUBA ISA,M,YPP,22,,Taraba_WUKARI-IBIIII.pdf
Yobe,BADE/JAKUSKO,FC/346/YB,1,HON YAU ZM GALADIMA,MALE,APC,53066,DECLARED ELECTED,Yobe_BADE.JAKUSKO.pdf
Yobe,BADE/JAKUSKO,FC/346/YB,2,,,BNPP,133,,Yobe_BADE.JAKUSKO.pdf
Yobe,BADE/JAKUSKO,FC/346/YB,3,,,CNP,51,,Yobe_BADE.JAKUSKO.pdf
Yobe,BADE/JAKUSKO,FC/346/YB,4,,,DA,59,,Yobe_BADE.JAKUSKO.pdf
Yobe,BADE/JAKUSKO,FC/346/YB,5,,,MPN,281,,Yobe_BADE.JAKUSKO.pdf
Yobe,BADE/JAKUSKO,FC/346/YB,6,,,PDM,109,,Yobe_BADE.JAKUSKO.pdf
Yobe,BADE/JAKUSKO,FC/346/YB,7,MAL. HASSAN ALVINJAS,MALE,PDP,31155,,Yobe_BADE.JAKUSKO.pdf
Yobe,BADE/JAKUSKO,FC/346/YB,8,,,PPA,60,,Yobe_BADE.JAKUSKO.pdf
Yobe,BADE/JAKUSKO,FC/346/YB,9,,,SDP,69,,Yobe_BADE.JAKUSKO.pdf
Yobe,BADE/JAKUSKO,FC/346/YB,10,,,GDPM,24,,Yobe_BADE.JAKUSKO.pdf
Yobe,BADE/JAKUSKO,FC/346/YB,11,,,NPN,32,,Yobe_BADE.JAKUSKO.pdf
Yobe,BADE/JAKUSKO,FC/346/YB,12,,,BA,20,,Yobe_BADE.JAKUSKO.pdf
Yobe,BURSARI/GEIDAM/YUNUSARI,,1,LAWAN SHETTIMA ALI,MALE,APC,59823,DECLARED ELECTED,Yobe_BURSARI.GEIDAM.YUNUSARI.pdf
Yobe,BURSARI/GEIDAM/YUNUSARI,,2,ALHAJI HASSAN ABBA,MALE,PDP,7784,,Yobe_BURSARI.GEIDAM.YUNUSARI.pdf
Yobe,DAMATURU/GUJBA/GULANI/TARMUWA,FC/348/YB,1,KHADIJA BUKAR ABBA IBRAHIM,FEMALE,APC,78953,DECLARED ELECTED,Yobe_DAMATURU.GUJBA_.GULANI.TARMUWA.pdf
Yobe,DAMATURU/GUJBA/GULANI/TARMUWA,FC/348/YB,2,HABU ALHAJI BABAYO,MALE,PDP,10508,,Yobe_DAMATURU.GUJBA_.GULANI.TARMUWA.pdf
Yobe,FIKA/FUNE,FC/349/YB,1,ABUBAKAR YERIMA IDRISS,MALE,APC,64207,DECLARED ELECTED,Yobe_FIKA.FUNE_.pdf
Yobe,FIKA/FUNE,FC/349/YB,2,ZANIAB BONI HARUNA,FEMALE,PDP,35352,,Yobe_FIKA.FUNE_.pdf
Yobe,FIKA/FUNE,FC/349/YB,3,YAHAYA J. UMAR,MALE,BNPP,309,,Yobe_FIKA.FUNE_.pdf
Yobe,MACHINA/NGURU/YUSUFARI/KARASUWA,FC/350/YB,1,TIJJANI ZANNA ZAKARIYA,MALE,APC,86358,DECLARED ELECTED,Yobe_MACHINA.NGURU_.YUSUFARI.KARASUWA.pdf
Yobe,MACHINA/NGURU/YUSUFARI/KARASUWA,FC/350/YB,2,ALI GARBA,MALE,PDP,27145,,Yobe_MACHINA.NGURU_.YUSUFARI.KARASUWA.pdf
Yobe,NANGERE/POTISKUM,FC/351/YB,1,HON IBRAHIM UMAR POTISKUM,MALE,APC,61874,DECLARED ELECTED,Yobe_NANGERE.POTISKUM.pdf
Yobe,NANGERE/POTISKUM,FC/351/YB,2,HON SABO GARBA,MALE,PDP,39817,,Yobe_NANGERE.POTISKUM.pdf
Yobe,NANGERE/POTISKUM,FC/351/YB,3,HON SULAIMAN ADAKWAKI,MALE,SDP,5315,,Yobe_NANGERE.POTISKUM.pdf
Yobe,NANGERE/POTISKUM,FC/351/YB,4,HON ARI GISHWA,MALE,BNPP,1001,,Yobe_NANGERE.POTISKUM.pdf
Zamfara,ANKA / TALATA MAFARA,FC/356/ZF,1,MAFARA HUSSAINI ALIYU,MALE,A,2288,,Zamfara_ANKA-T.MAFARA-FC.pdf
Zamfara,ANKA / TALATA MAFARA,FC/356/ZF,2,ABDULRAHAMAN SHITTU,MALE,AD,74,,Zamfara_ANKA-T.MAFARA-FC.pdf
Zamfara,ANKA / TALATA MAFARA,FC/356/ZF,3,SHA'AYAU MUSA,MALE,ADC,104,,Zamfara_ANKA-T.MAFARA-FC.pdf
Zamfara,ANKA / TALATA MAFARA,FC/356/ZF,4,YUSUF MOHAMMED,MALE,AGAP,51,,Zamfara_ANKA-T.MAFARA-FC.pdf
Zamfara,ANKA / TALATA MAFARA,FC/356/ZF,5,SHARU AHMAD ANKA,MALE,APC,0,,Zamfara_ANKA-T.MAFARA-FC.pdf
Zamfara,ANKA / TALATA MAFARA,FC/356/ZF,6,MURTALA ADAMU,MALE,APDA,2178,,Zamfara_ANKA-T.MAFARA-FC.pdf
Zamfara,ANKA / TALATA MAFARA,FC/356/ZF,7,BELLO ISA,MALE,APGA,346,,Zamfara_ANKA-T.MAFARA-FC.pdf
Zamfara,ANKA / TALATA MAFARA,FC/356/ZF,8,SALISU HAMISU,MALE,APP,7,,Zamfara_ANKA-T.MAFARA-FC.pdf
Zamfara,ANKA / TALATA MAFARA,FC/356/ZF,9,ALIYU ILIYASU,MALE,DA,5,,Zamfara_ANKA-T.MAFARA-FC.pdf
Zamfara,ANKA / TALATA MAFARA,FC/356/ZF,10,SANI MUSTAPHA,MALE,DPP,85,,Zamfara_ANKA-T.MAFARA-FC.pdf
Zamfara,ANKA / TALATA MAFARA,FC/356/ZF,11,LAWALI HAMISU,MALE,GPN,18,,Zamfara_ANKA-T.MAFARA-FC.pdf
Zamfara,ANKA / TALATA MAFARA,FC/356/ZF,12,ABDULKARIM ABUBAKAR MUKTAR,MALE,NRM,2357,,Zamfara_ANKA-T.MAFARA-FC.pdf
Zamfara,ANKA / TALATA MAFARA,FC/356/ZF,13,KABIRU YAHAYA,MALE,PDP,17442,Elected (As per S/Court Decision),Zamfara_ANKA-T.MAFARA-FC.pdf
Zamfara,ANKA / TALATA MAFARA,FC/356/ZF,14,MOHAMMED RUFAI,MALE,PPN,36,,Zamfara_ANKA-T.MAFARA-FC.pdf
Zamfara,ANKA / TALATA MAFARA,FC/356/ZF,15,ABUBAKAR ABDULLAHI,MALE,SDP,12,,Zamfara_ANKA-T.MAFARA-FC.pdf
Zamfara,ANKA / TALATA MAFARA,FC/356/ZF,16,MOHAMMED ANKA MANNIR,MALE,UPC,0,,Zamfara_ANKA-T.MAFARA-FC.pdf
Zamfara,BAKURA / MARADUN,FC/357/ZF,1,ALIYU SANUSI,MALE,A,2679,,Zamfara_BAKURA-MARADUN-FC.pdf
Zamfara,BAKURA / MARADUN,FC/357/ZF,2,MUHAMMED NURUDEEN ATIKU,MALE,ABP,0,,Zamfara_BAKURA-MARADUN-FC.pdf
Zamfara,BAKURA / MARADUN,FC/357/ZF,3,MUHAMMED SALISU MARADAN,MALE,ACD,0,,Zamfara_BAKURA-MARADUN-FC.pdf
Zamfara,BAKURA / MARADUN,FC/357/ZF,4,UMMARU JIBO,MALE,ADC,0,,Zamfara_BAKURA-MARADUN-FC.pdf
Zamfara,BAKURA / MARADUN,FC/357/ZF,5,ALIYU HALILU,MALE,AGAP,0,,Zamfara_BAKURA-MARADUN-FC.pdf
Zamfara,BAKURA / MARADUN,FC/357/ZF,6,MUHAMMAD MUTTAKA RINI,MALE,APC,0,,Zamfara_BAKURA-MARADUN-FC.pdf
Zamfara,BAKURA / MARADUN,FC/357/ZF,7,ALIYU SANUSI MARADURI,MALE,APDA,0,,Zamfara_BAKURA-MARADUN-FC.pdf
Zamfara,BAKURA / MARADUN,FC/357/ZF,8,SALEH NAZIBU,MALE,APGA,274,,Zamfara_BAKURA-MARADUN-FC.pdf
Zamfara,BAKURA / MARADUN,FC/357/ZF,9,KABIRU ALIYU,MALE,APP,0,,Zamfara_BAKURA-MARADUN-FC.pdf
Zamfara,BAKURA / MARADUN,FC/357/ZF,10,RABIU ALI,MALE,DA,0,,Zamfara_BAKURA-MARADUN-FC.pdf
Zamfara,BAKURA / MARADUN,FC/357/ZF,11,SUFIYANU MUHAMMAD,MALE,DPP,0,,Zamfara_BAKURA-MARADUN-FC.pdf
Zamfara,BAKURA / MARADUN,FC/357/ZF,12,KABIRU ALIYU,MALE,GPN,0,,Zamfara_BAKURA-MARADUN-FC.pdf
Zamfara,BAKURA / MARADUN,FC/357/ZF,13,MAINASARA JABIR,MALE,NRM,2049,,Zamfara_BAKURA-MARADUN-FC.pdf
Zamfara,BAKURA / MARADUN,FC/357/ZF,14,AHMED MUHAMMAD BAKURA,MALE,PDP,27240,Elected (As per S/Court Decision),Zamfara_BAKURA-MARADUN-FC.pdf
Zamfara,BAKURA / MARADUN,FC/357/ZF,15,KAYA HASSAN S.,MALE,PPN,0,,Zamfara_BAKURA-MARADUN-FC.pdf
Zamfara,BAKURA / MARADUN,FC/357/ZF,16,MOHAMMED KABIRU MARADUN,MALE,UPC,0,,Zamfara_BAKURA-MARADUN-FC.pdf
Zamfara,BUNGUDU / MARU,FC/355/ZF,1,BELLO SANI,MALE,A,12643,,Zamfara_BUNGUDU-MARU.pdf
Zamfara,BUNGUDU / MARU,FC/355/ZF,2,ABUBAKAR HASSAN,MALE,ADC,207,,Zamfara_BUNGUDU-MARU.pdf
Zamfara,BUNGUDU / MARU,FC/355/ZF,3,ZUBAIRU ABDULMALIK BUNGUDU,MALE,APC,0,,Zamfara_BUNGUDU-MARU.pdf
Zamfara,BUNGUDU / MARU,FC/355/ZF,4,MUSTAPHA ALIYU BUNGUDU,MALE,APDA,155,,Zamfara_BUNGUDU-MARU.pdf
Zamfara,BUNGUDU / MARU,FC/355/ZF,5,ABUBAKAR SANUSI,MALE,APGA,522,,Zamfara_BUNGUDU-MARU.pdf
Zamfara,BUNGUDU / MARU,FC/355/ZF,6,MUHAMMAD MUSA,MALE,APP,44,,Zamfara_BUNGUDU-MARU.pdf
Zamfara,BUNGUDU / MARU,FC/355/ZF,7,SHEHU MUHAMMED MAISHANU,MALE,GPN,1485,,Zamfara_BUNGUDU-MARU.pdf
Zamfara,BUNGUDU / MARU,FC/355/ZF,8,JAMILU LAWALI,MALE,HDP,14,,Zamfara_BUNGUDU-MARU.pdf
Zamfara,BUNGUDU / MARU,FC/355/ZF,9,BALA MOHAMMED DANSADU,MALE,NRM,5349,,Zamfara_BUNGUDU-MARU.pdf
Zamfara,BUNGUDU / MARU,FC/355/ZF,10,SHEHU AHMED,MALE,PDP,17062,Elected (As per S/Court Decision),Zamfara_BUNGUDU-MARU.pdf
Zamfara,BUNGUDU / MARU,FC/355/ZF,11,DANSADAU MUHAMMAD DODO,MALE,PPN,46,,Zamfara_BUNGUDU-MARU.pdf
Zamfara,BUNGUDU / MARU,FC/355/ZF,12,NAFIU AMINU,MALE,PRP,164,,Zamfara_BUNGUDU-MARU.pdf
Zamfara,BUNGUDU / MARU,FC/355/ZF,13,UMAR SAMINU,MALE,UPC,36,,Zamfara_BUNGUDU-MARU.pdf
Zamfara,GUMMI / BUKKUYUM,FC/358/ZF,1,GUMMI ALIYU HASSAN,MALE,A,4743,,Zamfara_GUMMI-BUKK-FC.pdf
Zamfara,GUMMI / BUKKUYUM,FC/358/ZF,2,BILYAMINU SULIAMAN,MALE,ABP,8,,Zamfara_GUMMI-BUKK-FC.pdf
Zamfara,GUMMI / BUKKUYUM,FC/358/ZF,3,SANI BUNGUDU,MALE,ACD,67,,Zamfara_GUMMI-BUKK-FC.pdf
Zamfara,GUMMI / BUKKUYUM,FC/358/ZF,4,ALIYU A. ABDULLAHI,MALE,AGAP,38,,Zamfara_GUMMI-BUKK-FC.pdf
Zamfara,GUMMI / BUKKUYUM,FC/358/ZF,5,BUKKUYUM UMARU JIBO,MALE,APC,0,,Zamfara_GUMMI-BUKK-FC.pdf
Zamfara,GUMMI / BUKKUYUM,FC/358/ZF,6,SALA SURAJO,MALE,APDA,120,,Zamfara_GUMMI-BUKK-FC.pdf
Zamfara,GUMMI / BUKKUYUM,FC/358/ZF,7,GARBA RAYYANU,MALE,APGA,130,,Zamfara_GUMMI-BUKK-FC.pdf
Zamfara,GUMMI / BUKKUYUM,FC/358/ZF,8,HAMIDU MUHAMMED GWAMNA,MALE,APP,31,,Zamfara_GUMMI-BUKK-FC.pdf
Zamfara,GUMMI / BUKKUYUM,FC/358/ZF,9,ALIYU SIDI BUKKUYUM,MALE,GPN,12,,Zamfara_GUMMI-BUKK-FC.pdf
Zamfara,GUMMI / BUKKUYUM,FC/358/ZF,10,UMAR MURTALA,MALE,NRM,2066,,Zamfara_GUMMI-BUKK-FC.pdf
Zamfara,GUMMI / BUKKUYUM,FC/358/ZF,11,SULAIMAN ABUBAKAR GUMI,MALE,PDP,23095,Elected (As per S/Court Decision),Zamfara_GUMMI-BUKK-FC.pdf
Zamfara,GUMMI / BUKKUYUM,FC/358/ZF,12,LUMU MOHAMMED SANI,MALE,PPN,53,,Zamfara_GUMMI-BUKK-FC.pdf
Zamfara,GUMMI / BUKKUYUM,FC/358/ZF,13,AMINU MOHAMMED,MALE,UPC,8,,Zamfara_GUMMI-BUKK-FC.pdf
Zamfara,GUMMI / BUKKUYUM,FC/358/ZF,14,ABUBAKAR A. ABUBAKAR,MALE,UPP,17,,Zamfara_GUMMI-BUKK-FC.pdf
Zamfara,GUSAU / TSAFE,FC/354/ZF,1,ABDULLAHI ABUBAKAR,MALE,A,22217,,Zamfara_GUSAU-TSAFE.pdf
Zamfara,GUSAU / TSAFE,FC/354/ZF,2,NASIRU IBRAHIM GUSAU,MALE,ABP,69,,Zamfara_GUSAU-TSAFE.pdf
Zamfara,GUSAU / TSAFE,FC/354/ZF,3,ALIYU YASIR WADA,MALE,ACD,0,,Zamfara_GUSAU-TSAFE.pdf
Zamfara,GUSAU / TSAFE,FC/354/ZF,4,MUAZU IDRIS,MALE,AD,22,,Zamfara_GUSAU-TSAFE.pdf
Zamfara,GUSAU / TSAFE,FC/354/ZF,5,ILIYASU ABDURAHMAN,MALE,ADC,177,,Zamfara_GUSAU-TSAFE.pdf
Zamfara,GUSAU / TSAFE,FC/354/ZF,6,TALATU LAWAL,MALE,AGAP,136,,Zamfara_GUSAU-TSAFE.pdf
Zamfara,GUSAU / TSAFE,FC/354/ZF,7,RIKIJI SANUSI GARBA,MALE,APC,0,,Zamfara_GUSAU-TSAFE.pdf
Zamfara,GUSAU / TSAFE,FC/354/ZF,8,ABDULLAHI MOHAMMED MAIWADA,MALE,APGA,1200,,Zamfara_GUSAU-TSAFE.pdf
Zamfara,GUSAU / TSAFE,FC/354/ZF,9,AMINU MUHAMMED J.,MALE,APP,39,,Zamfara_GUSAU-TSAFE.pdf
Zamfara,GUSAU / TSAFE,FC/354/ZF,10,SULEIMAN ALIYU,MALE,CAP,9,,Zamfara_GUSAU-TSAFE.pdf
Zamfara,GUSAU / TSAFE,FC/354/ZF,11,LAWAL MUSTAPHA,MALE,DPC,70,,Zamfara_GUSAU-TSAFE.pdf
Zamfara,GUSAU / TSAFE,FC/354/ZF,12,USMAN MURTALA,MALE,DPP,274,,Zamfara_GUSAU-TSAFE.pdf
Zamfara,GUSAU / TSAFE,FC/354/ZF,13,SULEMAN MUHAMMAD MAGAJI,MALE,FJP,62,,Zamfara_GUSAU-TSAFE.pdf
Zamfara,GUSAU / TSAFE,FC/354/ZF,14,ABDULRAHAMAN ABUBAKAR,MALE,GPN,25,,Zamfara_GUSAU-TSAFE.pdf
Zamfara,GUSAU / TSAFE,FC/354/ZF,15,MUHAMMAD K. ABDULRAHMAN,MALE,HDP,0,,Zamfara_GUSAU-TSAFE.pdf
Zamfara,GUSAU / TSAFE,FC/354/ZF,16,SABO ABDULKADIR,MALE,MPN,43,,Zamfara_GUSAU-TSAFE.pdf
Zamfara,GUSAU / TSAFE,FC/354/ZF,17,MAJEGA ILIYASU BAHARI,MALE,NRM,4713,,Zamfara_GUSAU-TSAFE.pdf
Zamfara,GUSAU / TSAFE,FC/354/ZF,18,KABIRU AMADU,MALE,PDP,35533,Elected (As per S/Court Decision),Zamfara_GUSAU-TSAFE.pdf
Zamfara,GUSAU / TSAFE,FC/354/ZF,19,UMAR MUSTAPHA,MALE,PPN,0,,Zamfara_GUSAU-TSAFE.pdf
Zamfara,GUSAU / TSAFE,FC/354/ZF,20,MUKHTAR MUHAMMED,MALE,PRP,31,,Zamfara_GUSAU-TSAFE.pdf
Zamfara,GUSAU / TSAFE,FC/354/ZF,21,HADI A. ADAMU,MALE,RBPN,2,,Zamfara_GUSAU-TSAFE.pdf
Zamfara,GUSAU / TSAFE,FC/354/ZF,22,SANI UMAR,MALE,SDP,6,,Zamfara_GUSAU-TSAFE.pdf
Zamfara,GUSAU / TSAFE,FC/354/ZF,23,ABDULLAHI MIKDAT,MALE,UPC,0,,Zamfara_GUSAU-TSAFE.pdf
Zamfara,GUSAU / TSAFE,FC/354/ZF,24,ABUBAKAR LAWALI,MALE,UPP,2,,Zamfara_GUSAU-TSAFE.pdf
Zamfara,GUSAU / TSAFE,FC/354/ZF,25,HAMBALI SANI,MALE,YPP,87,,Zamfara_GUSAU-TSAFE.pdf
Zamfara,KAURA NAMODA / BIRNIN MAGAJI,FC/352/ZF,1,ISSAU INUSA,MALE,A,0,,Zamfara_K.NAMODA-B.-MAGAJI.pdf
Zamfara,KAURA NAMODA / BIRNIN MAGAJI,FC/352/ZF,2,ALIYU TUKUR,MALE,ACD,0,,Zamfara_K.NAMODA-B.-MAGAJI.pdf
Zamfara,KAURA NAMODA / BIRNIN MAGAJI,FC/352/ZF,3,TASIU DAHIRU,MALE,ACPN,0,,Zamfara_K.NAMODA-B.-MAGAJI.pdf
Zamfara,KAURA NAMODA / BIRNIN MAGAJI,FC/352/ZF,4,HAMISU RABIU,MALE,ADC,0,,Zamfara_K.NAMODA-B.-MAGAJI.pdf
Zamfara,KAURA NAMODA / BIRNIN MAGAJI,FC/352/ZF,5,IBRAHIM HAMISU,MALE,AGAP,0,,Zamfara_K.NAMODA-B.-MAGAJI.pdf
Zamfara,KAURA NAMODA / BIRNIN MAGAJI,FC/352/ZF,6,MUHAMMAD IBRAHIM BIRNIN- MAGAJI,MALE,APC,0,,Zamfara_K.NAMODA-B.-MAGAJI.pdf
Zamfara,KAURA NAMODA / BIRNIN MAGAJI,FC/352/ZF,7,ALIYU ATIKU A,MALE,APDA,0,,Zamfara_K.NAMODA-B.-MAGAJI.pdf
Zamfara,KAURA NAMODA / BIRNIN MAGAJI,FC/352/ZF,8,AHMAD RABIU,MALE,APGA,430,,Zamfara_K.NAMODA-B.-MAGAJI.pdf
Zamfara,KAURA NAMODA / BIRNIN MAGAJI,FC/352/ZF,9,BAYERO SULAIMAN,MALE,APP,3,,Zamfara_K.NAMODA-B.-MAGAJI.pdf
Zamfara,KAURA NAMODA / BIRNIN MAGAJI,FC/352/ZF,10,MOHAMMED BELLO YAU,MALE,BNPP,0,,Zamfara_K.NAMODA-B.-MAGAJI.pdf
Zamfara,KAURA NAMODA / BIRNIN MAGAJI,FC/352/ZF,11,ABUBAKAR RILWANU,MALE,C4C,0,,Zamfara_K.NAMODA-B.-MAGAJI.pdf
Zamfara,KAURA NAMODA / BIRNIN MAGAJI,FC/352/ZF,12,BABANGIDA GARBA,MALE,CAP,0,,Zamfara_K.NAMODA-B.-MAGAJI.pdf
Zamfara,KAURA NAMODA / BIRNIN MAGAJI,FC/352/ZF,13,ABDULLAHI LAWALI,MALE,DPP,0,,Zamfara_K.NAMODA-B.-MAGAJI.pdf
Zamfara,KAURA NAMODA / BIRNIN MAGAJI,FC/352/ZF,14,BAYARO SULAIMAN,MALE,GPN,0,,Zamfara_K.NAMODA-B.-MAGAJI.pdf
Zamfara,KAURA NAMODA / BIRNIN MAGAJI,FC/352/ZF,15,AMINU ISAH SAKAJIKI,MALE,NRM,1383,,Zamfara_K.NAMODA-B.-MAGAJI.pdf
Zamfara,KAURA NAMODA / BIRNIN MAGAJI,FC/352/ZF,16,UMAR SANI DAN-GALADIMA,MALE,PDP,23672,Elected (As per S/Court Decision),Zamfara_K.NAMODA-B.-MAGAJI.pdf
Zamfara,KAURA NAMODA / BIRNIN MAGAJI,FC/352/ZF,17,MOHAMMED NASIRU,MALE,PPN,0,,Zamfara_K.NAMODA-B.-MAGAJI.pdf
Zamfara,KAURA NAMODA / BIRNIN MAGAJI,FC/352/ZF,18,GADO NASIRU,MALE,SDP,0,,Zamfara_K.NAMODA-B.-MAGAJI.pdf
Zamfara,KAURA NAMODA / BIRNIN MAGAJI,FC/352/ZF,19,MAKWASHI ABBAS,MALE,UPC,0,,Zamfara_K.NAMODA-B.-MAGAJI.pdf
Zamfara,KAURA NAMODA / BIRNIN MAGAJI,FC/352/ZF,20,ALIYU DAHIRU,MALE,UPP,0,,Zamfara_K.NAMODA-B.-MAGAJI.pdf
Zamfara,SHINKAFI / ZURMI,FC/353/ZF,1,ATIKU ABUBAKAR,MALE,A,1538,,Zamfara_SHINKAFI-ZURMI-FC.pdf
Zamfara,SHINKAFI / ZURMI,FC/353/ZF,2,MUBARAK A. BELLO,MALE,ABP,10,,Zamfara_SHINKAFI-ZURMI-FC.pdf
Zamfara,SHINKAFI / ZURMI,FC/353/ZF,3,SHEHU ABDULLAHI,MALE,ACD,182,,Zamfara_SHINKAFI-ZURMI-FC.pdf
Zamfara,SHINKAFI / ZURMI,FC/353/ZF,4,BATURE MUHAMMAD,MALE,ADC,33,,Zamfara_SHINKAFI-ZURMI-FC.pdf
Zamfara,SHINKAFI / ZURMI,FC/353/ZF,5,ABDULRAHMAN AHMED DANGALADIMA,MALE,AGAP,41,,Zamfara_SHINKAFI-ZURMI-FC.pdf
Zamfara,SHINKAFI / ZURMI,FC/353/ZF,6,HUSAINI ABUBAKAR MORIKI,MALE,APC,0,,Zamfara_SHINKAFI-ZURMI-FC.pdf
Zamfara,SHINKAFI / ZURMI,FC/353/ZF,7,AHAMED JAFARU,MALE,APDA,170,,Zamfara_SHINKAFI-ZURMI-FC.pdf
Zamfara,SHINKAFI / ZURMI,FC/353/ZF,8,JIBRIL ALIYU GURA GURI,MALE,APGA,3231,,Zamfara_SHINKAFI-ZURMI-FC.pdf
Zamfara,SHINKAFI / ZURMI,FC/353/ZF,9,YUSUF MUSTAPHA MOHAMMED,MALE,APP,23,,Zamfara_SHINKAFI-ZURMI-FC.pdf
Zamfara,SHINKAFI / ZURMI,FC/353/ZF,10,YAKUBU ADAMU BADARAWA,MALE,GPN,6,,Zamfara_SHINKAFI-ZURMI-FC.pdf
Zamfara,SHINKAFI / ZURMI,FC/353/ZF,11,IDRIS GALADI BELLO,MALE,NRM,3013,,Zamfara_SHINKAFI-ZURMI-FC.pdf
Zamfara,SHINKAFI / ZURMI,FC/353/ZF,12,BELLO HASSAN SHINKAFI,MALE,PDP,16638,Elected (As per S/Court Decision),Zamfara_SHINKAFI-ZURMI-FC.pdf
Zamfara,SHINKAFI / ZURMI,FC/353/ZF,13,SHINKAFI NURA USMAN,MALE,PPN,43,,Zamfara_SHINKAFI-ZURMI-FC.pdf
Zamfara,SHINKAFI / ZURMI,FC/353/ZF,14,ABUBAKAR ISAH,MALE,PRP,107,,Zamfara_SHINKAFI-ZURMI-FC.pdf
Zamfara,SHINKAFI / ZURMI,FC/353/ZF,15,ASHIRU IBRAHIM,MALE,UPC,5,,Zamfara_SHINKAFI-ZURMI-FC.pdf
